Timestamp,Hour_Sin,Hour_Cos,Source,Target,Latency_ms,CPU_Usage,Mem_Usage,Users,Status
1779116763.8799193,-0.2588,-0.9659,app,self,344.47,43.19,41.66,180,OK
1779116764.1892505,-0.2588,-0.9659,svc1,self,303.19,38.97,39.31,180,OK
1779116764.511692,-0.2588,-0.9659,svc2,self,317.01,40.37,40.09,180,OK
1779116764.779737,-0.2588,-0.9659,svc3,self,261.86,34.74,36.95,180,OK
1779116764.783544,-0.2588,-0.9659,svc2,svc3,268.53,40.37,40.09,180,OK
1779116764.7879515,-0.2588,-0.9659,svc1,svc2,596.35,38.97,39.31,180,OK
1779116764.7925038,-0.2588,-0.9659,app,svc1,909.78,43.19,41.66,180,OK
1779116765.1163878,-0.2588,-0.9659,svc2,self,316.93,40.37,40.09,180,OK
1779116765.3834405,-0.2588,-0.9659,svc3,self,261.87,34.74,36.95,180,OK
1779116765.3872747,-0.2588,-0.9659,svc2,svc3,268.37,40.37,40.09,180,OK
1779116765.3910782,-0.2588,-0.9659,app,svc2,595.34,43.19,41.66,180,OK
1779116765.658401,-0.2588,-0.9659,svc3,self,261.83,34.74,36.95,180,OK
1779116765.6627128,-0.2588,-0.9659,app,svc3,269.11,43.19,41.66,180,OK
1779116766.013709,-0.2588,-0.9659,app,self,344.49,43.19,41.66,180,OK
1779116766.322494,-0.2588,-0.9659,svc1,self,303.18,38.97,39.31,180,OK
1779116766.6446905,-0.2588,-0.9659,svc2,self,316.96,40.37,40.09,180,OK
1779116766.9126348,-0.2588,-0.9659,svc3,self,261.87,34.74,36.95,180,OK
1779116766.9171035,-0.2588,-0.9659,svc2,svc3,269.39,40.37,40.09,180,OK
1779116766.9218814,-0.2588,-0.9659,svc1,svc2,597.14,38.97,39.31,180,OK
1779116766.9261446,-0.2588,-0.9659,app,svc1,910.30,43.19,41.66,180,OK
1779116767.24854,-0.2588,-0.9659,svc2,self,316.93,40.37,40.09,180,OK
1779116767.5154817,-0.2588,-0.9659,svc3,self,261.89,34.74,36.95,180,OK
1779116767.5193212,-0.2588,-0.9659,svc2,svc3,268.38,40.37,40.09,180,OK
1779116767.5232203,-0.2588,-0.9659,app,svc2,594.59,43.19,41.66,180,OK
1779116767.7897055,-0.2588,-0.9659,svc3,self,261.88,34.74,36.95,180,OK
1779116767.7943385,-0.2588,-0.9659,app,svc3,269.07,43.19,41.66,180,OK
1779116770.1458435,-0.2588,-0.9659,app,self,344.44,43.19,41.66,180,OK
1779116770.4542077,-0.2588,-0.9659,svc1,self,303.16,38.97,39.31,180,OK
1779116770.7802525,-0.2588,-0.9659,svc2,self,316.91,40.37,40.09,180,OK
1779116771.0472238,-0.2588,-0.9659,svc3,self,261.80,34.74,36.95,180,OK
1779116771.050643,-0.2588,-0.9659,svc2,svc3,268.08,40.37,40.09,180,OK
1779116771.0543501,-0.2588,-0.9659,svc1,svc2,595.13,38.97,39.31,180,OK
1779116771.0582464,-0.2588,-0.9659,app,svc1,910.00,43.19,41.66,180,OK
1779116771.3805146,-0.2588,-0.9659,svc2,self,316.91,40.37,40.09,180,OK
1779116771.6473217,-0.2588,-0.9659,svc3,self,261.81,34.74,36.95,180,OK
1779116771.6515298,-0.2588,-0.9659,svc2,svc3,268.87,40.37,40.09,180,OK
1779116771.6554563,-0.2588,-0.9659,app,svc2,594.88,43.19,41.66,180,OK
1779116771.92224,-0.2588,-0.9659,svc3,self,261.84,34.74,36.95,180,OK
1779116771.9258668,-0.2588,-0.9659,app,svc3,268.08,43.19,41.66,180,OK
1779116772.278461,-0.2588,-0.9659,app,self,344.45,43.19,41.66,180,OK
1779116772.5867932,-0.2588,-0.9659,svc1,self,303.32,38.97,39.31,180,OK
1779116772.909328,-0.2588,-0.9659,svc2,self,316.89,40.37,40.09,180,OK
1779116773.1769905,-0.2588,-0.9659,svc3,self,261.82,34.74,36.95,180,OK
1779116773.1819935,-0.2588,-0.9659,svc2,svc3,269.74,40.37,40.09,180,OK
1779116773.1859827,-0.2588,-0.9659,svc1,svc2,596.49,38.97,39.31,180,OK
1779116773.1900241,-0.2588,-0.9659,app,svc1,909.33,43.19,41.66,180,OK
1779116773.5122461,-0.2588,-0.9659,svc2,self,316.94,40.37,40.09,180,OK
1779116773.7799628,-0.2588,-0.9659,svc3,self,261.82,34.74,36.95,180,OK
1779116773.786134,-0.2588,-0.9659,svc2,svc3,270.81,40.37,40.09,180,OK
1779116773.793469,-0.2588,-0.9659,app,svc2,601.02,43.19,41.66,180,OK
1779116774.0672529,-0.2588,-0.9659,svc3,self,261.84,34.74,36.95,180,OK
1779116774.0712252,-0.2588,-0.9659,app,svc3,270.80,43.19,41.66,180,OK
1779116776.4238741,-0.2588,-0.9659,app,self,344.44,43.19,41.66,180,OK
1779116776.7327206,-0.2588,-0.9659,svc1,self,303.11,38.97,39.31,180,OK
1779116777.0548415,-0.2588,-0.9659,svc2,self,316.93,40.37,40.09,180,OK
1779116777.3219037,-0.2588,-0.9659,svc3,self,261.77,34.74,36.95,180,OK
1779116777.325131,-0.2588,-0.9659,svc2,svc3,267.41,40.37,40.09,180,OK
1779116777.3296444,-0.2588,-0.9659,svc1,svc2,594.54,38.97,39.31,180,OK
1779116777.33416,-0.2588,-0.9659,app,svc1,907.49,43.19,41.66,180,OK
1779116777.656103,-0.2588,-0.9659,svc2,self,316.98,40.37,40.09,180,OK
1779116777.9241455,-0.2588,-0.9659,svc3,self,262.38,34.74,36.95,180,OK
1779116777.9280078,-0.2588,-0.9659,svc2,svc3,268.95,40.37,40.09,180,OK
1779116777.9321976,-0.2588,-0.9659,app,svc2,595.46,43.19,41.66,180,OK
1779116778.1988342,-0.2588,-0.9659,svc3,self,261.86,34.74,36.95,180,OK
1779116778.2035577,-0.2588,-0.9659,app,svc3,269.00,43.19,41.66,180,OK
1779116778.5564861,-0.2588,-0.9659,app,self,344.56,43.19,41.66,180,OK
1779116778.8666728,-0.2588,-0.9659,svc1,self,303.21,38.97,39.31,180,OK
1779116779.1889017,-0.2588,-0.9659,svc2,self,317.14,40.37,40.09,180,OK
1779116779.4555562,-0.2588,-0.9659,svc3,self,261.80,34.74,36.95,180,OK
1779116779.4593742,-0.2588,-0.9659,svc2,svc3,268.54,40.37,40.09,180,OK
1779116779.4650714,-0.2588,-0.9659,svc1,svc2,596.06,38.97,39.31,180,OK
1779116779.4696167,-0.2588,-0.9659,app,svc1,910.85,43.19,41.66,180,OK
1779116779.792393,-0.2588,-0.9659,svc2,self,316.91,40.37,40.09,180,OK
1779116780.0601933,-0.2588,-0.9659,svc3,self,261.92,34.74,36.95,180,OK
1779116780.064812,-0.2588,-0.9659,svc2,svc3,269.30,40.37,40.09,180,OK
1779116780.068573,-0.2588,-0.9659,app,svc2,595.95,43.19,41.66,180,OK
1779116780.3351116,-0.2588,-0.9659,svc3,self,261.84,34.74,36.95,180,OK
1779116780.339372,-0.2588,-0.9659,app,svc3,268.57,43.19,41.66,180,OK
1779116782.6912243,-0.2588,-0.9659,app,self,344.45,43.19,41.66,180,OK
1779116783.0000932,-0.2588,-0.9659,svc1,self,303.15,38.97,39.31,180,OK
1779116783.3320632,-0.2588,-0.9659,svc2,self,316.93,40.37,40.09,180,OK
1779116783.601658,-0.2588,-0.9659,svc3,self,261.83,34.74,36.95,180,OK
1779116783.6056986,-0.2588,-0.9659,svc2,svc3,270.04,40.37,40.09,180,OK
1779116783.6100774,-0.2588,-0.9659,svc1,svc2,599.57,38.97,39.31,180,OK
1779116783.6162148,-0.2588,-0.9659,app,svc1,922.81,43.19,41.66,180,OK
1779116783.9401436,-0.2588,-0.9659,svc2,self,316.93,40.37,40.09,180,OK
1779116784.207745,-0.2588,-0.9659,svc3,self,261.83,34.74,36.95,180,OK
1779116784.2157142,-0.2588,-0.9659,svc2,svc3,273.13,40.37,40.09,180,OK
1779116784.21966,-0.2588,-0.9659,app,svc2,600.08,43.19,41.66,180,OK
1779116784.4863858,-0.2588,-0.9659,svc3,self,261.85,34.74,36.95,180,OK
1779116784.4906766,-0.2588,-0.9659,app,svc3,268.72,43.19,41.66,180,OK
1779116784.8430314,-0.2588,-0.9659,app,self,344.48,43.19,41.66,180,OK
1779116785.1525419,-0.2588,-0.9659,svc1,self,303.12,38.97,39.31,180,OK
1779116785.4745014,-0.2588,-0.9659,svc2,self,316.92,40.37,40.09,180,OK
1779116785.7418458,-0.2588,-0.9659,svc3,self,261.82,34.74,36.95,180,OK
1779116785.7464585,-0.2588,-0.9659,svc2,svc3,269.47,40.37,40.09,180,OK
1779116785.7509737,-0.2588,-0.9659,svc1,svc2,596.16,38.97,39.31,180,OK
1779116785.7552645,-0.2588,-0.9659,app,svc1,908.46,43.19,41.66,180,OK
1779116786.0781043,-0.2588,-0.9659,svc2,self,316.95,40.37,40.09,180,OK
1779116786.3464677,-0.2588,-0.9659,svc3,self,261.82,34.74,36.95,180,OK
1779116786.3497286,-0.2588,-0.9659,svc2,svc3,268.10,40.37,40.09,180,OK
1779116786.3533099,-0.2588,-0.9659,app,svc2,595.37,43.19,41.66,180,OK
1779116786.6198988,-0.2588,-0.9659,svc3,self,261.83,34.74,36.95,180,OK
1779116786.6231673,-0.2588,-0.9659,app,svc3,267.49,43.19,41.66,180,OK
1779116788.9752448,-0.2588,-0.9659,app,self,344.42,43.19,41.66,180,OK
1779116789.2845993,-0.2588,-0.9659,svc1,self,303.11,38.97,39.31,180,OK
1779116789.608614,-0.2588,-0.9659,svc2,self,316.88,40.37,40.09,180,OK
1779116789.876664,-0.2588,-0.9659,svc3,self,261.86,34.74,36.95,180,OK
1779116789.881905,-0.2588,-0.9659,svc2,svc3,269.98,40.37,40.09,180,OK
1779116789.8856306,-0.2588,-0.9659,svc1,svc2,597.89,38.97,39.31,180,OK
1779116789.8893263,-0.2588,-0.9659,app,svc1,910.85,43.19,41.66,180,OK
1779116790.210968,-0.2588,-0.9659,svc2,self,317.01,40.37,40.09,180,OK
1779116790.4755106,-0.2588,-0.9659,svc3,self,259.32,34.74,36.95,180,OK
1779116790.4791126,-0.2588,-0.9659,svc2,svc3,265.38,40.37,40.09,180,OK
1779116790.4827528,-0.2588,-0.9659,app,svc2,591.17,43.19,41.66,180,OK
1779116790.7496476,-0.2588,-0.9659,svc3,self,261.81,34.74,36.95,180,OK
1779116790.7572877,-0.2588,-0.9659,app,svc3,272.19,43.19,41.66,180,OK
1779116791.1090226,-0.2588,-0.9659,app,self,344.42,43.19,41.66,180,OK
1779116791.4172246,-0.2588,-0.9659,svc1,self,303.10,38.97,39.31,180,OK
1779116791.7391798,-0.2588,-0.9659,svc2,self,316.87,40.37,40.09,180,OK
1779116792.005703,-0.2588,-0.9659,svc3,self,261.79,34.74,36.95,180,OK
1779116792.010498,-0.2588,-0.9659,svc2,svc3,269.76,40.37,40.09,180,OK
1779116792.0141783,-0.2588,-0.9659,svc1,svc2,594.81,38.97,39.31,180,OK
1779116792.017762,-0.2588,-0.9659,app,svc1,906.47,43.19,41.66,180,OK
1779116792.3396397,-0.2588,-0.9659,svc2,self,316.87,40.37,40.09,180,OK
1779116792.6067202,-0.2588,-0.9659,svc3,self,261.78,34.74,36.95,180,OK
1779116792.611132,-0.2588,-0.9659,svc2,svc3,269.13,40.37,40.09,180,OK
1779116792.6145937,-0.2588,-0.9659,app,svc2,594.47,43.19,41.66,180,OK
1779116792.8815894,-0.2588,-0.9659,svc3,self,261.80,34.74,36.95,180,OK
1779116792.8850222,-0.2588,-0.9659,app,svc3,267.89,43.19,41.66,180,OK
1779116795.237817,-0.2588,-0.9659,app,self,344.42,43.19,41.66,180,OK
1779116795.5471652,-0.2588,-0.9659,svc1,self,303.10,38.97,39.31,180,OK
1779116795.8687673,-0.2588,-0.9659,svc2,self,316.97,40.37,40.09,180,OK
1779116796.1358743,-0.2588,-0.9659,svc3,self,261.80,34.74,36.95,180,OK
1779116796.1394675,-0.2588,-0.9659,svc2,svc3,268.25,40.37,40.09,180,OK
1779116796.1446867,-0.2588,-0.9659,svc1,svc2,595.58,38.97,39.31,180,OK
1779116796.1482215,-0.2588,-0.9659,app,svc1,906.98,43.19,41.66,180,OK
1779116796.4703405,-0.2588,-0.9659,svc2,self,316.92,40.37,40.09,180,OK
1779116796.7383873,-0.2588,-0.9659,svc3,self,261.87,34.74,36.95,180,OK
1779116796.742959,-0.2588,-0.9659,svc2,svc3,269.41,40.37,40.09,180,OK
1779116796.7466888,-0.2588,-0.9659,app,svc2,595.81,43.19,41.66,180,OK
1779116797.013566,-0.2588,-0.9659,svc3,self,261.87,34.74,36.95,180,OK
1779116797.017381,-0.2588,-0.9659,app,svc3,268.23,43.19,41.66,180,OK
1779116797.3690007,-0.2588,-0.9659,app,self,344.88,43.19,41.66,180,OK
1779116797.67802,-0.2588,-0.9659,svc1,self,303.15,38.97,39.31,180,OK
1779116798.0014203,-0.2588,-0.9659,svc2,self,316.88,40.37,40.09,180,OK
1779116798.2687147,-0.2588,-0.9659,svc3,self,261.82,34.74,36.95,180,OK
1779116798.2722664,-0.2588,-0.9659,svc2,svc3,268.18,40.37,40.09,180,OK
1779116798.2769208,-0.2588,-0.9659,svc1,svc2,596.94,38.97,39.31,180,OK
1779116798.2807667,-0.2588,-0.9659,app,svc1,909.00,43.19,41.66,180,OK
1779116798.6034153,-0.2588,-0.9659,svc2,self,316.87,40.37,40.09,180,OK
1779116798.8729713,-0.2588,-0.9659,svc3,self,261.84,34.74,36.95,180,OK
1779116798.878624,-0.2588,-0.9659,svc2,svc3,271.27,40.37,40.09,180,OK
1779116798.883998,-0.2588,-0.9659,app,svc2,600.46,43.19,41.66,180,OK
1779116799.1529253,-0.2588,-0.9659,svc3,self,262.24,34.74,36.95,180,OK
1779116799.1564066,-0.2588,-0.9659,app,svc3,269.19,43.19,41.66,180,OK
1779116801.5085256,-0.2588,-0.9659,app,self,344.51,43.19,41.66,180,OK
1779116801.817233,-0.2588,-0.9659,svc1,self,303.14,38.97,39.31,180,OK
1779116802.13914,-0.2588,-0.9659,svc2,self,317.02,40.37,40.09,180,OK
1779116802.407445,-0.2588,-0.9659,svc3,self,261.88,34.74,36.95,180,OK
1779116802.411866,-0.2588,-0.9659,svc2,svc3,268.88,40.37,40.09,180,OK
1779116802.4158435,-0.2588,-0.9659,svc1,svc2,596.39,38.97,39.31,180,OK
1779116802.4199007,-0.2588,-0.9659,app,svc1,908.82,43.19,41.66,180,OK
1779116802.7412922,-0.2588,-0.9659,svc2,self,317.08,40.37,40.09,180,OK
1779116803.008458,-0.2588,-0.9659,svc3,self,261.90,34.74,36.95,180,OK
1779116803.0119896,-0.2588,-0.9659,svc2,svc3,268.26,40.37,40.09,180,OK
1779116803.0155668,-0.2588,-0.9659,app,svc2,593.83,43.19,41.66,180,OK
1779116803.2819486,-0.2588,-0.9659,svc3,self,261.96,34.74,36.95,180,OK
1779116803.2855508,-0.2588,-0.9659,app,svc3,268.05,43.19,41.66,180,OK
1779116803.63596,-0.2588,-0.9659,app,self,344.53,43.19,41.66,180,OK
1779116803.9453154,-0.2588,-0.9659,svc1,self,303.16,38.97,39.31,180,OK
1779116804.2677124,-0.2588,-0.9659,svc2,self,316.91,40.37,40.09,180,OK
1779116804.534788,-0.2588,-0.9659,svc3,self,262.16,34.74,36.95,180,OK
1779116804.5386772,-0.2588,-0.9659,svc2,svc3,268.47,40.37,40.09,180,OK
1779116804.5424223,-0.2588,-0.9659,svc1,svc2,594.24,38.97,39.31,180,OK
1779116804.5462637,-0.2588,-0.9659,app,svc1,907.38,43.19,41.66,180,OK
1779116804.868056,-0.2588,-0.9659,svc2,self,316.95,40.37,40.09,180,OK
1779116805.1349044,-0.2588,-0.9659,svc3,self,261.90,34.74,36.95,180,OK
1779116805.1391203,-0.2588,-0.9659,svc2,svc3,268.71,40.37,40.09,180,OK
1779116805.143172,-0.2588,-0.9659,app,svc2,594.69,43.19,41.66,180,OK
1779116805.4100564,-0.2588,-0.9659,svc3,self,261.84,34.74,36.95,180,OK
1779116805.4135187,-0.2588,-0.9659,app,svc3,268.11,43.19,41.66,180,OK
1779116807.7648947,-0.2588,-0.9659,app,self,344.45,43.19,41.66,180,OK
1779116808.0731707,-0.2588,-0.9659,svc1,self,303.70,38.97,39.31,180,OK
1779116808.395977,-0.2588,-0.9659,svc2,self,316.88,40.37,40.09,180,OK
1779116808.6627815,-0.2588,-0.9659,svc3,self,261.80,34.74,36.95,180,OK
1779116808.6667123,-0.2588,-0.9659,svc2,svc3,268.34,40.37,40.09,180,OK
1779116808.6705053,-0.2588,-0.9659,svc1,svc2,593.88,38.97,39.31,180,OK
1779116808.6743104,-0.2588,-0.9659,app,svc1,907.41,43.19,41.66,180,OK
1779116808.9959908,-0.2588,-0.9659,svc2,self,316.91,40.37,40.09,180,OK
1779116809.2631578,-0.2588,-0.9659,svc3,self,261.89,34.74,36.95,180,OK
1779116809.2680326,-0.2588,-0.9659,svc2,svc3,269.19,40.37,40.09,180,OK
1779116809.2717426,-0.2588,-0.9659,app,svc2,595.06,43.19,41.66,180,OK
1779116809.5393612,-0.2588,-0.9659,svc3,self,261.89,34.74,36.95,180,OK
1779116809.5433846,-0.2588,-0.9659,app,svc3,268.81,43.19,41.66,180,OK
1779116809.8946586,-0.2588,-0.9659,app,self,344.46,43.19,41.66,180,OK
1779116810.2040813,-0.2588,-0.9659,svc1,self,303.18,38.97,39.31,180,OK
1779116810.5266652,-0.2588,-0.9659,svc2,self,317.00,40.37,40.09,180,OK
1779116810.793706,-0.2588,-0.9659,svc3,self,261.78,34.74,36.95,180,OK
1779116810.7986867,-0.2588,-0.9659,svc2,svc3,269.80,40.37,40.09,180,OK
1779116810.8062458,-0.2588,-0.9659,svc1,svc2,599.46,38.97,39.31,180,OK
1779116810.8134284,-0.2588,-0.9659,app,svc1,916.43,43.19,41.66,180,OK
1779116811.1411858,-0.2588,-0.9659,svc2,self,316.92,40.37,40.09,180,OK
1779116811.4084299,-0.2588,-0.9659,svc3,self,261.84,34.74,36.95,180,OK
1779116811.4168828,-0.2588,-0.9659,svc2,svc3,273.04,40.37,40.09,180,OK
1779116811.4209213,-0.2588,-0.9659,app,svc2,602.16,43.19,41.66,180,OK
1779116811.689258,-0.2588,-0.9659,svc3,self,261.85,34.74,36.95,180,OK
1779116811.694088,-0.2588,-0.9659,app,svc3,270.40,43.19,41.66,180,OK
1779116814.04714,-0.2588,-0.9659,app,self,344.48,43.19,41.66,180,OK
1779116814.3562577,-0.2588,-0.9659,svc1,self,303.23,38.97,39.31,180,OK
1779116814.6790802,-0.2588,-0.9659,svc2,self,316.94,40.37,40.09,180,OK
1779116814.946332,-0.2588,-0.9659,svc3,self,261.80,34.74,36.95,180,OK
1779116814.9502096,-0.2588,-0.9659,svc2,svc3,268.68,40.37,40.09,180,OK
1779116814.9537308,-0.2588,-0.9659,svc1,svc2,594.38,38.97,39.31,180,OK
1779116814.9596071,-0.2588,-0.9659,app,svc1,909.48,43.19,41.66,180,OK
1779116815.283461,-0.2588,-0.9659,svc2,self,317.01,40.37,40.09,180,OK
1779116815.5503209,-0.2588,-0.9659,svc3,self,261.94,34.74,36.95,180,OK
1779116815.5543418,-0.2588,-0.9659,svc2,svc3,268.47,40.37,40.09,180,OK
1779116815.5582387,-0.2588,-0.9659,app,svc2,594.41,43.19,41.66,180,OK
1779116815.8248787,-0.2588,-0.9659,svc3,self,261.83,34.74,36.95,180,OK
1779116815.8287756,-0.2588,-0.9659,app,svc3,268.21,43.19,41.66,180,OK
1779116816.1799116,-0.2588,-0.9659,app,self,344.47,43.19,41.66,180,OK
1779116816.4886262,-0.2588,-0.9659,svc1,self,303.58,38.97,39.31,180,OK
1779116816.8115737,-0.2588,-0.9659,svc2,self,316.93,40.37,40.09,180,OK
1779116817.078725,-0.2588,-0.9659,svc3,self,261.83,34.74,36.95,180,OK
1779116817.0824747,-0.2588,-0.9659,svc2,svc3,268.58,40.37,40.09,180,OK
1779116817.0865083,-0.2588,-0.9659,svc1,svc2,595.22,38.97,39.31,180,OK
1779116817.090488,-0.2588,-0.9659,app,svc1,908.27,43.19,41.66,180,OK
1779116817.4145813,-0.2588,-0.9659,svc2,self,316.88,40.37,40.09,180,OK
1779116817.6812818,-0.2588,-0.9659,svc3,self,261.80,34.74,36.95,180,OK
1779116817.6852026,-0.2588,-0.9659,svc2,svc3,268.46,40.37,40.09,180,OK
1779116817.6891205,-0.2588,-0.9659,app,svc2,594.49,43.19,41.66,180,OK
1779116817.9571295,-0.2588,-0.9659,svc3,self,261.79,34.74,36.95,180,OK
1779116817.961694,-0.2588,-0.9659,app,svc3,269.46,43.19,41.66,180,OK
1779116820.3142602,-0.2588,-0.9659,app,self,344.56,43.19,41.66,180,OK
1779116820.6206608,-0.2588,-0.9659,svc1,self,300.58,38.97,39.31,180,OK
1779116820.9425137,-0.2588,-0.9659,svc2,self,316.98,40.37,40.09,180,OK
1779116821.2099397,-0.2588,-0.9659,svc3,self,261.83,34.74,36.95,180,OK
1779116821.2157295,-0.2588,-0.9659,svc2,svc3,270.84,40.37,40.09,180,OK
1779116821.21986,-0.2588,-0.9659,svc1,svc2,596.94,38.97,39.31,180,OK
1779116821.2244544,-0.2588,-0.9659,app,svc1,907.67,43.19,41.66,180,OK
1779116821.5477014,-0.2588,-0.9659,svc2,self,316.97,40.37,40.09,180,OK
1779116821.8150656,-0.2588,-0.9659,svc3,self,261.82,34.74,36.95,180,OK
1779116821.8187635,-0.2588,-0.9659,svc2,svc3,268.48,40.37,40.09,180,OK
1779116821.8225172,-0.2588,-0.9659,app,svc2,595.22,43.19,41.66,180,OK
1779116822.089306,-0.2588,-0.9659,svc3,self,261.84,34.74,36.95,180,OK
1779116822.0928962,-0.2588,-0.9659,app,svc3,267.96,43.19,41.66,180,OK
1779116822.444213,-0.2588,-0.9659,app,self,344.43,43.19,41.66,180,OK
1779116822.7528684,-0.2588,-0.9659,svc1,self,303.10,38.97,39.31,180,OK
1779116823.0757995,-0.2588,-0.9659,svc2,self,316.89,40.37,40.09,180,OK
1779116823.3427782,-0.2588,-0.9659,svc3,self,261.77,34.74,36.95,180,OK
1779116823.3462267,-0.2588,-0.9659,svc2,svc3,267.94,40.37,40.09,180,OK
1779116823.3500533,-0.2588,-0.9659,svc1,svc2,594.17,38.97,39.31,180,OK
1779116823.3541098,-0.2588,-0.9659,app,svc1,907.37,43.19,41.66,180,OK
1779116823.678045,-0.2588,-0.9659,svc2,self,316.96,40.37,40.09,180,OK
1779116823.945744,-0.2588,-0.9659,svc3,self,261.78,34.74,36.95,180,OK
1779116823.948857,-0.2588,-0.9659,svc2,svc3,267.62,40.37,40.09,180,OK
1779116823.9530249,-0.2588,-0.9659,app,svc2,595.19,43.19,41.66,180,OK
1779116824.2201066,-0.2588,-0.9659,svc3,self,261.89,34.74,36.95,180,OK
1779116824.2243783,-0.2588,-0.9659,app,svc3,268.95,43.19,41.66,180,OK
1779116826.5773268,-0.2588,-0.9659,app,self,344.51,43.19,41.66,180,OK
1779116826.8858955,-0.2588,-0.9659,svc1,self,303.16,38.97,39.31,180,OK
1779116827.208699,-0.2588,-0.9659,svc2,self,316.90,40.37,40.09,180,OK
1779116827.476123,-0.2588,-0.9659,svc3,self,261.87,34.74,36.95,180,OK
1779116827.4795609,-0.2588,-0.9659,svc2,svc3,268.06,40.37,40.09,180,OK
1779116827.483136,-0.2588,-0.9659,svc1,svc2,594.14,38.97,39.31,180,OK
1779116827.4866214,-0.2588,-0.9659,app,svc1,906.66,43.19,41.66,180,OK
1779116827.808243,-0.2588,-0.9659,svc2,self,316.88,40.37,40.09,180,OK
1779116828.0754447,-0.2588,-0.9659,svc3,self,261.86,34.74,36.95,180,OK
1779116828.079439,-0.2588,-0.9659,svc2,svc3,269.10,40.37,40.09,180,OK
1779116828.0833845,-0.2588,-0.9659,app,svc2,594.43,43.19,41.66,180,OK
1779116828.3509064,-0.2588,-0.9659,svc3,self,262.34,34.74,36.95,180,OK
1779116828.3549032,-0.2588,-0.9659,app,svc3,269.11,43.19,41.66,180,OK
1779116828.705684,-0.2588,-0.9659,app,self,344.49,43.19,41.66,180,OK
1779116829.014507,-0.2588,-0.9659,svc1,self,303.15,38.97,39.31,180,OK
1779116829.3365679,-0.2588,-0.9659,svc2,self,316.87,40.37,40.09,180,OK
1779116829.6083848,-0.2588,-0.9659,svc3,self,261.82,34.74,36.95,180,OK
1779116829.6117392,-0.2588,-0.9659,svc2,svc3,268.41,40.37,40.09,180,OK
1779116829.6157234,-0.2588,-0.9659,svc1,svc2,598.77,38.97,39.31,180,OK
1779116829.6199374,-0.2588,-0.9659,app,svc1,911.37,43.19,41.66,180,OK
1779116829.9435456,-0.2588,-0.9659,svc2,self,316.88,40.37,40.09,180,OK
1779116830.2115252,-0.2588,-0.9659,svc3,self,261.82,34.74,36.95,180,OK
1779116830.2153075,-0.2588,-0.9659,svc2,svc3,269.03,40.37,40.09,180,OK
1779116830.219517,-0.2588,-0.9659,app,svc2,596.04,43.19,41.66,180,OK
1779116830.487114,-0.2588,-0.9659,svc3,self,261.90,34.74,36.95,180,OK
1779116830.4918323,-0.2588,-0.9659,app,svc3,269.56,43.19,41.66,180,OK
1779116832.8438065,-0.2588,-0.9659,app,self,344.47,43.19,41.66,180,OK
1779116833.151938,-0.2588,-0.9659,svc1,self,303.18,38.97,39.31,180,OK
1779116833.4739897,-0.2588,-0.9659,svc2,self,316.92,40.37,40.09,180,OK
1779116833.742188,-0.2588,-0.9659,svc3,self,261.88,34.74,36.95,180,OK
1779116833.7463925,-0.2588,-0.9659,svc2,svc3,269.52,40.37,40.09,180,OK
1779116833.752336,-0.2588,-0.9659,svc1,svc2,598.32,38.97,39.31,180,OK
1779116833.757373,-0.2588,-0.9659,app,svc1,911.22,43.19,41.66,180,OK
1779116834.0802248,-0.2588,-0.9659,svc2,self,317.31,40.37,40.09,180,OK
1779116834.3476982,-0.2588,-0.9659,svc3,self,262.11,34.74,36.95,180,OK
1779116834.352143,-0.2588,-0.9659,svc2,svc3,269.58,40.37,40.09,180,OK
1779116834.3561656,-0.2588,-0.9659,app,svc2,596.21,43.19,41.66,180,OK
1779116834.6228194,-0.2588,-0.9659,svc3,self,261.85,34.74,36.95,180,OK
1779116834.6266303,-0.2588,-0.9659,app,svc3,268.22,43.19,41.66,180,OK
1779116834.9917207,-0.2588,-0.9659,app,self,344.44,43.19,41.66,180,OK
1779116835.3044214,-0.2588,-0.9659,svc1,self,303.47,38.97,39.31,180,OK
1779116835.6276786,-0.2588,-0.9659,svc2,self,316.94,40.37,40.09,180,OK
1779116835.895383,-0.2588,-0.9659,svc3,self,262.18,34.74,36.95,180,OK
1779116835.8990877,-0.2588,-0.9659,svc2,svc3,268.71,40.37,40.09,180,OK
1779116835.9029253,-0.2588,-0.9659,svc1,svc2,594.83,38.97,39.31,180,OK
1779116835.9065385,-0.2588,-0.9659,app,svc1,908.32,43.19,41.66,180,OK
1779116836.2282028,-0.2588,-0.9659,svc2,self,316.91,40.37,40.09,180,OK
1779116836.4962916,-0.2588,-0.9659,svc3,self,262.12,34.74,36.95,180,OK
1779116836.4998705,-0.2588,-0.9659,svc2,svc3,268.96,40.37,40.09,180,OK
1779116836.5038903,-0.2588,-0.9659,app,svc2,595.15,43.19,41.66,180,OK
1779116836.7716184,-0.2588,-0.9659,svc3,self,262.41,34.74,36.95,180,OK
1779116836.7754304,-0.2588,-0.9659,app,svc3,268.72,43.19,41.66,180,OK
1779116839.1268327,-0.2588,-0.9659,app,self,344.51,43.19,41.66,180,OK
1779116839.435578,-0.2588,-0.9659,svc1,self,303.21,38.97,39.31,180,OK
1779116839.7577157,-0.2588,-0.9659,svc2,self,316.96,40.37,40.09,180,OK
1779116840.02494,-0.2588,-0.9659,svc3,self,261.79,34.74,36.95,180,OK
1779116840.0285985,-0.2588,-0.9659,svc2,svc3,268.38,40.37,40.09,180,OK
1779116840.032228,-0.2588,-0.9659,svc1,svc2,594.25,38.97,39.31,180,OK
1779116840.0356357,-0.2588,-0.9659,app,svc1,905.85,43.19,41.66,180,OK
1779116840.3573418,-0.2588,-0.9659,svc2,self,316.91,40.37,40.09,180,OK
1779116840.623942,-0.2588,-0.9659,svc3,self,261.83,34.74,36.95,180,OK
1779116840.6278863,-0.2588,-0.9659,svc2,svc3,268.30,40.37,40.09,180,OK
1779116840.631698,-0.2588,-0.9659,app,svc2,593.86,43.19,41.66,180,OK
1779116840.8985593,-0.2588,-0.9659,svc3,self,261.82,34.74,36.95,180,OK
1779116840.902207,-0.2588,-0.9659,app,svc3,267.92,43.19,41.66,180,OK
1779116841.2548287,-0.2588,-0.9659,app,self,344.42,43.19,41.66,180,OK
1779116841.563571,-0.2588,-0.9659,svc1,self,303.21,38.97,39.31,180,OK
1779116841.886139,-0.2588,-0.9659,svc2,self,316.99,40.37,40.09,180,OK
1779116842.1529899,-0.2588,-0.9659,svc3,self,261.94,34.74,36.95,180,OK
1779116842.1574092,-0.2588,-0.9659,svc2,svc3,268.91,40.37,40.09,180,OK
1779116842.161137,-0.2588,-0.9659,svc1,svc2,594.78,38.97,39.31,180,OK
1779116842.1645894,-0.2588,-0.9659,app,svc1,906.97,43.19,41.66,180,OK
1779116842.4862106,-0.2588,-0.9659,svc2,self,316.95,40.37,40.09,180,OK
1779116842.753446,-0.2588,-0.9659,svc3,self,262.10,34.74,36.95,180,OK
1779116842.757845,-0.2588,-0.9659,svc2,svc3,269.55,40.37,40.09,180,OK
1779116842.7615097,-0.2588,-0.9659,app,svc2,594.65,43.19,41.66,180,OK
1779116843.0286949,-0.2588,-0.9659,svc3,self,262.04,34.74,36.95,180,OK
1779116843.0328593,-0.2588,-0.9659,app,svc3,268.99,43.19,41.66,180,OK
1779116845.3839486,-0.2588,-0.9659,app,self,344.43,43.19,41.66,180,OK
1779116845.6934164,-0.2588,-0.9659,svc1,self,303.24,38.97,39.31,180,OK
1779116846.0159812,-0.2588,-0.9659,svc2,self,316.91,40.37,40.09,180,OK
1779116846.2850928,-0.2588,-0.9659,svc3,self,261.78,34.74,36.95,180,OK
1779116846.28982,-0.2588,-0.9659,svc2,svc3,270.75,40.37,40.09,180,OK
1779116846.2937455,-0.2588,-0.9659,svc1,svc2,597.55,38.97,39.31,180,OK
1779116846.2973297,-0.2588,-0.9659,app,svc1,911.07,43.19,41.66,180,OK
1779116846.619921,-0.2588,-0.9659,svc2,self,316.97,40.37,40.09,180,OK
1779116846.8873935,-0.2588,-0.9659,svc3,self,261.83,34.74,36.95,180,OK
1779116846.8926575,-0.2588,-0.9659,svc2,svc3,269.67,40.37,40.09,180,OK
1779116846.896278,-0.2588,-0.9659,app,svc2,596.56,43.19,41.66,180,OK
1779116847.1628218,-0.2588,-0.9659,svc3,self,261.85,34.74,36.95,180,OK
1779116847.166636,-0.2588,-0.9659,app,svc3,268.07,43.19,41.66,180,OK
1779116847.517853,-0.2588,-0.9659,app,self,344.50,43.19,41.66,180,OK
1779116847.8275714,-0.2588,-0.9659,svc1,self,303.15,38.97,39.31,180,OK
1779116848.151285,-0.2588,-0.9659,svc2,self,316.92,40.37,40.09,180,OK
1779116848.4184752,-0.2588,-0.9659,svc3,self,261.83,34.74,36.95,180,OK
1779116848.4230783,-0.2588,-0.9659,svc2,svc3,269.41,40.37,40.09,180,OK
1779116848.4270983,-0.2588,-0.9659,svc1,svc2,595.85,38.97,39.31,180,OK
1779116848.4316313,-0.2588,-0.9659,app,svc1,910.59,43.19,41.66,180,OK
1779116848.7540796,-0.2588,-0.9659,svc2,self,316.94,40.37,40.09,180,OK
1779116849.0210989,-0.2588,-0.9659,svc3,self,261.86,34.74,36.95,180,OK
1779116849.0256953,-0.2588,-0.9659,svc2,svc3,269.24,40.37,40.09,180,OK
1779116849.0295568,-0.2588,-0.9659,app,svc2,595.35,43.19,41.66,180,OK
1779116849.29601,-0.2588,-0.9659,svc3,self,261.84,34.74,36.95,180,OK
1779116849.2997653,-0.2588,-0.9659,app,svc3,267.88,43.19,41.66,180,OK
1779116851.649558,-0.2588,-0.9659,app,self,344.55,43.19,41.66,180,OK
1779116851.9577248,-0.2588,-0.9659,svc1,self,303.17,38.97,39.31,180,OK
1779116852.2796142,-0.2588,-0.9659,svc2,self,316.94,40.37,40.09,180,OK
1779116852.5474646,-0.2588,-0.9659,svc3,self,261.80,34.74,36.95,180,OK
1779116852.551295,-0.2588,-0.9659,svc2,svc3,268.68,40.37,40.09,180,OK
1779116852.5553322,-0.2588,-0.9659,svc1,svc2,595.29,38.97,39.31,180,OK
1779116852.5590827,-0.2588,-0.9659,app,svc1,907.22,43.19,41.66,180,OK
1779116852.8810167,-0.2588,-0.9659,svc2,self,317.18,40.37,40.09,180,OK
1779116853.1486907,-0.2588,-0.9659,svc3,self,261.89,34.74,36.95,180,OK
1779116853.1536593,-0.2588,-0.9659,svc2,svc3,270.21,40.37,40.09,180,OK
1779116853.1579733,-0.2588,-0.9659,app,svc2,596.70,43.19,41.66,180,OK
1779116853.4244616,-0.2588,-0.9659,svc3,self,261.91,34.74,36.95,180,OK
1779116853.429372,-0.2588,-0.9659,app,svc3,269.25,43.19,41.66,180,OK
1779116853.780742,-0.2588,-0.9659,app,self,344.52,43.19,41.66,180,OK
1779116854.090711,-0.2588,-0.9659,svc1,self,303.33,38.97,39.31,180,OK
1779116854.4128764,-0.2588,-0.9659,svc2,self,316.92,40.37,40.09,180,OK
1779116854.6806705,-0.2588,-0.9659,svc3,self,261.99,34.74,36.95,180,OK
1779116854.6845026,-0.2588,-0.9659,svc2,svc3,268.95,40.37,40.09,180,OK
1779116854.6895006,-0.2588,-0.9659,svc1,svc2,596.43,38.97,39.31,180,OK
1779116854.6933088,-0.2588,-0.9659,app,svc1,909.82,43.19,41.66,180,OK
1779116855.0150206,-0.2588,-0.9659,svc2,self,316.89,40.37,40.09,180,OK
1779116855.2841384,-0.2588,-0.9659,svc3,self,261.79,34.74,36.95,180,OK
1779116855.2886822,-0.2588,-0.9659,svc2,svc3,269.55,40.37,40.09,180,OK
1779116855.2931266,-0.2588,-0.9659,app,svc2,597.55,43.19,41.66,180,OK
1779116855.5608613,-0.2588,-0.9659,svc3,self,261.86,34.74,36.95,180,OK
1779116855.5644257,-0.2588,-0.9659,app,svc3,268.61,43.19,41.66,180,OK
1779116857.916203,-0.2588,-0.9659,app,self,344.43,43.19,41.66,180,OK
1779116858.2306125,-0.2588,-0.9659,svc1,self,303.14,38.97,39.31,180,OK
1779116858.554881,-0.2588,-0.9659,svc2,self,317.03,40.37,40.09,180,OK
1779116858.8249815,-0.2588,-0.9659,svc3,self,261.80,34.74,36.95,180,OK
1779116858.8302734,-0.2588,-0.9659,svc2,svc3,270.83,40.37,40.09,180,OK
1779116858.836521,-0.2588,-0.9659,svc1,svc2,602.90,38.97,39.31,180,OK
1779116858.842703,-0.2588,-0.9659,app,svc1,919.32,43.19,41.66,180,OK
1779116859.1668386,-0.2588,-0.9659,svc2,self,316.97,40.37,40.09,180,OK
1779116859.435351,-0.2588,-0.9659,svc3,self,261.96,34.74,36.95,180,OK
1779116859.439404,-0.2588,-0.9659,svc2,svc3,269.04,40.37,40.09,180,OK
1779116859.4431345,-0.2588,-0.9659,app,svc2,596.72,43.19,41.66,180,OK
1779116859.7098083,-0.2588,-0.9659,svc3,self,261.87,34.74,36.95,180,OK
1779116859.7132823,-0.2588,-0.9659,app,svc3,267.86,43.19,41.66,180,OK
1779116860.0646474,-0.2588,-0.9659,app,self,344.42,43.19,41.66,180,OK
1779116860.3731723,-0.2588,-0.9659,svc1,self,303.17,38.97,39.31,180,OK
1779116860.6962552,-0.2588,-0.9659,svc2,self,316.88,40.37,40.09,180,OK
1779116860.963559,-0.2588,-0.9659,svc3,self,262.03,34.74,36.95,180,OK
1779116860.9671519,-0.2588,-0.9659,svc2,svc3,268.48,40.37,40.09,180,OK
1779116860.9712434,-0.2588,-0.9659,svc1,svc2,595.18,38.97,39.31,180,OK
1779116860.974818,-0.2588,-0.9659,app,svc1,907.71,43.19,41.66,180,OK
1779116861.2970881,-0.2588,-0.9659,svc2,self,316.87,40.37,40.09,180,OK
1779116861.5656447,-0.2588,-0.9659,svc3,self,261.85,34.74,36.95,180,OK
1779116861.5696983,-0.2588,-0.9659,svc2,svc3,269.21,40.37,40.09,180,OK
1779116861.5734658,-0.2588,-0.9659,app,svc2,596.43,43.19,41.66,180,OK
1779116861.8402498,-0.2588,-0.9659,svc3,self,261.96,34.74,36.95,180,OK
1779116861.8444915,-0.2588,-0.9659,app,svc3,268.77,43.19,41.66,180,OK
1779116864.2195868,-0.2588,-0.9659,app,self,344.52,43.19,41.66,180,OK
1779116864.5281987,-0.2588,-0.9659,svc1,self,303.15,38.97,39.31,180,OK
1779116864.8514202,-0.2588,-0.9659,svc2,self,316.93,40.37,40.09,180,OK
1779116865.1200552,-0.2588,-0.9659,svc3,self,261.83,34.74,36.95,180,OK
1779116865.1239266,-0.2588,-0.9659,svc2,svc3,269.07,40.37,40.09,180,OK
1779116865.1277888,-0.2588,-0.9659,svc1,svc2,596.41,38.97,39.31,180,OK
1779116865.131361,-0.2588,-0.9659,app,svc1,909.21,43.19,41.66,180,OK
1779116865.4547167,-0.2588,-0.9659,svc2,self,316.92,40.37,40.09,180,OK
1779116865.7220807,-0.2588,-0.9659,svc3,self,261.82,34.74,36.95,180,OK
1779116865.7254252,-0.2588,-0.9659,svc2,svc3,268.46,40.37,40.09,180,OK
1779116865.72894,-0.2588,-0.9659,app,svc2,594.75,43.19,41.66,180,OK
1779116865.9953175,-0.2588,-0.9659,svc3,self,261.81,34.74,36.95,180,OK
1779116865.9998863,-0.2588,-0.9659,app,svc3,268.89,43.19,41.66,180,OK
1779116866.3517475,-0.2588,-0.9659,app,self,344.43,43.19,41.66,180,OK
1779116866.6603312,-0.2588,-0.9659,svc1,self,303.33,38.97,39.31,180,OK
1779116866.9829986,-0.2588,-0.9659,svc2,self,316.95,40.37,40.09,180,OK
1779116867.2509737,-0.2588,-0.9659,svc3,self,261.82,34.74,36.95,180,OK
1779116867.25496,-0.2588,-0.9659,svc2,svc3,268.37,40.37,40.09,180,OK
1779116867.258801,-0.2588,-0.9659,svc1,svc2,595.89,38.97,39.31,180,OK
1779116867.2623987,-0.2588,-0.9659,app,svc1,908.15,43.19,41.66,180,OK
1779116867.5849364,-0.2588,-0.9659,svc2,self,317.39,40.37,40.09,180,OK
1779116867.8533218,-0.2588,-0.9659,svc3,self,261.94,34.74,36.95,180,OK
1779116867.8570983,-0.2588,-0.9659,svc2,svc3,269.05,40.37,40.09,180,OK
1779116867.8615716,-0.2588,-0.9659,app,svc2,596.55,43.19,41.66,180,OK
1779116868.1279407,-0.2588,-0.9659,svc3,self,261.84,34.74,36.95,180,OK
1779116868.131965,-0.2588,-0.9659,app,svc3,268.34,43.19,41.66,180,OK
1779116870.547114,-0.2588,-0.9659,app,self,344.48,43.19,41.66,180,OK
1779116870.857119,-0.2588,-0.9659,svc1,self,303.27,38.97,39.31,180,OK
1779116871.1806843,-0.2588,-0.9659,svc2,self,317.11,40.37,40.09,180,OK
1779116871.448138,-0.2588,-0.9659,svc3,self,261.83,34.74,36.95,180,OK
1779116871.4524121,-0.2588,-0.9659,svc2,svc3,269.46,40.37,40.09,180,OK
1779116871.4575047,-0.2588,-0.9659,svc1,svc2,597.76,38.97,39.31,180,OK
1779116871.4619467,-0.2588,-0.9659,app,svc1,911.43,43.19,41.66,180,OK
1779116871.7851756,-0.2588,-0.9659,svc2,self,316.89,40.37,40.09,180,OK
1779116872.0530348,-0.2588,-0.9659,svc3,self,261.88,34.74,36.95,180,OK
1779116872.0570035,-0.2588,-0.9659,svc2,svc3,268.73,40.37,40.09,180,OK
1779116872.0609488,-0.2588,-0.9659,app,svc2,595.92,43.19,41.66,180,OK
1779116872.3283038,-0.2588,-0.9659,svc3,self,262.13,34.74,36.95,180,OK
1779116872.3322017,-0.2588,-0.9659,app,svc3,268.99,43.19,41.66,180,OK
1779116872.6834795,-0.2588,-0.9659,app,self,344.40,43.19,41.66,180,OK
1779116872.993643,-0.2588,-0.9659,svc1,self,303.15,38.97,39.31,180,OK
1779116873.3162022,-0.2588,-0.9659,svc2,self,316.97,40.37,40.09,180,OK
1779116873.5841231,-0.2588,-0.9659,svc3,self,261.83,34.74,36.95,180,OK
1779116873.5887613,-0.2588,-0.9659,svc2,svc3,269.28,40.37,40.09,180,OK
1779116873.5933273,-0.2588,-0.9659,svc1,svc2,597.61,38.97,39.31,180,OK
1779116873.5979118,-0.2588,-0.9659,app,svc1,910.99,43.19,41.66,180,OK
1779116873.920097,-0.2588,-0.9659,svc2,self,316.89,40.37,40.09,180,OK
1779116874.1887264,-0.2588,-0.9659,svc3,self,261.83,34.74,36.95,180,OK
1779116874.192274,-0.2588,-0.9659,svc2,svc3,268.61,40.37,40.09,180,OK
1779116874.1963165,-0.2588,-0.9659,app,svc2,596.10,43.19,41.66,180,OK
1779116874.463476,-0.2588,-0.9659,svc3,self,261.85,34.74,36.95,180,OK
1779116874.4672687,-0.2588,-0.9659,app,svc3,268.25,43.19,41.66,180,OK
1779116876.6468847,-0.2588,-0.9659,app,self,172.49,17.77,27.46,50,OK
1779116876.8047106,-0.2588,-0.9659,svc1,self,151.79,16.60,26.81,50,OK
1779116876.968907,-0.2588,-0.9659,svc2,self,158.71,16.99,27.03,50,OK
1779116877.1054244,-0.2588,-0.9659,svc3,self,131.17,15.43,26.15,50,OK
1779116877.1092188,-0.2588,-0.9659,svc2,svc3,137.74,16.99,27.03,50,OK
1779116877.1130853,-0.2588,-0.9659,svc1,svc2,306.16,16.60,26.81,50,OK
1779116877.1169019,-0.2588,-0.9659,app,svc1,467.22,17.77,27.46,50,OK
1779116877.280922,-0.2588,-0.9659,svc2,self,158.70,16.99,27.03,50,OK
1779116877.4173648,-0.2588,-0.9659,svc3,self,131.19,15.43,26.15,50,OK
1779116877.4217553,-0.2588,-0.9659,svc2,svc3,138.60,16.99,27.03,50,OK
1779116877.4257011,-0.2588,-0.9659,app,svc2,306.16,17.77,27.46,50,OK
1779116877.5619938,-0.2588,-0.9659,svc3,self,131.16,15.43,26.15,50,OK
1779116877.5656533,-0.2588,-0.9659,app,svc3,137.44,17.77,27.46,50,OK
1779116877.7465549,-0.2588,-0.9659,app,self,172.54,17.77,27.46,50,OK
1779116877.9039726,-0.2588,-0.9659,svc1,self,151.84,16.60,26.81,50,OK
1779116878.067751,-0.2588,-0.9659,svc2,self,158.73,16.99,27.03,50,OK
1779116878.2067075,-0.2588,-0.9659,svc3,self,131.14,15.43,26.15,50,OK
1779116878.2112134,-0.2588,-0.9659,svc2,svc3,139.55,16.99,27.03,50,OK
1779116878.2148993,-0.2588,-0.9659,svc1,svc2,308.61,16.60,26.81,50,OK
1779116878.2185862,-0.2588,-0.9659,app,svc1,469.51,17.77,27.46,50,OK
1779116878.3831186,-0.2588,-0.9659,svc2,self,158.77,16.99,27.03,50,OK
1779116878.5202532,-0.2588,-0.9659,svc3,self,131.19,15.43,26.15,50,OK
1779116878.5238502,-0.2588,-0.9659,svc2,svc3,137.91,16.99,27.03,50,OK
1779116878.5278919,-0.2588,-0.9659,app,svc2,306.51,17.77,27.46,50,OK
1779116878.6641428,-0.2588,-0.9659,svc3,self,131.15,15.43,26.15,50,OK
1779116878.6681342,-0.2588,-0.9659,app,svc3,137.75,17.77,27.46,50,OK
1779116880.846426,-0.2588,-0.9659,app,self,172.63,17.77,27.46,50,OK
1779116881.0044882,-0.2588,-0.9659,svc1,self,151.91,16.60,26.81,50,OK
1779116881.1691866,-0.2588,-0.9659,svc2,self,158.74,16.99,27.03,50,OK
1779116881.3055656,-0.2588,-0.9659,svc3,self,131.21,15.43,26.15,50,OK
1779116881.3101985,-0.2588,-0.9659,svc2,svc3,139.08,16.99,27.03,50,OK
1779116881.3139112,-0.2588,-0.9659,svc1,svc2,306.24,16.60,26.81,50,OK
1779116881.3183875,-0.2588,-0.9659,app,svc1,468.49,17.77,27.46,50,OK
1779116881.481969,-0.2588,-0.9659,svc2,self,158.74,16.99,27.03,50,OK
1779116881.6196158,-0.2588,-0.9659,svc3,self,131.17,15.43,26.15,50,OK
1779116881.623566,-0.2588,-0.9659,svc2,svc3,138.02,16.99,27.03,50,OK
1779116881.6274602,-0.2588,-0.9659,app,svc2,306.70,17.77,27.46,50,OK
1779116881.7635806,-0.2588,-0.9659,svc3,self,131.15,15.43,26.15,50,OK
1779116881.7678976,-0.2588,-0.9659,app,svc3,138.15,17.77,27.46,50,OK
1779116881.963796,-0.2588,-0.9659,app,self,172.50,17.77,27.46,50,OK
1779116882.1210227,-0.2588,-0.9659,svc1,self,151.88,16.60,26.81,50,OK
1779116882.2852046,-0.2588,-0.9659,svc2,self,158.74,16.99,27.03,50,OK
1779116882.4212508,-0.2588,-0.9659,svc3,self,131.21,15.43,26.15,50,OK
1779116882.425426,-0.2588,-0.9659,svc2,svc3,137.91,16.99,27.03,50,OK
1779116882.4296575,-0.2588,-0.9659,svc1,svc2,306.02,16.60,26.81,50,OK
1779116882.433612,-0.2588,-0.9659,app,svc1,467.77,17.77,27.46,50,OK
1779116882.5975943,-0.2588,-0.9659,svc2,self,158.72,16.99,27.03,50,OK
1779116882.733813,-0.2588,-0.9659,svc3,self,131.22,15.43,26.15,50,OK
1779116882.7378442,-0.2588,-0.9659,svc2,svc3,137.92,16.99,27.03,50,OK
1779116882.7415242,-0.2588,-0.9659,app,svc2,305.13,17.77,27.46,50,OK
1779116882.8775494,-0.2588,-0.9659,svc3,self,131.27,15.43,26.15,50,OK
1779116882.881957,-0.2588,-0.9659,app,svc3,138.08,17.77,27.46,50,OK
1779116885.0763302,-0.2588,-0.9659,app,self,172.54,17.77,27.46,50,OK
1779116885.2332733,-0.2588,-0.9659,svc1,self,151.87,16.60,26.81,50,OK
1779116885.3973145,-0.2588,-0.9659,svc2,self,158.74,16.99,27.03,50,OK
1779116885.534042,-0.2588,-0.9659,svc3,self,131.28,15.43,26.15,50,OK
1779116885.5374818,-0.2588,-0.9659,svc2,svc3,137.54,16.99,27.03,50,OK
1779116885.541883,-0.2588,-0.9659,svc1,svc2,305.89,16.60,26.81,50,OK
1779116885.5454888,-0.2588,-0.9659,app,svc1,466.58,17.77,27.46,50,OK
1779116885.709665,-0.2588,-0.9659,svc2,self,158.84,16.99,27.03,50,OK
1779116885.846454,-0.2588,-0.9659,svc3,self,131.20,15.43,26.15,50,OK
1779116885.8513408,-0.2588,-0.9659,svc2,svc3,138.57,16.99,27.03,50,OK
1779116885.8554528,-0.2588,-0.9659,app,svc2,307.60,17.77,27.46,50,OK
1779116885.991751,-0.2588,-0.9659,svc3,self,131.18,15.43,26.15,50,OK
1779116885.9957345,-0.2588,-0.9659,app,svc3,137.83,17.77,27.46,50,OK
1779116886.175385,-0.2588,-0.9659,app,self,172.51,17.77,27.46,50,OK
1779116886.3319976,-0.2588,-0.9659,svc1,self,151.84,16.60,26.81,50,OK
1779116886.4965901,-0.2588,-0.9659,svc2,self,158.78,16.99,27.03,50,OK
1779116886.6333296,-0.2588,-0.9659,svc3,self,131.25,15.43,26.15,50,OK
1779116886.6370013,-0.2588,-0.9659,svc2,svc3,137.42,16.99,27.03,50,OK
1779116886.640704,-0.2588,-0.9659,svc1,svc2,305.72,16.60,26.81,50,OK
1779116886.6443093,-0.2588,-0.9659,app,svc1,466.88,17.77,27.46,50,OK
1779116886.8077002,-0.2588,-0.9659,svc2,self,158.70,16.99,27.03,50,OK
1779116886.9445298,-0.2588,-0.9659,svc3,self,131.18,15.43,26.15,50,OK
1779116886.9484885,-0.2588,-0.9659,svc2,svc3,138.20,16.99,27.03,50,OK
1779116886.9532928,-0.2588,-0.9659,app,svc2,306.60,17.77,27.46,50,OK
1779116887.0902214,-0.2588,-0.9659,svc3,self,131.13,15.43,26.15,50,OK
1779116887.0939522,-0.2588,-0.9659,app,svc3,137.91,17.77,27.46,50,OK
1779116890.5037987,-0.2588,-0.9659,app,self,1400.73,99.00,99.00,650,OK
1779116891.7418065,-0.2588,-0.9659,svc1,self,1232.61,99.00,99.00,650,OK
1779116893.0370462,-0.2588,-0.9659,svc2,self,1288.64,99.00,99.00,650,OK
1779116894.1066773,-0.2588,-0.9659,svc3,self,1064.52,99.00,99.00,650,OK
1779116894.11071,-0.2588,-0.9659,svc2,svc3,1071.13,99.00,99.00,650,OK
1779116894.114723,-0.2588,-0.9659,svc1,svc2,2369.87,99.00,99.00,650,OK
1779116894.1202164,-0.2588,-0.9659,app,svc1,3613.45,99.00,99.00,650,OK
1779116895.4148955,-0.2588,-0.9659,svc2,self,1288.58,99.00,99.00,650,OK
1779116896.4849892,-0.2588,-0.9659,svc3,self,1064.52,99.00,99.00,650,OK
1779116896.4885406,-0.2588,-0.9659,svc2,svc3,1070.87,99.00,99.00,650,OK
1779116896.4922273,-0.2588,-0.9659,app,svc2,2369.12,99.00,99.00,650,OK
1779116897.5619013,-0.2588,-0.9659,svc3,self,1064.53,99.00,99.00,650,OK
1779116897.5660439,-0.2588,-0.9659,app,svc3,1071.34,99.00,99.00,650,OK
1779116898.9739707,-0.2588,-0.9659,app,self,1400.97,99.00,99.00,650,OK
1779116900.212024,-0.2588,-0.9659,svc1,self,1232.59,99.00,99.00,650,OK
1779116901.5093203,-0.2588,-0.9659,svc2,self,1288.80,99.00,99.00,650,OK
1779116902.5797324,-0.2588,-0.9659,svc3,self,1064.84,99.00,99.00,650,OK
1779116902.5839086,-0.2588,-0.9659,svc2,svc3,1071.99,99.00,99.00,650,OK
1779116902.5876474,-0.2588,-0.9659,svc1,svc2,2371.25,99.00,99.00,650,OK
1779116902.5912757,-0.2588,-0.9659,app,svc1,3614.50,99.00,99.00,650,OK
1779116903.8847814,-0.2588,-0.9659,svc2,self,1288.61,99.00,99.00,650,OK
1779116904.9556122,-0.2588,-0.9659,svc3,self,1064.53,99.00,99.00,650,OK
1779116904.9599442,-0.2588,-0.9659,svc2,svc3,1072.09,99.00,99.00,650,OK
1779116904.9640152,-0.2588,-0.9659,app,svc2,2370.45,99.00,99.00,650,OK
1779116906.0345683,-0.2588,-0.9659,svc3,self,1064.55,99.00,99.00,650,OK
1779116906.0383456,-0.2588,-0.9659,app,svc3,1071.26,99.00,99.00,650,OK
1779116909.4466786,-0.2588,-0.9659,app,self,1400.65,99.00,99.00,650,OK
1779116910.6823063,-0.2588,-0.9659,svc1,self,1230.17,99.00,99.00,650,OK
1779116911.9764686,-0.2588,-0.9659,svc2,self,1288.61,99.00,99.00,650,OK
1779116913.0476365,-0.2588,-0.9659,svc3,self,1064.67,99.00,99.00,650,OK
1779116913.0527334,-0.2588,-0.9659,svc2,svc3,1072.67,99.00,99.00,650,OK
1779116913.0577874,-0.2588,-0.9659,svc1,svc2,2372.99,99.00,99.00,650,OK
1779116913.0663457,-0.2588,-0.9659,app,svc1,3617.00,99.00,99.00,650,OK
1779116914.3605032,-0.2588,-0.9659,svc2,self,1288.92,99.00,99.00,650,OK
1779116915.430242,-0.2588,-0.9659,svc3,self,1064.53,99.00,99.00,650,OK
1779116915.4341521,-0.2588,-0.9659,svc2,svc3,1071.33,99.00,99.00,650,OK
1779116915.4378772,-0.2588,-0.9659,app,svc2,2369.03,99.00,99.00,650,OK
1779116916.5078135,-0.2588,-0.9659,svc3,self,1064.64,99.00,99.00,650,OK
1779116916.5115855,-0.2588,-0.9659,app,svc3,1071.25,99.00,99.00,650,OK
1779116917.919359,-0.2588,-0.9659,app,self,1400.66,99.00,99.00,650,OK
1779116919.1578743,-0.2588,-0.9659,svc1,self,1233.18,99.00,99.00,650,OK
1779116920.451803,-0.2588,-0.9659,svc2,self,1288.63,99.00,99.00,650,OK
1779116921.521648,-0.2588,-0.9659,svc3,self,1064.85,99.00,99.00,650,OK
1779116921.5249224,-0.2588,-0.9659,svc2,svc3,1070.91,99.00,99.00,650,OK
1779116921.52814,-0.2588,-0.9659,svc1,svc2,2367.67,99.00,99.00,650,OK
1779116921.5321677,-0.2588,-0.9659,app,svc1,3610.16,99.00,99.00,650,OK
1779116922.8262603,-0.2588,-0.9659,svc2,self,1289.00,99.00,99.00,650,OK
1779116923.8965816,-0.2588,-0.9659,svc3,self,1064.52,99.00,99.00,650,OK
1779116923.9025593,-0.2588,-0.9659,svc2,svc3,1074.04,99.00,99.00,650,OK
1779116923.9088476,-0.2588,-0.9659,app,svc2,2374.48,99.00,99.00,650,OK
1779116924.980116,-0.2588,-0.9659,svc3,self,1064.55,99.00,99.00,650,OK
1779116924.9845803,-0.2588,-0.9659,app,svc3,1072.51,99.00,99.00,650,OK
1779116928.392334,-0.2588,-0.9659,app,self,1400.64,99.00,99.00,650,OK
1779116929.6308823,-0.2588,-0.9659,svc1,self,1232.65,99.00,99.00,650,OK
1779116930.9249952,-0.2588,-0.9659,svc2,self,1288.60,99.00,99.00,650,OK
1779116931.99482,-0.2588,-0.9659,svc3,self,1064.54,99.00,99.00,650,OK
1779116932.0003674,-0.2588,-0.9659,svc2,svc3,1073.15,99.00,99.00,650,OK
1779116932.0063972,-0.2588,-0.9659,svc1,svc2,2372.77,99.00,99.00,650,OK
1779116932.0113862,-0.2588,-0.9659,app,svc1,3616.48,99.00,99.00,650,OK
1779116933.3071485,-0.2588,-0.9659,svc2,self,1288.95,99.00,99.00,650,OK
1779116934.3774686,-0.2588,-0.9659,svc3,self,1064.80,99.00,99.00,650,OK
1779116934.3819597,-0.2588,-0.9659,svc2,svc3,1072.03,99.00,99.00,650,OK
1779116934.3855343,-0.2588,-0.9659,app,svc2,2370.44,99.00,99.00,650,OK
1779116935.454971,-0.2588,-0.9659,svc3,self,1064.53,99.00,99.00,650,OK
1779116935.459335,-0.2588,-0.9659,app,svc3,1071.36,99.00,99.00,650,OK
1779116936.869989,-0.2588,-0.9659,app,self,1400.89,99.00,99.00,650,OK
1779116938.1079957,-0.2588,-0.9659,svc1,self,1232.64,99.00,99.00,650,OK
1779116939.402301,-0.2588,-0.9659,svc2,self,1288.66,99.00,99.00,650,OK
1779116940.4703262,-0.2588,-0.9659,svc3,self,1062.24,99.00,99.00,650,OK
1779116940.4742537,-0.2588,-0.9659,svc2,svc3,1068.96,99.00,99.00,650,OK
1779116940.47924,-0.2588,-0.9659,svc1,svc2,2368.44,99.00,99.00,650,OK
1779116940.4836745,-0.2588,-0.9659,app,svc1,3610.90,99.00,99.00,650,OK
1779116941.7777908,-0.2588,-0.9659,svc2,self,1288.68,99.00,99.00,650,OK
1779116942.8473763,-0.2588,-0.9659,svc3,self,1064.56,99.00,99.00,650,OK
1779116942.8515346,-0.2588,-0.9659,svc2,svc3,1071.58,99.00,99.00,650,OK
1779116942.8554187,-0.2588,-0.9659,app,svc2,2368.90,99.00,99.00,650,OK
1779116943.9248416,-0.2588,-0.9659,svc3,self,1064.50,99.00,99.00,650,OK
1779116943.9298687,-0.2588,-0.9659,app,svc3,1072.02,99.00,99.00,650,OK
1779116946.0487857,-0.2588,-0.9659,app,self,107.75,8.20,22.11,1,OK
1779116946.1489084,-0.2588,-0.9659,svc1,self,94.80,8.17,22.10,1,OK
1779116946.2552078,-0.2588,-0.9659,svc2,self,99.18,8.18,22.10,1,OK
1779116946.342852,-0.2588,-0.9659,svc3,self,81.88,8.15,22.08,1,OK
1779116946.3486512,-0.2588,-0.9659,svc2,svc3,90.85,8.18,22.10,1,OK
1779116946.354269,-0.2588,-0.9659,svc1,svc2,202.34,8.17,22.10,1,OK
1779116946.359165,-0.2588,-0.9659,app,svc1,308.03,8.20,22.11,1,OK
1779116946.4646027,-0.2588,-0.9659,svc2,self,99.08,8.18,22.10,1,OK
1779116946.5515118,-0.2588,-0.9659,svc3,self,81.91,8.15,22.08,1,OK
1779116946.5550528,-0.2588,-0.9659,svc2,svc3,88.17,8.18,22.10,1,OK
1779116946.5591114,-0.2588,-0.9659,app,svc2,196.64,8.20,22.11,1,OK
1779116946.6470969,-0.2588,-0.9659,svc3,self,81.92,8.15,22.08,1,OK
1779116946.650483,-0.2588,-0.9659,app,svc3,88.23,8.20,22.11,1,OK
1779116946.764568,-0.2588,-0.9659,app,self,107.75,8.20,22.11,1,OK
1779116946.8643904,-0.2588,-0.9659,svc1,self,94.80,8.17,22.10,1,OK
1779116946.9695494,-0.2588,-0.9659,svc2,self,99.16,8.18,22.10,1,OK
1779116947.0567608,-0.2588,-0.9659,svc3,self,81.88,8.15,22.08,1,OK
1779116947.0622025,-0.2588,-0.9659,svc2,svc3,90.45,8.18,22.10,1,OK
1779116947.0663514,-0.2588,-0.9659,svc1,svc2,199.04,8.17,22.10,1,OK
1779116947.0701263,-0.2588,-0.9659,app,svc1,303.35,8.20,22.11,1,OK
1779116947.17403,-0.2588,-0.9659,svc2,self,99.25,8.18,22.10,1,OK
1779116947.261388,-0.2588,-0.9659,svc3,self,81.96,8.15,22.08,1,OK
1779116947.2651346,-0.2588,-0.9659,svc2,svc3,88.62,8.18,22.10,1,OK
1779116947.2687738,-0.2588,-0.9659,app,svc2,196.37,8.20,22.11,1,OK
1779116947.355802,-0.2588,-0.9659,svc3,self,82.00,8.15,22.08,1,OK
1779116947.3602424,-0.2588,-0.9659,app,svc3,88.95,8.20,22.11,1,OK
1779116949.4918613,-0.2588,-0.9659,app,self,107.74,8.20,22.11,1,OK
1779116949.592307,-0.2588,-0.9659,svc1,self,95.16,8.17,22.10,1,OK
1779116949.69742,-0.2588,-0.9659,svc2,self,99.17,8.18,22.10,1,OK
1779116949.7857592,-0.2588,-0.9659,svc3,self,82.37,8.15,22.08,1,OK
1779116949.7961295,-0.2588,-0.9659,svc2,svc3,96.05,8.18,22.10,1,OK
1779116949.7996874,-0.2588,-0.9659,svc1,svc2,204.49,8.17,22.10,1,OK
1779116949.8031054,-0.2588,-0.9659,app,svc1,308.45,8.20,22.11,1,OK
1779116949.907065,-0.2588,-0.9659,svc2,self,99.43,8.18,22.10,1,OK
1779116949.9943633,-0.2588,-0.9659,svc3,self,81.91,8.15,22.08,1,OK
1779116949.9978013,-0.2588,-0.9659,svc2,svc3,88.00,8.18,22.10,1,OK
1779116950.0013697,-0.2588,-0.9659,app,svc2,196.03,8.20,22.11,1,OK
1779116950.0886433,-0.2588,-0.9659,svc3,self,81.99,8.15,22.08,1,OK
1779116950.0932922,-0.2588,-0.9659,app,svc3,89.41,8.20,22.11,1,OK
1779116950.2078528,-0.2588,-0.9659,app,self,107.88,8.20,22.11,1,OK
1779116950.3079352,-0.2588,-0.9659,svc1,self,94.87,8.17,22.10,1,OK
1779116950.4127567,-0.2588,-0.9659,svc2,self,99.09,8.18,22.10,1,OK
1779116950.5001462,-0.2588,-0.9659,svc3,self,81.97,8.15,22.08,1,OK
1779116950.5040147,-0.2588,-0.9659,svc2,svc3,88.79,8.18,22.10,1,OK
1779116950.5071807,-0.2588,-0.9659,svc1,svc2,196.04,8.17,22.10,1,OK
1779116950.5108466,-0.2588,-0.9659,app,svc1,300.63,8.20,22.11,1,OK
1779116950.6148853,-0.2588,-0.9659,svc2,self,99.15,8.18,22.10,1,OK
1779116950.702459,-0.2588,-0.9659,svc3,self,81.93,8.15,22.08,1,OK
1779116950.7073498,-0.2588,-0.9659,svc2,svc3,90.50,8.18,22.10,1,OK
1779116950.7108266,-0.2588,-0.9659,app,svc2,197.82,8.20,22.11,1,OK
1779116950.7978594,-0.2588,-0.9659,svc3,self,81.98,8.15,22.08,1,OK
1779116950.8022497,-0.2588,-0.9659,app,svc3,89.04,8.20,22.11,1,OK
1779116952.9257288,-0.2588,-0.9659,app,self,107.68,8.20,22.11,1,OK
1779116953.0313666,-0.2588,-0.9659,svc1,self,94.81,8.17,22.10,1,OK
1779116953.135678,-0.2588,-0.9659,svc2,self,99.15,8.18,22.10,1,OK
1779116953.2230992,-0.2588,-0.9659,svc3,self,82.01,8.15,22.08,1,OK
1779116953.227496,-0.2588,-0.9659,svc2,svc3,89.20,8.18,22.10,1,OK
1779116953.231629,-0.2588,-0.9659,svc1,svc2,198.04,8.17,22.10,1,OK
1779116953.2354,-0.2588,-0.9659,app,svc1,302.54,8.20,22.11,1,OK
1779116953.3395698,-0.2588,-0.9659,svc2,self,99.17,8.18,22.10,1,OK
1779116953.4282753,-0.2588,-0.9659,svc3,self,81.97,8.15,22.08,1,OK
1779116953.4347064,-0.2588,-0.9659,svc2,svc3,92.36,8.18,22.10,1,OK
1779116953.4414272,-0.2588,-0.9659,app,svc2,203.85,8.20,22.11,1,OK
1779116953.5290709,-0.2588,-0.9659,svc3,self,81.92,8.15,22.08,1,OK
1779116953.5328944,-0.2588,-0.9659,app,svc3,88.31,8.20,22.11,1,OK
1779116953.7197986,-0.2588,-0.9659,app,self,107.88,8.20,22.11,1,OK
1779116953.8203642,-0.2588,-0.9659,svc1,self,94.88,8.17,22.10,1,OK
1779116953.9264734,-0.2588,-0.9659,svc2,self,99.12,8.18,22.10,1,OK
1779116954.01526,-0.2588,-0.9659,svc3,self,81.89,8.15,22.08,1,OK
1779116954.0200717,-0.2588,-0.9659,svc2,svc3,90.11,8.18,22.10,1,OK
1779116954.0256884,-0.2588,-0.9659,svc1,svc2,202.14,8.17,22.10,1,OK
1779116954.0311646,-0.2588,-0.9659,app,svc1,308.55,8.20,22.11,1,OK
1779116954.1363258,-0.2588,-0.9659,svc2,self,99.12,8.18,22.10,1,OK
1779116954.2244518,-0.2588,-0.9659,svc3,self,81.88,8.15,22.08,1,OK
1779116954.2283633,-0.2588,-0.9659,svc2,svc3,88.79,8.18,22.10,1,OK
1779116954.232035,-0.2588,-0.9659,app,svc2,197.36,8.20,22.11,1,OK
1779116954.3186338,-0.2588,-0.9659,svc3,self,81.91,8.15,22.08,1,OK
1779116954.322965,-0.2588,-0.9659,app,svc3,88.69,8.20,22.11,1,OK
1779116956.4388463,-0.2588,-0.9659,app,self,108.08,8.20,22.11,1,OK
1779116956.5397139,-0.2588,-0.9659,svc1,self,94.93,8.17,22.10,1,OK
1779116956.6453755,-0.2588,-0.9659,svc2,self,99.26,8.18,22.10,1,OK
1779116956.732673,-0.2588,-0.9659,svc3,self,81.92,8.15,22.08,1,OK
1779116956.7368817,-0.2588,-0.9659,svc2,svc3,88.74,8.18,22.10,1,OK
1779116956.740624,-0.2588,-0.9659,svc1,svc2,198.01,8.17,22.10,1,OK
1779116956.7443697,-0.2588,-0.9659,app,svc1,303.20,8.20,22.11,1,OK
1779116956.8487875,-0.2588,-0.9659,svc2,self,99.17,8.18,22.10,1,OK
1779116956.936536,-0.2588,-0.9659,svc3,self,82.23,8.15,22.08,1,OK
1779116956.941024,-0.2588,-0.9659,svc2,svc3,89.67,8.18,22.10,1,OK
1779116956.945148,-0.2588,-0.9659,app,svc2,198.35,8.20,22.11,1,OK
1779116957.0320404,-0.2588,-0.9659,svc3,self,81.96,8.15,22.08,1,OK
1779116957.0365272,-0.2588,-0.9659,app,svc3,89.12,8.20,22.11,1,OK
1779116957.150462,-0.2588,-0.9659,app,self,107.69,8.20,22.11,1,OK
1779116957.2503836,-0.2588,-0.9659,svc1,self,94.81,8.17,22.10,1,OK
1779116957.3556473,-0.2588,-0.9659,svc2,self,99.71,8.18,22.10,1,OK
1779116957.4434245,-0.2588,-0.9659,svc3,self,82.06,8.15,22.08,1,OK
1779116957.4475265,-0.2588,-0.9659,svc2,svc3,89.30,8.18,22.10,1,OK
1779116957.4512067,-0.2588,-0.9659,svc1,svc2,197.82,8.17,22.10,1,OK
1779116957.454475,-0.2588,-0.9659,app,svc1,301.42,8.20,22.11,1,OK
1779116957.55821,-0.2588,-0.9659,svc2,self,99.19,8.18,22.10,1,OK
1779116957.6467628,-0.2588,-0.9659,svc3,self,81.94,8.15,22.08,1,OK
1779116957.651176,-0.2588,-0.9659,svc2,svc3,89.37,8.18,22.10,1,OK
1779116957.654969,-0.2588,-0.9659,app,svc2,198.39,8.20,22.11,1,OK
1779116957.7426095,-0.2588,-0.9659,svc3,self,82.23,8.15,22.08,1,OK
1779116957.7464328,-0.2588,-0.9659,app,svc3,89.08,8.20,22.11,1,OK
1779116959.8622298,-0.2588,-0.9659,app,self,107.72,8.20,22.11,1,OK
1779116959.9618573,-0.2588,-0.9659,svc1,self,94.86,8.17,22.10,1,OK
1779116960.0659595,-0.2588,-0.9659,svc2,self,99.08,8.18,22.10,1,OK
1779116960.1538537,-0.2588,-0.9659,svc3,self,81.86,8.15,22.08,1,OK
1779116960.158452,-0.2588,-0.9659,svc2,svc3,89.69,8.18,22.10,1,OK
1779116960.163131,-0.2588,-0.9659,svc1,svc2,198.96,8.17,22.10,1,OK
1779116960.1665213,-0.2588,-0.9659,app,svc1,302.21,8.20,22.11,1,OK
1779116960.2702386,-0.2588,-0.9659,svc2,self,99.16,8.18,22.10,1,OK
1779116960.35739,-0.2588,-0.9659,svc3,self,82.21,8.15,22.08,1,OK
1779116960.3612688,-0.2588,-0.9659,svc2,svc3,88.94,8.18,22.10,1,OK
1779116960.3649015,-0.2588,-0.9659,app,svc2,196.25,8.20,22.11,1,OK
1779116960.4516978,-0.2588,-0.9659,svc3,self,81.96,8.15,22.08,1,OK
1779116960.456464,-0.2588,-0.9659,app,svc3,89.24,8.20,22.11,1,OK
1779116960.571011,-0.2588,-0.9659,app,self,107.85,8.20,22.11,1,OK
1779116960.6719782,-0.2588,-0.9659,svc1,self,95.12,8.17,22.10,1,OK
1779116960.7770352,-0.2588,-0.9659,svc2,self,99.23,8.18,22.10,1,OK
1779116960.8640728,-0.2588,-0.9659,svc3,self,81.92,8.15,22.08,1,OK
1779116960.8686795,-0.2588,-0.9659,svc2,svc3,89.30,8.18,22.10,1,OK
1779116960.8724647,-0.2588,-0.9659,svc1,svc2,197.81,8.17,22.10,1,OK
1779116960.8760324,-0.2588,-0.9659,app,svc1,302.54,8.20,22.11,1,OK
1779116960.9802964,-0.2588,-0.9659,svc2,self,99.17,8.18,22.10,1,OK
1779116961.06837,-0.2588,-0.9659,svc3,self,82.28,8.15,22.08,1,OK
1779116961.072424,-0.2588,-0.9659,svc2,svc3,89.80,8.18,22.10,1,OK
1779116961.0767343,-0.2588,-0.9659,app,svc2,198.18,8.20,22.11,1,OK
1779116961.16407,-0.2588,-0.9659,svc3,self,81.96,8.15,22.08,1,OK
1779116961.167943,-0.2588,-0.9659,app,svc3,88.57,8.20,22.11,1,OK
1779116963.2823522,-0.2588,-0.9659,app,self,107.74,8.20,22.11,1,OK
1779116963.3825383,-0.2588,-0.9659,svc1,self,94.85,8.17,22.10,1,OK
1779116963.4878762,-0.2588,-0.9659,svc2,self,99.15,8.18,22.10,1,OK
1779116963.5759904,-0.2588,-0.9659,svc3,self,82.11,8.15,22.08,1,OK
1779116963.5804353,-0.2588,-0.9659,svc2,svc3,89.57,8.18,22.10,1,OK
1779116963.5840366,-0.2588,-0.9659,svc1,svc2,198.39,8.17,22.10,1,OK
1779116963.587662,-0.2588,-0.9659,app,svc1,302.63,8.20,22.11,1,OK
1779116963.6914697,-0.2588,-0.9659,svc2,self,99.17,8.18,22.10,1,OK
1779116963.7792249,-0.2588,-0.9659,svc3,self,81.95,8.15,22.08,1,OK
1779116963.7830753,-0.2588,-0.9659,svc2,svc3,88.28,8.18,22.10,1,OK
1779116963.7866476,-0.2588,-0.9659,app,svc2,196.78,8.20,22.11,1,OK
1779116963.8734381,-0.2588,-0.9659,svc3,self,81.93,8.15,22.08,1,OK
1779116963.878386,-0.2588,-0.9659,app,svc3,89.40,8.20,22.11,1,OK
1779116963.993407,-0.2588,-0.9659,app,self,107.76,8.20,22.11,1,OK
1779116964.0961425,-0.2588,-0.9659,svc1,self,94.79,8.17,22.10,1,OK
1779116964.2001607,-0.2588,-0.9659,svc2,self,99.16,8.18,22.10,1,OK
1779116964.2879791,-0.2588,-0.9659,svc3,self,81.99,8.15,22.08,1,OK
1779116964.2918699,-0.2588,-0.9659,svc2,svc3,88.84,8.18,22.10,1,OK
1779116964.2957644,-0.2588,-0.9659,svc1,svc2,197.43,8.17,22.10,1,OK
1779116964.2993486,-0.2588,-0.9659,app,svc1,301.47,8.20,22.11,1,OK
1779116964.4029477,-0.2588,-0.9659,svc2,self,99.09,8.18,22.10,1,OK
1779116964.4897206,-0.2588,-0.9659,svc3,self,81.89,8.15,22.08,1,OK
1779116964.4935536,-0.2588,-0.9659,svc2,svc3,88.70,8.18,22.10,1,OK
1779116964.4978137,-0.2588,-0.9659,app,svc2,196.28,8.20,22.11,1,OK
1779116964.5849118,-0.2588,-0.9659,svc3,self,81.91,8.15,22.08,1,OK
1779116964.5897837,-0.2588,-0.9659,app,svc3,89.39,8.20,22.11,1,OK
1779116966.7055702,-0.2588,-0.9659,app,self,107.87,8.20,22.11,1,OK
1779116966.8067904,-0.2588,-0.9659,svc1,self,94.81,8.17,22.10,1,OK
1779116966.91127,-0.2588,-0.9659,svc2,self,99.13,8.18,22.10,1,OK
1779116966.9979544,-0.2588,-0.9659,svc3,self,81.96,8.15,22.08,1,OK
1779116967.0022178,-0.2588,-0.9659,svc2,svc3,88.85,8.18,22.10,1,OK
1779116967.0059268,-0.2588,-0.9659,svc1,svc2,197.08,8.17,22.10,1,OK
1779116967.0112445,-0.2588,-0.9659,app,svc1,302.28,8.20,22.11,1,OK
1779116967.1153288,-0.2588,-0.9659,svc2,self,99.29,8.18,22.10,1,OK
1779116967.2023077,-0.2588,-0.9659,svc3,self,82.21,8.15,22.08,1,OK
1779116967.206302,-0.2588,-0.9659,svc2,svc3,89.16,8.18,22.10,1,OK
1779116967.2098827,-0.2588,-0.9659,app,svc2,196.29,8.20,22.11,1,OK
1779116967.2972562,-0.2588,-0.9659,svc3,self,81.96,8.15,22.08,1,OK
1779116967.3007495,-0.2588,-0.9659,app,svc3,88.05,8.20,22.11,1,OK
1779116967.4150598,-0.2588,-0.9659,app,self,107.87,8.20,22.11,1,OK
1779116967.5154526,-0.2588,-0.9659,svc1,self,94.82,8.17,22.10,1,OK
1779116967.6191134,-0.2588,-0.9659,svc2,self,99.07,8.18,22.10,1,OK
1779116967.7057476,-0.2588,-0.9659,svc3,self,82.09,8.15,22.08,1,OK
1779116967.7101176,-0.2588,-0.9659,svc2,svc3,89.23,8.18,22.10,1,OK
1779116967.7135952,-0.2588,-0.9659,svc1,svc2,196.02,8.17,22.10,1,OK
1779116967.7169774,-0.2588,-0.9659,app,svc1,299.19,8.20,22.11,1,OK
1779116967.821178,-0.2588,-0.9659,svc2,self,99.25,8.18,22.10,1,OK
1779116967.9082015,-0.2588,-0.9659,svc3,self,81.95,8.15,22.08,1,OK
1779116967.9126575,-0.2588,-0.9659,svc2,svc3,88.94,8.18,22.10,1,OK
1779116967.91651,-0.2588,-0.9659,app,svc2,197.15,8.20,22.11,1,OK
1779116968.00327,-0.2588,-0.9659,svc3,self,82.02,8.15,22.08,1,OK
1779116968.0073686,-0.2588,-0.9659,app,svc3,88.58,8.20,22.11,1,OK
1779116970.1233506,-0.2588,-0.9659,app,self,107.70,8.20,22.11,1,OK
1779116970.2235544,-0.2588,-0.9659,svc1,self,94.87,8.17,22.10,1,OK
1779116970.3279984,-0.2588,-0.9659,svc2,self,99.14,8.18,22.10,1,OK
1779116970.413437,-0.2588,-0.9659,svc3,self,79.97,8.15,22.08,1,OK
1779116970.4167957,-0.2588,-0.9659,svc2,svc3,86.62,8.18,22.10,1,OK
1779116970.4202774,-0.2588,-0.9659,svc1,svc2,194.18,8.17,22.10,1,OK
1779116970.4236267,-0.2588,-0.9659,app,svc1,297.48,8.20,22.11,1,OK
1779116970.5277405,-0.2588,-0.9659,svc2,self,99.11,8.18,22.10,1,OK
1779116970.6145835,-0.2588,-0.9659,svc3,self,81.91,8.15,22.08,1,OK
1779116970.618744,-0.2588,-0.9659,svc2,svc3,89.45,8.18,22.10,1,OK
1779116970.6224768,-0.2588,-0.9659,app,svc2,196.30,8.20,22.11,1,OK
1779116970.7105527,-0.2588,-0.9659,svc3,self,81.96,8.15,22.08,1,OK
1779116970.71431,-0.2588,-0.9659,app,svc3,88.93,8.20,22.11,1,OK
1779116970.829122,-0.2588,-0.9659,app,self,107.77,8.20,22.11,1,OK
1779116970.9298577,-0.2588,-0.9659,svc1,self,94.87,8.17,22.10,1,OK
1779116971.0343122,-0.2588,-0.9659,svc2,self,99.18,8.18,22.10,1,OK
1779116971.1216881,-0.2588,-0.9659,svc3,self,81.90,8.15,22.08,1,OK
1779116971.1265361,-0.2588,-0.9659,svc2,svc3,89.35,8.18,22.10,1,OK
1779116971.1303248,-0.2588,-0.9659,svc1,svc2,197.68,8.17,22.10,1,OK
1779116971.1340115,-0.2588,-0.9659,app,svc1,301.97,8.20,22.11,1,OK
1779116971.2384262,-0.2588,-0.9659,svc2,self,99.19,8.18,22.10,1,OK
1779116971.3278275,-0.2588,-0.9659,svc3,self,81.85,8.15,22.08,1,OK
1779116971.331962,-0.2588,-0.9659,svc2,svc3,89.24,8.18,22.10,1,OK
1779116971.3360581,-0.2588,-0.9659,app,svc2,199.41,8.20,22.11,1,OK
1779116971.423746,-0.2588,-0.9659,svc3,self,81.97,8.15,22.08,1,OK
1779116971.427685,-0.2588,-0.9659,app,svc3,89.12,8.20,22.11,1,OK
1779116973.5476189,-0.2588,-0.9659,app,self,107.73,8.20,22.11,1,OK
1779116973.6476479,-0.2588,-0.9659,svc1,self,94.84,8.17,22.10,1,OK
1779116973.7520814,-0.2588,-0.9659,svc2,self,99.18,8.18,22.10,1,OK
1779116973.8395658,-0.2588,-0.9659,svc3,self,82.08,8.15,22.08,1,OK
1779116973.844278,-0.2588,-0.9659,svc2,svc3,89.81,8.18,22.10,1,OK
1779116973.8479116,-0.2588,-0.9659,svc1,svc2,197.52,8.17,22.10,1,OK
1779116973.8518283,-0.2588,-0.9659,app,svc1,301.96,8.20,22.11,1,OK
1779116973.9562256,-0.2588,-0.9659,svc2,self,99.11,8.18,22.10,1,OK
1779116974.0440848,-0.2588,-0.9659,svc3,self,81.90,8.15,22.08,1,OK
1779116974.0496309,-0.2588,-0.9659,svc2,svc3,90.75,8.18,22.10,1,OK
1779116974.0533953,-0.2588,-0.9659,app,svc2,199.10,8.20,22.11,1,OK
1779116974.1414762,-0.2588,-0.9659,svc3,self,81.95,8.15,22.08,1,OK
1779116974.1461785,-0.2588,-0.9659,app,svc3,89.95,8.20,22.11,1,OK
1779116974.260163,-0.2588,-0.9659,app,self,107.72,8.20,22.11,1,OK
1779116974.3603983,-0.2588,-0.9659,svc1,self,94.81,8.17,22.10,1,OK
1779116974.465551,-0.2588,-0.9659,svc2,self,99.12,8.18,22.10,1,OK
1779116974.551914,-0.2588,-0.9659,svc3,self,81.92,8.15,22.08,1,OK
1779116974.5568705,-0.2588,-0.9659,svc2,svc3,89.45,8.18,22.10,1,OK
1779116974.5611722,-0.2588,-0.9659,svc1,svc2,198.26,8.17,22.10,1,OK
1779116974.5646167,-0.2588,-0.9659,app,svc1,302.05,8.20,22.11,1,OK
1779116974.6684885,-0.2588,-0.9659,svc2,self,99.11,8.18,22.10,1,OK
1779116974.7561429,-0.2588,-0.9659,svc3,self,81.90,8.15,22.08,1,OK
1779116974.760313,-0.2588,-0.9659,svc2,svc3,89.11,8.18,22.10,1,OK
1779116974.7641556,-0.2588,-0.9659,app,svc2,197.32,8.20,22.11,1,OK
1779116974.851538,-0.2588,-0.9659,svc3,self,81.93,8.15,22.08,1,OK
1779116974.8553352,-0.2588,-0.9659,app,svc3,88.60,8.20,22.11,1,OK
1779116976.9711554,-0.2588,-0.9659,app,self,107.70,8.20,22.11,1,OK
1779116977.071386,-0.2588,-0.9659,svc1,self,94.94,8.17,22.10,1,OK
1779116977.1759622,-0.2588,-0.9659,svc2,self,99.11,8.18,22.10,1,OK
1779116977.2621944,-0.2588,-0.9659,svc3,self,81.94,8.15,22.08,1,OK
1779116977.2669628,-0.2588,-0.9659,svc2,svc3,89.43,8.18,22.10,1,OK
1779116977.270679,-0.2588,-0.9659,svc1,svc2,197.08,8.17,22.10,1,OK
1779116977.2745447,-0.2588,-0.9659,app,svc1,300.93,8.20,22.11,1,OK
1779116977.3796027,-0.2588,-0.9659,svc2,self,99.14,8.18,22.10,1,OK
1779116977.4670477,-0.2588,-0.9659,svc3,self,81.90,8.15,22.08,1,OK
1779116977.4702725,-0.2588,-0.9659,svc2,svc3,87.59,8.18,22.10,1,OK
1779116977.4777865,-0.2588,-0.9659,app,svc2,199.89,8.20,22.11,1,OK
1779116977.5656323,-0.2588,-0.9659,svc3,self,81.87,8.15,22.08,1,OK
1779116977.5697894,-0.2588,-0.9659,app,svc3,89.14,8.20,22.11,1,OK
1779116977.6902564,-0.2588,-0.9659,app,self,107.72,8.20,22.11,1,OK
1779116977.7911403,-0.2588,-0.9659,svc1,self,94.91,8.17,22.10,1,OK
1779116977.896033,-0.2588,-0.9659,svc2,self,99.08,8.18,22.10,1,OK
1779116977.982632,-0.2588,-0.9659,svc3,self,81.89,8.15,22.08,1,OK
1779116977.9862206,-0.2588,-0.9659,svc2,svc3,88.26,8.18,22.10,1,OK
1779116977.9905956,-0.2588,-0.9659,svc1,svc2,196.13,8.17,22.10,1,OK
1779116977.9948988,-0.2588,-0.9659,app,svc1,301.56,8.20,22.11,1,OK
1779116978.0994754,-0.2588,-0.9659,svc2,self,99.09,8.18,22.10,1,OK
1779116978.1867242,-0.2588,-0.9659,svc3,self,81.97,8.15,22.08,1,OK
1779116978.1919746,-0.2588,-0.9659,svc2,svc3,90.25,8.18,22.10,1,OK
1779116978.1955888,-0.2588,-0.9659,app,svc2,197.89,8.20,22.11,1,OK
1779116978.2823403,-0.2588,-0.9659,svc3,self,81.96,8.15,22.08,1,OK
1779116978.287278,-0.2588,-0.9659,app,svc3,89.47,8.20,22.11,1,OK
1779116980.4022496,-0.2588,-0.9659,app,self,107.77,8.20,22.11,1,OK
1779116980.5029864,-0.2588,-0.9659,svc1,self,94.83,8.17,22.10,1,OK
1779116980.607408,-0.2588,-0.9659,svc2,self,99.19,8.18,22.10,1,OK
1779116980.6945324,-0.2588,-0.9659,svc3,self,81.92,8.15,22.08,1,OK
1779116980.6984336,-0.2588,-0.9659,svc2,svc3,88.49,8.18,22.10,1,OK
1779116980.702126,-0.2588,-0.9659,svc1,svc2,197.10,8.17,22.10,1,OK
1779116980.7057698,-0.2588,-0.9659,app,svc1,300.48,8.20,22.11,1,OK
1779116980.809948,-0.2588,-0.9659,svc2,self,99.12,8.18,22.10,1,OK
1779116980.8966908,-0.2588,-0.9659,svc3,self,81.90,8.15,22.08,1,OK
1779116980.9002247,-0.2588,-0.9659,svc2,svc3,88.00,8.18,22.10,1,OK
1779116980.9041421,-0.2588,-0.9659,app,svc2,196.01,8.20,22.11,1,OK
1779116980.9910364,-0.2588,-0.9659,svc3,self,81.92,8.15,22.08,1,OK
1779116980.995147,-0.2588,-0.9659,app,svc3,89.02,8.20,22.11,1,OK
1779116981.1102567,-0.2588,-0.9659,app,self,107.69,8.20,22.11,1,OK
1779116981.2095191,-0.2588,-0.9659,svc1,self,94.79,8.17,22.10,1,OK
1779116981.3133903,-0.2588,-0.9659,svc2,self,99.12,8.18,22.10,1,OK
1779116981.4031086,-0.2588,-0.9659,svc3,self,81.88,8.15,22.08,1,OK
1779116981.4090562,-0.2588,-0.9659,svc2,svc3,91.42,8.18,22.10,1,OK
1779116981.4145014,-0.2588,-0.9659,svc1,svc2,202.80,8.17,22.10,1,OK
1779116981.420495,-0.2588,-0.9659,app,svc1,308.48,8.20,22.11,1,OK
1779116981.5262256,-0.2588,-0.9659,svc2,self,99.10,8.18,22.10,1,OK
1779116981.6136703,-0.2588,-0.9659,svc3,self,81.91,8.15,22.08,1,OK
1779116981.6177347,-0.2588,-0.9659,svc2,svc3,89.17,8.18,22.10,1,OK
1779116981.6216972,-0.2588,-0.9659,app,svc2,198.54,8.20,22.11,1,OK
1779116981.7095127,-0.2588,-0.9659,svc3,self,81.93,8.15,22.08,1,OK
1779116981.713156,-0.2588,-0.9659,app,svc3,88.36,8.20,22.11,1,OK
1779116983.8348289,-0.2588,-0.9659,app,self,107.77,8.20,22.11,1,OK
1779116983.9361324,-0.2588,-0.9659,svc1,self,94.81,8.17,22.10,1,OK
1779116984.0414865,-0.2588,-0.9659,svc2,self,99.12,8.18,22.10,1,OK
1779116984.130468,-0.2588,-0.9659,svc3,self,81.89,8.15,22.08,1,OK
1779116984.1347394,-0.2588,-0.9659,svc2,svc3,89.67,8.18,22.10,1,OK
1779116984.1390698,-0.2588,-0.9659,svc1,svc2,200.15,8.17,22.10,1,OK
1779116984.1445103,-0.2588,-0.9659,app,svc1,306.45,8.20,22.11,1,OK
1779116984.2493541,-0.2588,-0.9659,svc2,self,99.09,8.18,22.10,1,OK
1779116984.3364146,-0.2588,-0.9659,svc3,self,81.93,8.15,22.08,1,OK
1779116984.3430977,-0.2588,-0.9659,svc2,svc3,91.21,8.18,22.10,1,OK
1779116984.3471646,-0.2588,-0.9659,app,svc2,199.53,8.20,22.11,1,OK
1779116984.433889,-0.2588,-0.9659,svc3,self,81.88,8.15,22.08,1,OK
1779116984.438275,-0.2588,-0.9659,app,svc3,88.98,8.20,22.11,1,OK
1779116984.5535443,-0.2588,-0.9659,app,self,107.73,8.20,22.11,1,OK
1779116984.654808,-0.2588,-0.9659,svc1,self,94.87,8.17,22.10,1,OK
1779116984.759572,-0.2588,-0.9659,svc2,self,99.14,8.18,22.10,1,OK
1779116984.8465729,-0.2588,-0.9659,svc3,self,81.94,8.15,22.08,1,OK
1779116984.8507078,-0.2588,-0.9659,svc2,svc3,88.70,8.18,22.10,1,OK
1779116984.8545053,-0.2588,-0.9659,svc1,svc2,196.92,8.17,22.10,1,OK
1779116984.8582048,-0.2588,-0.9659,app,svc1,301.19,8.20,22.11,1,OK
1779116984.9617794,-0.2588,-0.9659,svc2,self,99.16,8.18,22.10,1,OK
1779116985.0497427,-0.2588,-0.9659,svc3,self,82.13,8.15,22.08,1,OK
1779116985.0543664,-0.2588,-0.9659,svc2,svc3,89.36,8.18,22.10,1,OK
1779116985.058217,-0.2588,-0.9659,app,svc2,197.91,8.20,22.11,1,OK
1779116985.1452682,-0.2588,-0.9659,svc3,self,81.96,8.15,22.08,1,OK
1779116985.1489305,-0.2588,-0.9659,app,svc3,88.20,8.20,22.11,1,OK
1779116987.2634993,-0.2588,-0.9659,app,self,107.68,8.20,22.11,1,OK
1779116987.3633852,-0.2588,-0.9659,svc1,self,94.89,8.17,22.10,1,OK
1779116987.4679496,-0.2588,-0.9659,svc2,self,99.27,8.18,22.10,1,OK
1779116987.5564785,-0.2588,-0.9659,svc3,self,81.88,8.15,22.08,1,OK
1779116987.5605707,-0.2588,-0.9659,svc2,svc3,89.00,8.18,22.10,1,OK
1779116987.5643077,-0.2588,-0.9659,svc1,svc2,198.43,8.17,22.10,1,OK
1779116987.568182,-0.2588,-0.9659,app,svc1,302.37,8.20,22.11,1,OK
1779116987.6724334,-0.2588,-0.9659,svc2,self,99.08,8.18,22.10,1,OK
1779116987.760404,-0.2588,-0.9659,svc3,self,81.88,8.15,22.08,1,OK
1779116987.7646623,-0.2588,-0.9659,svc2,svc3,88.72,8.18,22.10,1,OK
1779116987.768412,-0.2588,-0.9659,app,svc2,197.69,8.20,22.11,1,OK
1779116987.8555672,-0.2588,-0.9659,svc3,self,81.90,8.15,22.08,1,OK
1779116987.8606925,-0.2588,-0.9659,app,svc3,89.71,8.20,22.11,1,OK
1779116987.9750295,-0.2588,-0.9659,app,self,107.73,8.20,22.11,1,OK
1779116988.074705,-0.2588,-0.9659,svc1,self,94.83,8.17,22.10,1,OK
1779116988.1792362,-0.2588,-0.9659,svc2,self,99.18,8.18,22.10,1,OK
1779116988.2667758,-0.2588,-0.9659,svc3,self,81.89,8.15,22.08,1,OK
1779116988.2706063,-0.2588,-0.9659,svc2,svc3,88.49,8.18,22.10,1,OK
1779116988.2747843,-0.2588,-0.9659,svc1,svc2,197.50,8.17,22.10,1,OK
1779116988.2782907,-0.2588,-0.9659,app,svc1,301.04,8.20,22.11,1,OK
1779116988.3825054,-0.2588,-0.9659,svc2,self,99.22,8.18,22.10,1,OK
1779116988.4707344,-0.2588,-0.9659,svc3,self,82.23,8.15,22.08,1,OK
1779116988.47472,-0.2588,-0.9659,svc2,svc3,89.18,8.18,22.10,1,OK
1779116988.4784048,-0.2588,-0.9659,app,svc2,197.73,8.20,22.11,1,OK
1779116988.5650084,-0.2588,-0.9659,svc3,self,82.00,8.15,22.08,1,OK
1779116988.5698504,-0.2588,-0.9659,app,svc3,89.17,8.20,22.11,1,OK
1779116990.68569,-0.2588,-0.9659,app,self,107.78,8.20,22.11,1,OK
1779116990.7863016,-0.2588,-0.9659,svc1,self,94.88,8.17,22.10,1,OK
1779116990.8925064,-0.2588,-0.9659,svc2,self,99.09,8.18,22.10,1,OK
1779116990.9793923,-0.2588,-0.9659,svc3,self,81.90,8.15,22.08,1,OK
1779116990.9829788,-0.2588,-0.9659,svc2,svc3,88.00,8.18,22.10,1,OK
1779116990.9867969,-0.2588,-0.9659,svc1,svc2,196.69,8.17,22.10,1,OK
1779116990.990791,-0.2588,-0.9659,app,svc1,302.34,8.20,22.11,1,OK
1779116991.0949836,-0.2588,-0.9659,svc2,self,99.17,8.18,22.10,1,OK
1779116991.1828637,-0.2588,-0.9659,svc3,self,81.96,8.15,22.08,1,OK
1779116991.1875844,-0.2588,-0.9659,svc2,svc3,90.06,8.18,22.10,1,OK
1779116991.19155,-0.2588,-0.9659,app,svc2,198.38,8.20,22.11,1,OK
1779116991.2781732,-0.2588,-0.9659,svc3,self,81.98,8.15,22.08,1,OK
1779116991.2819755,-0.2588,-0.9659,app,svc3,88.27,8.20,22.11,1,OK
1779116991.3960865,-0.2588,-0.9659,app,self,107.74,8.20,22.11,1,OK
1779116991.49582,-0.2588,-0.9659,svc1,self,94.85,8.17,22.10,1,OK
1779116991.6005278,-0.2588,-0.9659,svc2,self,99.20,8.18,22.10,1,OK
1779116991.6874747,-0.2588,-0.9659,svc3,self,82.32,8.15,22.08,1,OK
1779116991.69242,-0.2588,-0.9659,svc2,svc3,89.81,8.18,22.10,1,OK
1779116991.696513,-0.2588,-0.9659,svc1,svc2,198.26,8.17,22.10,1,OK
1779116991.700164,-0.2588,-0.9659,app,svc1,301.87,8.20,22.11,1,OK
1779116991.803984,-0.2588,-0.9659,svc2,self,99.16,8.18,22.10,1,OK
1779116991.8922596,-0.2588,-0.9659,svc3,self,81.93,8.15,22.08,1,OK
1779116991.895849,-0.2588,-0.9659,svc2,svc3,88.65,8.18,22.10,1,OK
1779116991.900085,-0.2588,-0.9659,app,svc2,197.69,8.20,22.11,1,OK
1779116991.9875245,-0.2588,-0.9659,svc3,self,82.32,8.15,22.08,1,OK
1779116991.9918947,-0.2588,-0.9659,app,svc3,89.32,8.20,22.11,1,OK
1779116994.1066222,-0.2588,-0.9659,app,self,107.78,8.20,22.11,1,OK
1779116994.2064211,-0.2588,-0.9659,svc1,self,94.86,8.17,22.10,1,OK
1779116994.3111837,-0.2588,-0.9659,svc2,self,99.16,8.18,22.10,1,OK
1779116994.3988047,-0.2588,-0.9659,svc3,self,82.02,8.15,22.08,1,OK
1779116994.402758,-0.2588,-0.9659,svc2,svc3,88.96,8.18,22.10,1,OK
1779116994.4066176,-0.2588,-0.9659,svc1,svc2,197.34,8.17,22.10,1,OK
1779116994.4104998,-0.2588,-0.9659,app,svc1,301.56,8.20,22.11,1,OK
1779116994.5143344,-0.2588,-0.9659,svc2,self,99.17,8.18,22.10,1,OK
1779116994.601359,-0.2588,-0.9659,svc3,self,82.18,8.15,22.08,1,OK
1779116994.6055248,-0.2588,-0.9659,svc2,svc3,88.84,8.18,22.10,1,OK
1779116994.6096644,-0.2588,-0.9659,app,svc2,196.92,8.20,22.11,1,OK
1779116994.6962993,-0.2588,-0.9659,svc3,self,81.89,8.15,22.08,1,OK
1779116994.6999493,-0.2588,-0.9659,app,svc3,87.92,8.20,22.11,1,OK
1779116994.8140779,-0.2588,-0.9659,app,self,107.75,8.20,22.11,1,OK
1779116994.9139497,-0.2588,-0.9659,svc1,self,94.86,8.17,22.10,1,OK
1779116995.0183053,-0.2588,-0.9659,svc2,self,99.14,8.18,22.10,1,OK
1779116995.1051056,-0.2588,-0.9659,svc3,self,81.88,8.15,22.08,1,OK
1779116995.110075,-0.2588,-0.9659,svc2,svc3,89.55,8.18,22.10,1,OK
1779116995.1165595,-0.2588,-0.9659,svc1,svc2,200.00,8.17,22.10,1,OK
1779116995.1211624,-0.2588,-0.9659,app,svc1,304.69,8.20,22.11,1,OK
1779116995.2258897,-0.2588,-0.9659,svc2,self,99.10,8.18,22.10,1,OK
1779116995.3123467,-0.2588,-0.9659,svc3,self,81.91,8.15,22.08,1,OK
1779116995.316723,-0.2588,-0.9659,svc2,svc3,88.80,8.18,22.10,1,OK
1779116995.3207293,-0.2588,-0.9659,app,svc2,196.79,8.20,22.11,1,OK
1779116995.4086397,-0.2588,-0.9659,svc3,self,81.92,8.15,22.08,1,OK
1779116995.4122305,-0.2588,-0.9659,app,svc3,88.16,8.20,22.11,1,OK
1779116997.527771,-0.2588,-0.9659,app,self,107.80,8.20,22.11,1,OK
1779116997.6282384,-0.2588,-0.9659,svc1,self,94.82,8.17,22.10,1,OK
1779116997.7329068,-0.2588,-0.9659,svc2,self,99.48,8.18,22.10,1,OK
1779116997.820867,-0.2588,-0.9659,svc3,self,81.87,8.15,22.08,1,OK
1779116997.8245096,-0.2588,-0.9659,svc2,svc3,88.44,8.18,22.10,1,OK
1779116997.8281574,-0.2588,-0.9659,svc1,svc2,197.60,8.17,22.10,1,OK
1779116997.8316915,-0.2588,-0.9659,app,svc1,301.26,8.20,22.11,1,OK
1779116997.9355328,-0.2588,-0.9659,svc2,self,99.12,8.18,22.10,1,OK
1779116998.0226173,-0.2588,-0.9659,svc3,self,81.89,8.15,22.08,1,OK
1779116998.0267355,-0.2588,-0.9659,svc2,svc3,88.81,8.18,22.10,1,OK
1779116998.0306118,-0.2588,-0.9659,app,svc2,196.65,8.20,22.11,1,OK
1779116998.1181176,-0.2588,-0.9659,svc3,self,81.92,8.15,22.08,1,OK
1779116998.1218998,-0.2588,-0.9659,app,svc3,88.72,8.20,22.11,1,OK
1779116998.2370067,-0.2588,-0.9659,app,self,107.71,8.20,22.11,1,OK
1779116998.3370268,-0.2588,-0.9659,svc1,self,94.79,8.17,22.10,1,OK
1779116998.4414291,-0.2588,-0.9659,svc2,self,99.12,8.18,22.10,1,OK
1779116998.5282478,-0.2588,-0.9659,svc3,self,81.92,8.15,22.08,1,OK
1779116998.5318353,-0.2588,-0.9659,svc2,svc3,88.11,8.18,22.10,1,OK
1779116998.5357425,-0.2588,-0.9659,svc1,svc2,196.57,8.17,22.10,1,OK
1779116998.5392265,-0.2588,-0.9659,app,svc1,300.05,8.20,22.11,1,OK
1779116998.6432297,-0.2588,-0.9659,svc2,self,99.11,8.18,22.10,1,OK
1779116998.7309422,-0.2588,-0.9659,svc3,self,81.89,8.15,22.08,1,OK
1779116998.735071,-0.2588,-0.9659,svc2,svc3,89.19,8.18,22.10,1,OK
1779116998.7386973,-0.2588,-0.9659,app,svc2,196.95,8.20,22.11,1,OK
1779116998.8276284,-0.2588,-0.9659,svc3,self,81.93,8.15,22.08,1,OK
1779116998.8317199,-0.2588,-0.9659,app,svc3,89.04,8.20,22.11,1,OK
1779117000.9441853,-0.2588,-0.9659,app,self,107.73,8.20,22.11,1,OK
1779117001.0440912,-0.2588,-0.9659,svc1,self,94.83,8.17,22.10,1,OK
1779117001.1486247,-0.2588,-0.9659,svc2,self,99.12,8.18,22.10,1,OK
1779117001.2355645,-0.2588,-0.9659,svc3,self,81.95,8.15,22.08,1,OK
1779117001.2395754,-0.2588,-0.9659,svc2,svc3,88.92,8.18,22.10,1,OK
1779117001.243732,-0.2588,-0.9659,svc1,svc2,197.12,8.17,22.10,1,OK
1779117001.2476153,-0.2588,-0.9659,app,svc1,301.09,8.20,22.11,1,OK
1779117001.3520942,-0.2588,-0.9659,svc2,self,99.25,8.18,22.10,1,OK
1779117001.4399745,-0.2588,-0.9659,svc3,self,81.91,8.15,22.08,1,OK
1779117001.443947,-0.2588,-0.9659,svc2,svc3,88.52,8.18,22.10,1,OK
1779117001.4480917,-0.2588,-0.9659,app,svc2,197.94,8.20,22.11,1,OK
1779117001.5352612,-0.2588,-0.9659,svc3,self,81.89,8.15,22.08,1,OK
1779117001.5389862,-0.2588,-0.9659,app,svc3,88.25,8.20,22.11,1,OK
1779117001.6535642,-0.2588,-0.9659,app,self,107.73,8.20,22.11,1,OK
1779117001.7539525,-0.2588,-0.9659,svc1,self,94.88,8.17,22.10,1,OK
1779117001.859258,-0.2588,-0.9659,svc2,self,99.17,8.18,22.10,1,OK
1779117001.9469073,-0.2588,-0.9659,svc3,self,81.88,8.15,22.08,1,OK
1779117001.951061,-0.2588,-0.9659,svc2,svc3,88.69,8.18,22.10,1,OK
1779117001.9567084,-0.2588,-0.9659,svc1,svc2,199.26,8.17,22.10,1,OK
1779117001.9611127,-0.2588,-0.9659,app,svc1,305.12,8.20,22.11,1,OK
1779117002.0666728,-0.2588,-0.9659,svc2,self,99.17,8.18,22.10,1,OK
1779117002.1553595,-0.2588,-0.9659,svc3,self,81.97,8.15,22.08,1,OK
1779117002.1598392,-0.2588,-0.9659,svc2,svc3,89.89,8.18,22.10,1,OK
1779117002.1640797,-0.2588,-0.9659,app,svc2,199.23,8.20,22.11,1,OK
1779117002.2526855,-0.2588,-0.9659,svc3,self,81.90,8.15,22.08,1,OK
1779117002.2572336,-0.2588,-0.9659,app,svc3,89.69,8.20,22.11,1,OK
1779117004.379335,-0.2588,-0.9659,app,self,107.76,8.20,22.11,1,OK
1779117004.480786,-0.2588,-0.9659,svc1,self,94.83,8.17,22.10,1,OK
1779117004.5868683,-0.2588,-0.9659,svc2,self,99.59,8.18,22.10,1,OK
1779117004.674956,-0.2588,-0.9659,svc3,self,81.90,8.15,22.08,1,OK
1779117004.6784968,-0.2588,-0.9659,svc2,svc3,88.64,8.18,22.10,1,OK
1779117004.682355,-0.2588,-0.9659,svc1,svc2,198.10,8.17,22.10,1,OK
1779117004.6861253,-0.2588,-0.9659,app,svc1,303.79,8.20,22.11,1,OK
1779117004.7907896,-0.2588,-0.9659,svc2,self,99.15,8.18,22.10,1,OK
1779117004.877367,-0.2588,-0.9659,svc3,self,81.92,8.15,22.08,1,OK
1779117004.88108,-0.2588,-0.9659,svc2,svc3,88.21,8.18,22.10,1,OK
1779117004.8845592,-0.2588,-0.9659,app,svc2,195.49,8.20,22.11,1,OK
1779117004.9715326,-0.2588,-0.9659,svc3,self,81.94,8.15,22.08,1,OK
1779117004.975579,-0.2588,-0.9659,app,svc3,88.78,8.20,22.11,1,OK
1779117005.0895448,-0.2588,-0.9659,app,self,107.79,8.20,22.11,1,OK
1779117005.1892686,-0.2588,-0.9659,svc1,self,94.80,8.17,22.10,1,OK
1779117005.294108,-0.2588,-0.9659,svc2,self,99.16,8.18,22.10,1,OK
1779117005.3816202,-0.2588,-0.9659,svc3,self,81.89,8.15,22.08,1,OK
1779117005.3858953,-0.2588,-0.9659,svc2,svc3,89.19,8.18,22.10,1,OK
1779117005.3898113,-0.2588,-0.9659,svc1,svc2,198.17,8.17,22.10,1,OK
1779117005.3933558,-0.2588,-0.9659,app,svc1,301.61,8.20,22.11,1,OK
1779117005.497097,-0.2588,-0.9659,svc2,self,99.12,8.18,22.10,1,OK
1779117005.5841568,-0.2588,-0.9659,svc3,self,81.93,8.15,22.08,1,OK
1779117005.588674,-0.2588,-0.9659,svc2,svc3,89.12,8.18,22.10,1,OK
1779117005.5932667,-0.2588,-0.9659,app,svc2,197.81,8.20,22.11,1,OK
1779117005.6801875,-0.2588,-0.9659,svc3,self,81.87,8.15,22.08,1,OK
1779117005.6840677,-0.2588,-0.9659,app,svc3,88.34,8.20,22.11,1,OK
1779117007.79926,-0.2588,-0.9659,app,self,107.74,8.20,22.11,1,OK
1779117007.9009275,-0.2588,-0.9659,svc1,self,94.78,8.17,22.10,1,OK
1779117008.0070944,-0.2588,-0.9659,svc2,self,99.19,8.18,22.10,1,OK
1779117008.0963209,-0.2588,-0.9659,svc3,self,81.98,8.15,22.08,1,OK
1779117008.0999484,-0.2588,-0.9659,svc2,svc3,89.15,8.18,22.10,1,OK
1779117008.1042254,-0.2588,-0.9659,svc1,svc2,200.85,8.17,22.10,1,OK
1779117008.1085885,-0.2588,-0.9659,app,svc1,306.09,8.20,22.11,1,OK
1779117008.2128553,-0.2588,-0.9659,svc2,self,99.10,8.18,22.10,1,OK
1779117008.2999153,-0.2588,-0.9659,svc3,self,81.91,8.15,22.08,1,OK
1779117008.3033717,-0.2588,-0.9659,svc2,svc3,88.11,8.18,22.10,1,OK
1779117008.3081799,-0.2588,-0.9659,app,svc2,196.99,8.20,22.11,1,OK
1779117008.3977008,-0.2588,-0.9659,svc3,self,81.95,8.15,22.08,1,OK
1779117008.401677,-0.2588,-0.9659,app,svc3,89.68,8.20,22.11,1,OK
1779117008.5667202,-0.2588,-0.9659,app,self,107.75,8.20,22.11,1,OK
1779117008.6676745,-0.2588,-0.9659,svc1,self,94.87,8.17,22.10,1,OK
1779117008.7735486,-0.2588,-0.9659,svc2,self,99.07,8.18,22.10,1,OK
1779117008.860482,-0.2588,-0.9659,svc3,self,81.96,8.15,22.08,1,OK
1779117008.8645177,-0.2588,-0.9659,svc2,svc3,88.63,8.18,22.10,1,OK
1779117008.8684764,-0.2588,-0.9659,svc1,svc2,197.52,8.17,22.10,1,OK
1779117008.8728878,-0.2588,-0.9659,app,svc1,303.30,8.20,22.11,1,OK
1779117008.9775078,-0.2588,-0.9659,svc2,self,99.15,8.18,22.10,1,OK
1779117009.0648355,-0.2588,-0.9659,svc3,self,82.06,8.15,22.08,1,OK
1779117009.0691767,-0.2588,-0.9659,svc2,svc3,89.26,8.18,22.10,1,OK
1779117009.073477,-0.2588,-0.9659,app,svc2,197.94,8.20,22.11,1,OK
1779117009.160414,-0.2588,-0.9659,svc3,self,81.90,8.15,22.08,1,OK
1779117009.1655529,-0.2588,-0.9659,app,svc3,89.49,8.20,22.11,1,OK
1779117011.282512,-0.2588,-0.9659,app,self,107.79,8.20,22.11,1,OK
1779117011.384091,-0.2588,-0.9659,svc1,self,94.87,8.17,22.10,1,OK
1779117011.4893014,-0.2588,-0.9659,svc2,self,99.12,8.18,22.10,1,OK
1779117011.5769305,-0.2588,-0.9659,svc3,self,81.95,8.15,22.08,1,OK
1779117011.5809705,-0.2588,-0.9659,svc2,svc3,89.09,8.18,22.10,1,OK
1779117011.5849776,-0.2588,-0.9659,svc1,svc2,198.82,8.17,22.10,1,OK
1779117011.5893354,-0.2588,-0.9659,app,svc1,303.67,8.20,22.11,1,OK
1779117011.693826,-0.2588,-0.9659,svc2,self,99.14,8.18,22.10,1,OK
1779117011.7817922,-0.2588,-0.9659,svc3,self,81.94,8.15,22.08,1,OK
1779117011.7858803,-0.2588,-0.9659,svc2,svc3,89.17,8.18,22.10,1,OK
1779117011.7905602,-0.2588,-0.9659,app,svc2,198.84,8.20,22.11,1,OK
1779117011.8779674,-0.2588,-0.9659,svc3,self,81.94,8.15,22.08,1,OK
1779117011.881871,-0.2588,-0.9659,app,svc3,88.75,8.20,22.11,1,OK
1779117011.9980352,-0.2588,-0.9659,app,self,107.93,8.20,22.11,1,OK
1779117012.0988035,-0.2588,-0.9659,svc1,self,94.78,8.17,22.10,1,OK
1779117012.209251,-0.2588,-0.9659,svc2,self,99.09,8.18,22.10,1,OK
1779117012.2958617,-0.2588,-0.9659,svc3,self,81.96,8.15,22.08,1,OK
1779117012.2999716,-0.2588,-0.9659,svc2,svc3,88.81,8.18,22.10,1,OK
1779117012.3049886,-0.2588,-0.9659,svc1,svc2,197.77,8.17,22.10,1,OK
1779117012.3094893,-0.2588,-0.9659,app,svc1,308.15,8.20,22.11,1,OK
1779117012.4161553,-0.2588,-0.9659,svc2,self,99.23,8.18,22.10,1,OK
1779117012.5051632,-0.2588,-0.9659,svc3,self,81.86,8.15,22.08,1,OK
1779117012.5128958,-0.2588,-0.9659,svc2,svc3,93.58,8.18,22.10,1,OK
1779117012.519363,-0.2588,-0.9659,app,svc2,206.22,8.20,22.11,1,OK
1779117012.614987,-0.2588,-0.9659,svc3,self,81.92,8.15,22.08,1,OK
1779117012.6190379,-0.2588,-0.9659,app,svc3,89.78,8.20,22.11,1,OK
1779117014.7714734,-0.2588,-0.9659,app,self,107.75,8.20,22.11,1,OK
1779117014.8720517,-0.2588,-0.9659,svc1,self,94.82,8.17,22.10,1,OK
1779117014.976799,-0.2588,-0.9659,svc2,self,99.13,8.18,22.10,1,OK
1779117015.063871,-0.2588,-0.9659,svc3,self,81.91,8.15,22.08,1,OK
1779117015.0675557,-0.2588,-0.9659,svc2,svc3,88.40,8.18,22.10,1,OK
1779117015.0718565,-0.2588,-0.9659,svc1,svc2,196.98,8.17,22.10,1,OK
1779117015.0768106,-0.2588,-0.9659,app,svc1,302.36,8.20,22.11,1,OK
1779117015.1820018,-0.2588,-0.9659,svc2,self,99.06,8.18,22.10,1,OK
1779117015.2728605,-0.2588,-0.9659,svc3,self,81.98,8.15,22.08,1,OK
1779117015.276249,-0.2588,-0.9659,svc2,svc3,89.44,8.18,22.10,1,OK
1779117015.2802603,-0.2588,-0.9659,app,svc2,200.46,8.20,22.11,1,OK
1779117015.367219,-0.2588,-0.9659,svc3,self,81.89,8.15,22.08,1,OK
1779117015.3712728,-0.2588,-0.9659,app,svc3,88.50,8.20,22.11,1,OK
1779117015.490473,-0.2588,-0.9659,app,self,107.75,8.20,22.11,1,OK
1779117015.5899734,-0.2588,-0.9659,svc1,self,94.79,8.17,22.10,1,OK
1779117015.6940882,-0.2588,-0.9659,svc2,self,99.22,8.18,22.10,1,OK
1779117015.7817936,-0.2588,-0.9659,svc3,self,81.88,8.15,22.08,1,OK
1779117015.785489,-0.2588,-0.9659,svc2,svc3,88.33,8.18,22.10,1,OK
1779117015.7896128,-0.2588,-0.9659,svc1,svc2,197.55,8.17,22.10,1,OK
1779117015.7934043,-0.2588,-0.9659,app,svc1,301.05,8.20,22.11,1,OK
1779117015.8969965,-0.2588,-0.9659,svc2,self,99.12,8.18,22.10,1,OK
1779117015.9841585,-0.2588,-0.9659,svc3,self,81.86,8.15,22.08,1,OK
1779117015.987922,-0.2588,-0.9659,svc2,svc3,88.55,8.18,22.10,1,OK
1779117015.992528,-0.2588,-0.9659,app,svc2,196.98,8.20,22.11,1,OK
1779117016.080796,-0.2588,-0.9659,svc3,self,81.87,8.15,22.08,1,OK
1779117016.084999,-0.2588,-0.9659,app,svc3,89.27,8.20,22.11,1,OK
1779117018.200946,-0.2588,-0.9659,app,self,108.28,8.20,22.11,1,OK
1779117018.301055,-0.2588,-0.9659,svc1,self,94.82,8.17,22.10,1,OK
1779117018.4067461,-0.2588,-0.9659,svc2,self,99.11,8.18,22.10,1,OK
1779117018.4934185,-0.2588,-0.9659,svc3,self,81.90,8.15,22.08,1,OK
1779117018.4968896,-0.2588,-0.9659,svc2,svc3,88.02,8.18,22.10,1,OK
1779117018.500645,-0.2588,-0.9659,svc1,svc2,196.58,8.17,22.10,1,OK
1779117018.5046904,-0.2588,-0.9659,app,svc1,301.25,8.20,22.11,1,OK
1779117018.6091144,-0.2588,-0.9659,svc2,self,99.11,8.18,22.10,1,OK
1779117018.695956,-0.2588,-0.9659,svc3,self,81.88,8.15,22.08,1,OK
1779117018.6994622,-0.2588,-0.9659,svc2,svc3,88.30,8.18,22.10,1,OK
1779117018.7034152,-0.2588,-0.9659,app,svc2,196.05,8.20,22.11,1,OK
1779117018.7912898,-0.2588,-0.9659,svc3,self,81.89,8.15,22.08,1,OK
1779117018.794685,-0.2588,-0.9659,app,svc3,88.11,8.20,22.11,1,OK
1779117018.908934,-0.2588,-0.9659,app,self,107.69,8.20,22.11,1,OK
1779117019.008601,-0.2588,-0.9659,svc1,self,94.86,8.17,22.10,1,OK
1779117019.1127467,-0.2588,-0.9659,svc2,self,99.11,8.18,22.10,1,OK
1779117019.1999128,-0.2588,-0.9659,svc3,self,81.86,8.15,22.08,1,OK
1779117019.203645,-0.2588,-0.9659,svc2,svc3,88.07,8.18,22.10,1,OK
1779117019.2088335,-0.2588,-0.9659,svc1,svc2,198.14,8.17,22.10,1,OK
1779117019.2152243,-0.2588,-0.9659,app,svc1,304.46,8.20,22.11,1,OK
1779117019.3193007,-0.2588,-0.9659,svc2,self,99.13,8.18,22.10,1,OK
1779117019.406764,-0.2588,-0.9659,svc3,self,81.92,8.15,22.08,1,OK
1779117019.4103608,-0.2588,-0.9659,svc2,svc3,88.54,8.18,22.10,1,OK
1779117019.414351,-0.2588,-0.9659,app,svc2,196.78,8.20,22.11,1,OK
1779117019.5013237,-0.2588,-0.9659,svc3,self,81.91,8.15,22.08,1,OK
1779117019.5052936,-0.2588,-0.9659,app,svc3,88.43,8.20,22.11,1,OK
1779117021.629573,-0.2588,-0.9659,app,self,107.69,8.20,22.11,1,OK
1779117021.7298322,-0.2588,-0.9659,svc1,self,94.83,8.17,22.10,1,OK
1779117021.833549,-0.2588,-0.9659,svc2,self,99.13,8.18,22.10,1,OK
1779117021.9214337,-0.2588,-0.9659,svc3,self,81.95,8.15,22.08,1,OK
1779117021.9253516,-0.2588,-0.9659,svc2,svc3,89.16,8.18,22.10,1,OK
1779117021.9291708,-0.2588,-0.9659,svc1,svc2,197.38,8.17,22.10,1,OK
1779117021.9328606,-0.2588,-0.9659,app,svc1,300.84,8.20,22.11,1,OK
1779117022.0369172,-0.2588,-0.9659,svc2,self,99.13,8.18,22.10,1,OK
1779117022.1246684,-0.2588,-0.9659,svc3,self,81.97,8.15,22.08,1,OK
1779117022.1284652,-0.2588,-0.9659,svc2,svc3,88.46,8.18,22.10,1,OK
1779117022.1322758,-0.2588,-0.9659,app,svc2,197.19,8.20,22.11,1,OK
1779117022.2193918,-0.2588,-0.9659,svc3,self,81.87,8.15,22.08,1,OK
1779117022.2240853,-0.2588,-0.9659,app,svc3,89.39,8.20,22.11,1,OK
1779117022.338099,-0.2588,-0.9659,app,self,107.66,8.20,22.11,1,OK
1779117022.437681,-0.2588,-0.9659,svc1,self,94.88,8.17,22.10,1,OK
1779117022.5420153,-0.2588,-0.9659,svc2,self,99.14,8.18,22.10,1,OK
1779117022.6287718,-0.2588,-0.9659,svc3,self,81.91,8.15,22.08,1,OK
1779117022.6343744,-0.2588,-0.9659,svc2,svc3,90.18,8.18,22.10,1,OK
1779117022.6388664,-0.2588,-0.9659,svc1,svc2,198.60,8.17,22.10,1,OK
1779117022.6469145,-0.2588,-0.9659,app,svc1,306.77,8.20,22.11,1,OK
1779117022.7532623,-0.2588,-0.9659,svc2,self,99.22,8.18,22.10,1,OK
1779117022.8406124,-0.2588,-0.9659,svc3,self,81.87,8.15,22.08,1,OK
1779117022.844255,-0.2588,-0.9659,svc2,svc3,88.19,8.18,22.10,1,OK
1779117022.8482225,-0.2588,-0.9659,app,svc2,197.50,8.20,22.11,1,OK
1779117022.9357266,-0.2588,-0.9659,svc3,self,81.86,8.15,22.08,1,OK
1779117022.939391,-0.2588,-0.9659,app,svc3,88.28,8.20,22.11,1,OK
1779117025.054913,-0.2588,-0.9659,app,self,107.85,8.20,22.11,1,OK
1779117025.1550148,-0.2588,-0.9659,svc1,self,94.83,8.17,22.10,1,OK
1779117025.2606597,-0.2588,-0.9659,svc2,self,99.13,8.18,22.10,1,OK
1779117025.3475773,-0.2588,-0.9659,svc3,self,81.88,8.15,22.08,1,OK
1779117025.350883,-0.2588,-0.9659,svc2,svc3,87.71,8.18,22.10,1,OK
1779117025.3547819,-0.2588,-0.9659,svc1,svc2,196.61,8.17,22.10,1,OK
1779117025.3590496,-0.2588,-0.9659,app,svc1,301.34,8.20,22.11,1,OK
1779117025.4632847,-0.2588,-0.9659,svc2,self,99.24,8.18,22.10,1,OK
1779117025.5507855,-0.2588,-0.9659,svc3,self,81.91,8.15,22.08,1,OK
1779117025.5550313,-0.2588,-0.9659,svc2,svc3,88.84,8.18,22.10,1,OK
1779117025.5586698,-0.2588,-0.9659,app,svc2,197.16,8.20,22.11,1,OK
1779117025.6453948,-0.2588,-0.9659,svc3,self,81.88,8.15,22.08,1,OK
1779117025.6487088,-0.2588,-0.9659,app,svc3,87.69,8.20,22.11,1,OK
1779117025.7637322,-0.2588,-0.9659,app,self,108.01,8.20,22.11,1,OK
1779117025.8634038,-0.2588,-0.9659,svc1,self,94.86,8.17,22.10,1,OK
1779117025.969157,-0.2588,-0.9659,svc2,self,99.39,8.18,22.10,1,OK
1779117026.0565634,-0.2588,-0.9659,svc3,self,82.00,8.15,22.08,1,OK
1779117026.0607774,-0.2588,-0.9659,svc2,svc3,88.77,8.18,22.10,1,OK
1779117026.0643287,-0.2588,-0.9659,svc1,svc2,197.74,8.17,22.10,1,OK
1779117026.0678043,-0.2588,-0.9659,app,svc1,301.67,8.20,22.11,1,OK
1779117026.1716409,-0.2588,-0.9659,svc2,self,99.10,8.18,22.10,1,OK
1779117026.2636786,-0.2588,-0.9659,svc3,self,81.85,8.15,22.08,1,OK
1779117026.267585,-0.2588,-0.9659,svc2,svc3,89.83,8.18,22.10,1,OK
1779117026.2712965,-0.2588,-0.9659,app,svc2,201.36,8.20,22.11,1,OK
1779117026.3580608,-0.2588,-0.9659,svc3,self,81.91,8.15,22.08,1,OK
1779117026.3622367,-0.2588,-0.9659,app,svc3,88.53,8.20,22.11,1,OK
1779117028.476658,-0.2588,-0.9659,app,self,107.73,8.20,22.11,1,OK
1779117028.5768816,-0.2588,-0.9659,svc1,self,94.78,8.17,22.10,1,OK
1779117028.6808176,-0.2588,-0.9659,svc2,self,99.07,8.18,22.10,1,OK
1779117028.7678983,-0.2588,-0.9659,svc3,self,81.91,8.15,22.08,1,OK
1779117028.771803,-0.2588,-0.9659,svc2,svc3,88.46,8.18,22.10,1,OK
1779117028.7760198,-0.2588,-0.9659,svc1,svc2,196.92,8.17,22.10,1,OK
1779117028.7803469,-0.2588,-0.9659,app,svc1,301.16,8.20,22.11,1,OK
1779117028.8848372,-0.2588,-0.9659,svc2,self,99.26,8.18,22.10,1,OK
1779117028.972575,-0.2588,-0.9659,svc3,self,81.92,8.15,22.08,1,OK
1779117028.9760232,-0.2588,-0.9659,svc2,svc3,88.26,8.18,22.10,1,OK
1779117028.9799128,-0.2588,-0.9659,app,svc2,196.99,8.20,22.11,1,OK
1779117029.0671794,-0.2588,-0.9659,svc3,self,81.93,8.15,22.08,1,OK
1779117029.0712826,-0.2588,-0.9659,app,svc3,88.74,8.20,22.11,1,OK
1779117029.1861305,-0.2588,-0.9659,app,self,107.75,8.20,22.11,1,OK
1779117029.2861025,-0.2588,-0.9659,svc1,self,94.77,8.17,22.10,1,OK
1779117029.3898363,-0.2588,-0.9659,svc2,self,99.08,8.18,22.10,1,OK
1779117029.4764132,-0.2588,-0.9659,svc3,self,81.89,8.15,22.08,1,OK
1779117029.4801416,-0.2588,-0.9659,svc2,svc3,88.38,8.18,22.10,1,OK
1779117029.483985,-0.2588,-0.9659,svc1,svc2,195.77,8.17,22.10,1,OK
1779117029.487635,-0.2588,-0.9659,app,svc1,298.97,8.20,22.11,1,OK
1779117029.5930822,-0.2588,-0.9659,svc2,self,99.39,8.18,22.10,1,OK
1779117029.6805909,-0.2588,-0.9659,svc3,self,81.99,8.15,22.08,1,OK
1779117029.6851313,-0.2588,-0.9659,svc2,svc3,89.19,8.18,22.10,1,OK
1779117029.68969,-0.2588,-0.9659,app,svc2,199.03,8.20,22.11,1,OK
1779117029.7765076,-0.2588,-0.9659,svc3,self,81.96,8.15,22.08,1,OK
1779117029.780245,-0.2588,-0.9659,app,svc3,88.31,8.20,22.11,1,OK
1779117031.8933032,-0.2588,-0.9659,app,self,107.78,8.20,22.11,1,OK
1779117031.9941995,-0.2588,-0.9659,svc1,self,94.88,8.17,22.10,1,OK
1779117032.0992424,-0.2588,-0.9659,svc2,self,99.27,8.18,22.10,1,OK
1779117032.1872244,-0.2588,-0.9659,svc3,self,81.90,8.15,22.08,1,OK
1779117032.1916585,-0.2588,-0.9659,svc2,svc3,89.21,8.18,22.10,1,OK
1779117032.1956215,-0.2588,-0.9659,svc1,svc2,198.96,8.17,22.10,1,OK
1779117032.1990905,-0.2588,-0.9659,app,svc1,302.98,8.20,22.11,1,OK
1779117032.3032553,-0.2588,-0.9659,svc2,self,99.12,8.18,22.10,1,OK
1779117032.3903806,-0.2588,-0.9659,svc3,self,81.86,8.15,22.08,1,OK
1779117032.3943594,-0.2588,-0.9659,svc2,svc3,88.64,8.18,22.10,1,OK
1779117032.3981688,-0.2588,-0.9659,app,svc2,196.68,8.20,22.11,1,OK
1779117032.485465,-0.2588,-0.9659,svc3,self,81.94,8.15,22.08,1,OK
1779117032.489979,-0.2588,-0.9659,app,svc3,89.35,8.20,22.11,1,OK
1779117032.6066582,-0.2588,-0.9659,app,self,107.71,8.20,22.11,1,OK
1779117032.706787,-0.2588,-0.9659,svc1,self,94.84,8.17,22.10,1,OK
1779117032.8162117,-0.2588,-0.9659,svc2,self,99.22,8.18,22.10,1,OK
1779117032.9039328,-0.2588,-0.9659,svc3,self,81.92,8.15,22.08,1,OK
1779117032.907675,-0.2588,-0.9659,svc2,svc3,88.16,8.18,22.10,1,OK
1779117032.9119253,-0.2588,-0.9659,svc1,svc2,198.90,8.17,22.10,1,OK
1779117032.9160783,-0.2588,-0.9659,app,svc1,306.87,8.20,22.11,1,OK
1779117033.0223644,-0.2588,-0.9659,svc2,self,99.10,8.18,22.10,1,OK
1779117033.1097984,-0.2588,-0.9659,svc3,self,82.05,8.15,22.08,1,OK
1779117033.1140106,-0.2588,-0.9659,svc2,svc3,88.86,8.18,22.10,1,OK
1779117033.1183457,-0.2588,-0.9659,app,svc2,198.36,8.20,22.11,1,OK
1779117033.205884,-0.2588,-0.9659,svc3,self,81.90,8.15,22.08,1,OK
1779117033.2103245,-0.2588,-0.9659,app,svc3,88.98,8.20,22.11,1,OK
1779117035.3420277,-0.2588,-0.9659,app,self,107.74,8.20,22.11,1,OK
1779117035.4421704,-0.2588,-0.9659,svc1,self,94.90,8.17,22.10,1,OK
1779117035.546342,-0.2588,-0.9659,svc2,self,99.11,8.18,22.10,1,OK
1779117035.6340852,-0.2588,-0.9659,svc3,self,81.91,8.15,22.08,1,OK
1779117035.638018,-0.2588,-0.9659,svc2,svc3,89.01,8.18,22.10,1,OK
1779117035.641722,-0.2588,-0.9659,svc1,svc2,196.98,8.17,22.10,1,OK
1779117035.6451385,-0.2588,-0.9659,app,svc1,300.73,8.20,22.11,1,OK
1779117035.7489123,-0.2588,-0.9659,svc2,self,99.06,8.18,22.10,1,OK
1779117035.8359609,-0.2588,-0.9659,svc3,self,81.96,8.15,22.08,1,OK
1779117035.8397553,-0.2588,-0.9659,svc2,svc3,88.51,8.18,22.10,1,OK
1779117035.8436122,-0.2588,-0.9659,app,svc2,196.36,8.20,22.11,1,OK
1779117035.9306626,-0.2588,-0.9659,svc3,self,81.92,8.15,22.08,1,OK
1779117035.9346514,-0.2588,-0.9659,app,svc3,88.35,8.20,22.11,1,OK
1779117036.0488458,-0.2588,-0.9659,app,self,107.69,8.20,22.11,1,OK
1779117036.1489034,-0.2588,-0.9659,svc1,self,94.87,8.17,22.10,1,OK
1779117036.2545369,-0.2588,-0.9659,svc2,self,99.12,8.18,22.10,1,OK
1779117036.3425686,-0.2588,-0.9659,svc3,self,82.22,8.15,22.08,1,OK
1779117036.3474479,-0.2588,-0.9659,svc2,svc3,90.59,8.18,22.10,1,OK
1779117036.3508914,-0.2588,-0.9659,svc1,svc2,198.98,8.17,22.10,1,OK
1779117036.3546941,-0.2588,-0.9659,app,svc1,303.13,8.20,22.11,1,OK
1779117036.458382,-0.2588,-0.9659,svc2,self,99.10,8.18,22.10,1,OK
1779117036.5452657,-0.2588,-0.9659,svc3,self,81.89,8.15,22.08,1,OK
1779117036.5486405,-0.2588,-0.9659,svc2,svc3,88.30,8.18,22.10,1,OK
1779117036.5525854,-0.2588,-0.9659,app,svc2,195.77,8.20,22.11,1,OK
1779117036.6394393,-0.2588,-0.9659,svc3,self,81.94,8.15,22.08,1,OK
1779117036.6434813,-0.2588,-0.9659,app,svc3,88.49,8.20,22.11,1,OK
1779117038.7615857,-0.2588,-0.9659,app,self,108.51,8.20,22.11,1,OK
1779117038.8720589,-0.2588,-0.9659,svc1,self,94.80,8.17,22.10,1,OK
1779117038.9791548,-0.2588,-0.9659,svc2,self,99.19,8.18,22.10,1,OK
1779117039.0711253,-0.2588,-0.9659,svc3,self,81.91,8.15,22.08,1,OK
1779117039.076591,-0.2588,-0.9659,svc2,svc3,92.28,8.18,22.10,1,OK
1779117039.082763,-0.2588,-0.9659,svc1,svc2,207.08,8.17,22.10,1,OK
1779117039.0888898,-0.2588,-0.9659,app,svc1,318.17,8.20,22.11,1,OK
1779117039.1963298,-0.2588,-0.9659,svc2,self,99.19,8.18,22.10,1,OK
1779117039.2835786,-0.2588,-0.9659,svc3,self,81.91,8.15,22.08,1,OK
1779117039.2885041,-0.2588,-0.9659,svc2,svc3,89.93,8.18,22.10,1,OK
1779117039.2932494,-0.2588,-0.9659,app,svc2,200.50,8.20,22.11,1,OK
1779117039.381612,-0.2588,-0.9659,svc3,self,81.89,8.15,22.08,1,OK
1779117039.38967,-0.2588,-0.9659,app,svc3,92.94,8.20,22.11,1,OK
1779117039.551431,-0.2588,-0.9659,app,self,107.76,8.20,22.11,1,OK
1779117039.6524715,-0.2588,-0.9659,svc1,self,94.83,8.17,22.10,1,OK
1779117039.758404,-0.2588,-0.9659,svc2,self,99.10,8.18,22.10,1,OK
1779117039.8456242,-0.2588,-0.9659,svc3,self,81.89,8.15,22.08,1,OK
1779117039.8492007,-0.2588,-0.9659,svc2,svc3,88.68,8.18,22.10,1,OK
1779117039.8545806,-0.2588,-0.9659,svc1,svc2,198.37,8.17,22.10,1,OK
1779117039.8597338,-0.2588,-0.9659,app,svc1,305.34,8.20,22.11,1,OK
1779117039.9647737,-0.2588,-0.9659,svc2,self,99.16,8.18,22.10,1,OK
1779117040.0536604,-0.2588,-0.9659,svc3,self,81.93,8.15,22.08,1,OK
1779117040.057846,-0.2588,-0.9659,svc2,svc3,90.20,8.18,22.10,1,OK
1779117040.062788,-0.2588,-0.9659,app,svc2,199.98,8.20,22.11,1,OK
1779117040.1504698,-0.2588,-0.9659,svc3,self,81.91,8.15,22.08,1,OK
1779117040.1557493,-0.2588,-0.9659,app,svc3,90.31,8.20,22.11,1,OK
1779117041.2877994,-0.2588,-0.9659,app,self,107.84,8.20,22.11,1,OK
1779117041.3888116,-0.2588,-0.9659,svc1,self,94.84,8.17,22.10,1,OK
1779117041.4954247,-0.2588,-0.9659,svc2,self,99.19,8.18,22.10,1,OK
1779117041.5833669,-0.2588,-0.9659,svc3,self,81.95,8.15,22.08,1,OK
1779117041.5879676,-0.2588,-0.9659,svc2,svc3,90.01,8.18,22.10,1,OK
1779117041.5921001,-0.2588,-0.9659,svc1,svc2,199.59,8.17,22.10,1,OK
1779117041.5959313,-0.2588,-0.9659,app,svc1,304.79,8.20,22.11,1,OK
1779117041.7002413,-0.2588,-0.9659,svc2,self,99.16,8.18,22.10,1,OK
1779117041.788241,-0.2588,-0.9659,svc3,self,82.13,8.15,22.08,1,OK
1779117041.7923715,-0.2588,-0.9659,svc2,svc3,89.21,8.18,22.10,1,OK
1779117041.7962577,-0.2588,-0.9659,app,svc2,197.76,8.20,22.11,1,OK
1779117041.8838997,-0.2588,-0.9659,svc3,self,81.96,8.15,22.08,1,OK
1779117041.8881557,-0.2588,-0.9659,app,svc3,89.33,8.20,22.11,1,OK
1779117042.003542,-0.2588,-0.9659,app,self,107.75,8.20,22.11,1,OK
1779117042.105956,-0.2588,-0.9659,svc1,self,94.83,8.17,22.10,1,OK
1779117042.2105033,-0.2588,-0.9659,svc2,self,99.10,8.18,22.10,1,OK
1779117042.2978046,-0.2588,-0.9659,svc3,self,81.96,8.15,22.08,1,OK
1779117042.3024702,-0.2588,-0.9659,svc2,svc3,89.49,8.18,22.10,1,OK
1779117042.3076713,-0.2588,-0.9659,svc1,svc2,199.20,8.17,22.10,1,OK
1779117042.3118281,-0.2588,-0.9659,app,svc1,305.30,8.20,22.11,1,OK
1779117042.4162166,-0.2588,-0.9659,svc2,self,99.13,8.18,22.10,1,OK
1779117042.5035102,-0.2588,-0.9659,svc3,self,81.93,8.15,22.08,1,OK
1779117042.5084958,-0.2588,-0.9659,svc2,svc3,89.67,8.18,22.10,1,OK
1779117042.512513,-0.2588,-0.9659,app,svc2,198.07,8.20,22.11,1,OK
1779117042.5999272,-0.2588,-0.9659,svc3,self,81.91,8.15,22.08,1,OK
1779117042.604355,-0.2588,-0.9659,app,svc3,89.29,8.20,22.11,1,OK
1779117043.719579,-0.2588,-0.9659,app,self,107.74,8.20,22.11,1,OK
1779117043.8202693,-0.2588,-0.9659,svc1,self,94.81,8.17,22.10,1,OK
1779117043.9250934,-0.2588,-0.9659,svc2,self,99.12,8.18,22.10,1,OK
1779117044.0119557,-0.2588,-0.9659,svc3,self,81.89,8.15,22.08,1,OK
1779117044.017253,-0.2588,-0.9659,svc2,svc3,89.81,8.18,22.10,1,OK
1779117044.0241425,-0.2588,-0.9659,svc1,svc2,200.97,8.17,22.10,1,OK
1779117044.030336,-0.2588,-0.9659,app,svc1,307.68,8.20,22.11,1,OK
1779117044.137576,-0.2588,-0.9659,svc2,self,99.09,8.18,22.10,1,OK
1779117044.2245822,-0.2588,-0.9659,svc3,self,82.04,8.15,22.08,1,OK
1779117044.2286382,-0.2588,-0.9659,svc2,svc3,89.24,8.18,22.10,1,OK
1779117044.2322958,-0.2588,-0.9659,app,svc2,197.85,8.20,22.11,1,OK
1779117044.320057,-0.2588,-0.9659,svc3,self,81.88,8.15,22.08,1,OK
1779117044.3240592,-0.2588,-0.9659,app,svc3,88.52,8.20,22.11,1,OK
1779117045.4393976,-0.2588,-0.9659,app,self,107.72,8.20,22.11,1,OK
1779117045.5397742,-0.2588,-0.9659,svc1,self,94.83,8.17,22.10,1,OK
1779117045.644164,-0.2588,-0.9659,svc2,self,99.16,8.18,22.10,1,OK
1779117045.7315316,-0.2588,-0.9659,svc3,self,81.89,8.15,22.08,1,OK
1779117045.7357588,-0.2588,-0.9659,svc2,svc3,88.86,8.18,22.10,1,OK
1779117045.7398403,-0.2588,-0.9659,svc1,svc2,197.52,8.17,22.10,1,OK
1779117045.7438805,-0.2588,-0.9659,app,svc1,301.94,8.20,22.11,1,OK
1779117045.8510187,-0.2588,-0.9659,svc2,self,99.17,8.18,22.10,1,OK
1779117045.9393165,-0.2588,-0.9659,svc3,self,81.94,8.15,22.08,1,OK
1779117045.9436064,-0.2588,-0.9659,svc2,svc3,89.41,8.18,22.10,1,OK
1779117045.9484658,-0.2588,-0.9659,app,svc2,199.97,8.20,22.11,1,OK
1779117046.0381505,-0.2588,-0.9659,svc3,self,81.88,8.15,22.08,1,OK
1779117046.0434384,-0.2588,-0.9659,app,svc3,91.08,8.20,22.11,1,OK
1779117047.1726158,-0.2588,-0.9659,app,self,107.75,8.20,22.11,1,OK
1779117047.2731948,-0.2588,-0.9659,svc1,self,94.83,8.17,22.10,1,OK
1779117047.377472,-0.2588,-0.9659,svc2,self,99.18,8.18,22.10,1,OK
1779117047.4653056,-0.2588,-0.9659,svc3,self,82.22,8.15,22.08,1,OK
1779117047.470066,-0.2588,-0.9659,svc2,svc3,89.53,8.18,22.10,1,OK
1779117047.4743235,-0.2588,-0.9659,svc1,svc2,198.56,8.17,22.10,1,OK
1779117047.477731,-0.2588,-0.9659,app,svc1,302.43,8.20,22.11,1,OK
1779117047.581936,-0.2588,-0.9659,svc2,self,99.48,8.18,22.10,1,OK
1779117047.6691163,-0.2588,-0.9659,svc3,self,81.93,8.15,22.08,1,OK
1779117047.6728086,-0.2588,-0.9659,svc2,svc3,88.40,8.18,22.10,1,OK
1779117047.6763682,-0.2588,-0.9659,app,svc2,196.35,8.20,22.11,1,OK
1779117047.7630246,-0.2588,-0.9659,svc3,self,81.88,8.15,22.08,1,OK
1779117047.7667766,-0.2588,-0.9659,app,svc3,88.12,8.20,22.11,1,OK
1779117048.882127,-0.2588,-0.9659,app,self,107.74,8.20,22.11,1,OK
1779117048.9826102,-0.2588,-0.9659,svc1,self,94.80,8.17,22.10,1,OK
1779117049.0872626,-0.2588,-0.9659,svc2,self,99.13,8.18,22.10,1,OK
1779117049.1740832,-0.2588,-0.9659,svc3,self,81.95,8.15,22.08,1,OK
1779117049.1787267,-0.2588,-0.9659,svc2,svc3,89.28,8.18,22.10,1,OK
1779117049.1826727,-0.2588,-0.9659,svc1,svc2,197.37,8.17,22.10,1,OK
1779117049.1866171,-0.2588,-0.9659,app,svc1,301.63,8.20,22.11,1,OK
1779117049.290098,-0.2588,-0.9659,svc2,self,99.14,8.18,22.10,1,OK
1779117049.3779612,-0.2588,-0.9659,svc3,self,81.99,8.15,22.08,1,OK
1779117049.3826647,-0.2588,-0.9659,svc2,svc3,89.54,8.18,22.10,1,OK
1779117049.386683,-0.2588,-0.9659,app,svc2,198.16,8.20,22.11,1,OK
1779117049.473631,-0.2588,-0.9659,svc3,self,81.87,8.15,22.08,1,OK
1779117049.4767601,-0.2588,-0.9659,app,svc3,87.75,8.20,22.11,1,OK
1779117050.5918484,-0.2588,-0.9659,app,self,107.80,8.20,22.11,1,OK
1779117050.6922274,-0.2588,-0.9659,svc1,self,94.85,8.17,22.10,1,OK
1779117050.7975752,-0.2588,-0.9659,svc2,self,99.23,8.18,22.10,1,OK
1779117050.8853166,-0.2588,-0.9659,svc3,self,81.93,8.15,22.08,1,OK
1779117050.8892007,-0.2588,-0.9659,svc2,svc3,89.34,8.18,22.10,1,OK
1779117050.8931012,-0.2588,-0.9659,svc1,svc2,198.10,8.17,22.10,1,OK
1779117050.896951,-0.2588,-0.9659,app,svc1,302.50,8.20,22.11,1,OK
1779117051.001771,-0.2588,-0.9659,svc2,self,99.14,8.18,22.10,1,OK
1779117051.0899065,-0.2588,-0.9659,svc3,self,81.95,8.15,22.08,1,OK
1779117051.0938635,-0.2588,-0.9659,svc2,svc3,89.01,8.18,22.10,1,OK
1779117051.0991552,-0.2588,-0.9659,app,svc2,199.73,8.20,22.11,1,OK
1779117051.186707,-0.2588,-0.9659,svc3,self,81.89,8.15,22.08,1,OK
1779117051.1899405,-0.2588,-0.9659,app,svc3,87.81,8.20,22.11,1,OK
1779117052.3300323,-0.2588,-0.9659,app,self,107.69,8.20,22.11,1,OK
1779117052.4315157,-0.2588,-0.9659,svc1,self,94.86,8.17,22.10,1,OK
1779117052.5364087,-0.2588,-0.9659,svc2,self,99.11,8.18,22.10,1,OK
1779117052.6240635,-0.2588,-0.9659,svc3,self,81.89,8.15,22.08,1,OK
1779117052.6275616,-0.2588,-0.9659,svc2,svc3,88.05,8.18,22.10,1,OK
1779117052.6320643,-0.2588,-0.9659,svc1,svc2,197.69,8.17,22.10,1,OK
1779117052.6374295,-0.2588,-0.9659,app,svc1,304.51,8.20,22.11,1,OK
1779117052.7426465,-0.2588,-0.9659,svc2,self,99.21,8.18,22.10,1,OK
1779117052.8292863,-0.2588,-0.9659,svc3,self,81.85,8.15,22.08,1,OK
1779117052.838629,-0.2588,-0.9659,svc2,svc3,93.85,8.18,22.10,1,OK
1779117052.852097,-0.2588,-0.9659,app,svc2,211.65,8.20,22.11,1,OK
1779117052.94302,-0.2588,-0.9659,svc3,self,81.90,8.15,22.08,1,OK
1779117052.9463892,-0.2588,-0.9659,app,svc3,89.08,8.20,22.11,1,OK
1779117054.0708683,-0.2588,-0.9659,app,self,107.70,8.20,22.11,1,OK
1779117054.1723034,-0.2588,-0.9659,svc1,self,94.80,8.17,22.10,1,OK
1779117054.2772045,-0.2588,-0.9659,svc2,self,99.45,8.18,22.10,1,OK
1779117054.3648095,-0.2588,-0.9659,svc3,self,82.23,8.15,22.08,1,OK
1779117054.3687644,-0.2588,-0.9659,svc2,svc3,88.85,8.18,22.10,1,OK
1779117054.3727138,-0.2588,-0.9659,svc1,svc2,198.21,8.17,22.10,1,OK
1779117054.37627,-0.2588,-0.9659,app,svc1,302.14,8.20,22.11,1,OK
1779117054.479944,-0.2588,-0.9659,svc2,self,99.19,8.18,22.10,1,OK
1779117054.5676796,-0.2588,-0.9659,svc3,self,81.96,8.15,22.08,1,OK
1779117054.5717473,-0.2588,-0.9659,svc2,svc3,88.62,8.18,22.10,1,OK
1779117054.5754707,-0.2588,-0.9659,app,svc2,196.99,8.20,22.11,1,OK
1779117054.662313,-0.2588,-0.9659,svc3,self,81.86,8.15,22.08,1,OK
1779117054.6659505,-0.2588,-0.9659,app,svc3,87.94,8.20,22.11,1,OK
1779117055.7810721,-0.2588,-0.9659,app,self,107.79,8.20,22.11,1,OK
1779117055.8817952,-0.2588,-0.9659,svc1,self,94.79,8.17,22.10,1,OK
1779117055.986179,-0.2588,-0.9659,svc2,self,99.17,8.18,22.10,1,OK
1779117056.0733612,-0.2588,-0.9659,svc3,self,81.97,8.15,22.08,1,OK
1779117056.077299,-0.2588,-0.9659,svc2,svc3,88.42,8.18,22.10,1,OK
1779117056.0811133,-0.2588,-0.9659,svc1,svc2,196.79,8.17,22.10,1,OK
1779117056.084748,-0.2588,-0.9659,app,svc1,300.57,8.20,22.11,1,OK
1779117056.1890724,-0.2588,-0.9659,svc2,self,99.08,8.18,22.10,1,OK
1779117056.2779305,-0.2588,-0.9659,svc3,self,82.40,8.15,22.08,1,OK
1779117056.2820501,-0.2588,-0.9659,svc2,svc3,89.89,8.18,22.10,1,OK
1779117056.2863326,-0.2588,-0.9659,app,svc2,199.20,8.20,22.11,1,OK
1779117056.3730757,-0.2588,-0.9659,svc3,self,82.07,8.15,22.08,1,OK
1779117056.3774903,-0.2588,-0.9659,app,svc3,89.03,8.20,22.11,1,OK
1779117057.4924057,-0.2588,-0.9659,app,self,107.76,8.20,22.11,1,OK
1779117057.5930948,-0.2588,-0.9659,svc1,self,94.84,8.17,22.10,1,OK
1779117057.6993866,-0.2588,-0.9659,svc2,self,99.13,8.18,22.10,1,OK
1779117057.7872226,-0.2588,-0.9659,svc3,self,81.91,8.15,22.08,1,OK
1779117057.7911482,-0.2588,-0.9659,svc2,svc3,88.85,8.18,22.10,1,OK
1779117057.7952788,-0.2588,-0.9659,svc1,svc2,199.51,8.17,22.10,1,OK
1779117057.7995057,-0.2588,-0.9659,app,svc1,304.48,8.20,22.11,1,OK
1779117057.9043396,-0.2588,-0.9659,svc2,self,99.10,8.18,22.10,1,OK
1779117057.9919887,-0.2588,-0.9659,svc3,self,82.01,8.15,22.08,1,OK
1779117057.9967017,-0.2588,-0.9659,svc2,svc3,89.65,8.18,22.10,1,OK
1779117058.0004206,-0.2588,-0.9659,app,svc2,197.99,8.20,22.11,1,OK
1779117058.0878608,-0.2588,-0.9659,svc3,self,81.90,8.15,22.08,1,OK
1779117058.0913308,-0.2588,-0.9659,app,svc3,88.06,8.20,22.11,1,OK
1779117059.2348459,-0.2588,-0.9659,app,self,107.79,8.20,22.11,1,OK
1779117059.334944,-0.2588,-0.9659,svc1,self,94.88,8.17,22.10,1,OK
1779117059.439724,-0.2588,-0.9659,svc2,self,99.13,8.18,22.10,1,OK
1779117059.5266109,-0.2588,-0.9659,svc3,self,81.92,8.15,22.08,1,OK
1779117059.5308156,-0.2588,-0.9659,svc2,svc3,88.85,8.18,22.10,1,OK
1779117059.53571,-0.2588,-0.9659,svc1,svc2,198.17,8.17,22.10,1,OK
1779117059.5397282,-0.2588,-0.9659,app,svc1,302.50,8.20,22.11,1,OK
1779117059.6438808,-0.2588,-0.9659,svc2,self,99.21,8.18,22.10,1,OK
1779117059.7307785,-0.2588,-0.9659,svc3,self,81.87,8.15,22.08,1,OK
1779117059.7350922,-0.2588,-0.9659,svc2,svc3,88.62,8.18,22.10,1,OK
1779117059.7394092,-0.2588,-0.9659,app,svc2,197.48,8.20,22.11,1,OK
1779117059.8264341,-0.2588,-0.9659,svc3,self,81.94,8.15,22.08,1,OK
1779117059.831022,-0.2588,-0.9659,app,svc3,89.17,8.20,22.11,1,OK
1779117060.9455862,-0.2588,-0.9659,app,self,107.76,8.20,22.11,1,OK
1779117061.0470703,-0.2588,-0.9659,svc1,self,94.86,8.17,22.10,1,OK
1779117061.1525223,-0.2588,-0.9659,svc2,self,99.09,8.18,22.10,1,OK
1779117061.2391527,-0.2588,-0.9659,svc3,self,81.88,8.15,22.08,1,OK
1779117061.2424946,-0.2588,-0.9659,svc2,svc3,87.70,8.18,22.10,1,OK
1779117061.24625,-0.2588,-0.9659,svc1,svc2,195.71,8.17,22.10,1,OK
1779117061.2503078,-0.2588,-0.9659,app,svc1,301.27,8.20,22.11,1,OK
1779117061.3542397,-0.2588,-0.9659,svc2,self,99.16,8.18,22.10,1,OK
1779117061.442127,-0.2588,-0.9659,svc3,self,81.86,8.15,22.08,1,OK
1779117061.4453158,-0.2588,-0.9659,svc2,svc3,88.17,8.18,22.10,1,OK
1779117061.449153,-0.2588,-0.9659,app,svc2,196.51,8.20,22.11,1,OK
1779117061.5359058,-0.2588,-0.9659,svc3,self,81.88,8.15,22.08,1,OK
1779117061.5391734,-0.2588,-0.9659,app,svc3,87.60,8.20,22.11,1,OK
1779117062.6546445,-0.2588,-0.9659,app,self,107.74,8.20,22.11,1,OK
1779117062.755064,-0.2588,-0.9659,svc1,self,94.83,8.17,22.10,1,OK
1779117062.8593159,-0.2588,-0.9659,svc2,self,99.09,8.18,22.10,1,OK
1779117062.9462042,-0.2588,-0.9659,svc3,self,81.89,8.15,22.08,1,OK
1779117062.9528222,-0.2588,-0.9659,svc2,svc3,91.07,8.18,22.10,1,OK
1779117062.958471,-0.2588,-0.9659,svc1,svc2,201.06,8.17,22.10,1,OK
1779117062.962519,-0.2588,-0.9659,app,svc1,305.59,8.20,22.11,1,OK
1779117063.0681283,-0.2588,-0.9659,svc2,self,99.11,8.18,22.10,1,OK
1779117063.1553087,-0.2588,-0.9659,svc3,self,81.89,8.15,22.08,1,OK
1779117063.1581101,-0.2588,-0.9659,svc2,svc3,87.80,8.18,22.10,1,OK
1779117063.1621718,-0.2588,-0.9659,app,svc2,197.47,8.20,22.11,1,OK
1779117063.2501888,-0.2588,-0.9659,svc3,self,81.92,8.15,22.08,1,OK
1779117063.2536092,-0.2588,-0.9659,app,svc3,88.65,8.20,22.11,1,OK
1779117064.3692653,-0.2588,-0.9659,app,self,107.74,8.20,22.11,1,OK
1779117064.4698863,-0.2588,-0.9659,svc1,self,94.79,8.17,22.10,1,OK
1779117064.5743098,-0.2588,-0.9659,svc2,self,99.45,8.18,22.10,1,OK
1779117064.6617837,-0.2588,-0.9659,svc3,self,81.96,8.15,22.08,1,OK
1779117064.666187,-0.2588,-0.9659,svc2,svc3,89.31,8.18,22.10,1,OK
1779117064.6700885,-0.2588,-0.9659,svc1,svc2,197.90,8.17,22.10,1,OK
1779117064.673849,-0.2588,-0.9659,app,svc1,302.11,8.20,22.11,1,OK
1779117064.7778952,-0.2588,-0.9659,svc2,self,99.20,8.18,22.10,1,OK
1779117064.8662329,-0.2588,-0.9659,svc3,self,81.96,8.15,22.08,1,OK
1779117064.8698437,-0.2588,-0.9659,svc2,svc3,88.62,8.18,22.10,1,OK
1779117064.8744066,-0.2588,-0.9659,app,svc2,198.33,8.20,22.11,1,OK
1779117064.9611485,-0.2588,-0.9659,svc3,self,81.85,8.15,22.08,1,OK
1779117064.964609,-0.2588,-0.9659,app,svc3,87.85,8.20,22.11,1,OK
1779117066.1004565,-0.2588,-0.9659,app,self,107.80,8.20,22.11,1,OK
1779117066.2010603,-0.2588,-0.9659,svc1,self,94.78,8.17,22.10,1,OK
1779117066.307692,-0.2588,-0.9659,svc2,self,99.16,8.18,22.10,1,OK
1779117066.3955064,-0.2588,-0.9659,svc3,self,82.07,8.15,22.08,1,OK
1779117066.3992083,-0.2588,-0.9659,svc2,svc3,88.53,8.18,22.10,1,OK
1779117066.4032059,-0.2588,-0.9659,svc1,svc2,199.29,8.17,22.10,1,OK
1779117066.4067652,-0.2588,-0.9659,app,svc1,303.22,8.20,22.11,1,OK
1779117066.5106442,-0.2588,-0.9659,svc2,self,99.20,8.18,22.10,1,OK
1779117066.5981026,-0.2588,-0.9659,svc3,self,82.11,8.15,22.08,1,OK
1779117066.601895,-0.2588,-0.9659,svc2,svc3,88.55,8.18,22.10,1,OK
1779117066.6057858,-0.2588,-0.9659,app,svc2,196.85,8.20,22.11,1,OK
1779117066.6927593,-0.2588,-0.9659,svc3,self,81.96,8.15,22.08,1,OK
1779117066.6958842,-0.2588,-0.9659,app,svc3,87.44,8.20,22.11,1,OK
1779117067.8108966,-0.2588,-0.9659,app,self,108.04,8.20,22.11,1,OK
1779117067.9120846,-0.2588,-0.9659,svc1,self,95.03,8.17,22.10,1,OK
1779117068.0168777,-0.2588,-0.9659,svc2,self,99.14,8.18,22.10,1,OK
1779117068.1035402,-0.2588,-0.9659,svc3,self,81.88,8.15,22.08,1,OK
1779117068.1073296,-0.2588,-0.9659,svc2,svc3,88.51,8.18,22.10,1,OK
1779117068.1121566,-0.2588,-0.9659,svc1,svc2,197.60,8.17,22.10,1,OK
1779117068.1165032,-0.2588,-0.9659,app,svc1,302.98,8.20,22.11,1,OK
1779117068.2208898,-0.2588,-0.9659,svc2,self,99.17,8.18,22.10,1,OK
1779117068.3080575,-0.2588,-0.9659,svc3,self,81.95,8.15,22.08,1,OK
1779117068.3117607,-0.2588,-0.9659,svc2,svc3,88.14,8.18,22.10,1,OK
1779117068.3154094,-0.2588,-0.9659,app,svc2,196.51,8.20,22.11,1,OK
1779117068.4020972,-0.2588,-0.9659,svc3,self,81.92,8.15,22.08,1,OK
1779117068.4054122,-0.2588,-0.9659,app,svc3,87.63,8.20,22.11,1,OK
1779117069.5200856,-0.2588,-0.9659,app,self,107.82,8.20,22.11,1,OK
1779117069.6208806,-0.2588,-0.9659,svc1,self,94.84,8.17,22.10,1,OK
1779117069.7280393,-0.2588,-0.9659,svc2,self,99.14,8.18,22.10,1,OK
1779117069.8153741,-0.2588,-0.9659,svc3,self,81.91,8.15,22.08,1,OK
1779117069.8202446,-0.2588,-0.9659,svc2,svc3,89.77,8.18,22.10,1,OK
1779117069.8241715,-0.2588,-0.9659,svc1,svc2,199.20,8.17,22.10,1,OK
1779117069.8277996,-0.2588,-0.9659,app,svc1,304.59,8.20,22.11,1,OK
1779117069.9319215,-0.2588,-0.9659,svc2,self,99.21,8.18,22.10,1,OK
1779117070.019312,-0.2588,-0.9659,svc3,self,81.96,8.15,22.08,1,OK
1779117070.0232768,-0.2588,-0.9659,svc2,svc3,88.91,8.18,22.10,1,OK
1779117070.0270097,-0.2588,-0.9659,app,svc2,196.98,8.20,22.11,1,OK
1779117070.1141455,-0.2588,-0.9659,svc3,self,82.10,8.15,22.08,1,OK
1779117070.1184149,-0.2588,-0.9659,app,svc3,88.92,8.20,22.11,1,OK
1779117071.2734582,-0.2588,-0.9659,app,self,107.74,8.20,22.11,1,OK
1779117071.3738832,-0.2588,-0.9659,svc1,self,94.83,8.17,22.10,1,OK
1779117071.4773953,-0.2588,-0.9659,svc2,self,99.11,8.18,22.10,1,OK
1779117071.5654726,-0.2588,-0.9659,svc3,self,81.94,8.15,22.08,1,OK
1779117071.569348,-0.2588,-0.9659,svc2,svc3,89.51,8.18,22.10,1,OK
1779117071.5738373,-0.2588,-0.9659,svc1,svc2,198.29,8.17,22.10,1,OK
1779117071.5781956,-0.2588,-0.9659,app,svc1,301.94,8.20,22.11,1,OK
1779117071.6831915,-0.2588,-0.9659,svc2,self,99.19,8.18,22.10,1,OK
1779117071.7715137,-0.2588,-0.9659,svc3,self,81.91,8.15,22.08,1,OK
1779117071.7754211,-0.2588,-0.9659,svc2,svc3,89.29,8.18,22.10,1,OK
1779117071.7795217,-0.2588,-0.9659,app,svc2,198.77,8.20,22.11,1,OK
1779117071.8670714,-0.2588,-0.9659,svc3,self,81.91,8.15,22.08,1,OK
1779117071.8706934,-0.2588,-0.9659,app,svc3,88.61,8.20,22.11,1,OK
1779117072.986795,-0.2588,-0.9659,app,self,107.75,8.20,22.11,1,OK
1779117073.0869937,-0.2588,-0.9659,svc1,self,94.81,8.17,22.10,1,OK
1779117073.1977093,-0.2588,-0.9659,svc2,self,99.14,8.18,22.10,1,OK
1779117073.285194,-0.2588,-0.9659,svc3,self,81.90,8.15,22.08,1,OK
1779117073.2896223,-0.2588,-0.9659,svc2,svc3,89.08,8.18,22.10,1,OK
1779117073.2931767,-0.2588,-0.9659,svc1,svc2,199.17,8.17,22.10,1,OK
1779117073.2965274,-0.2588,-0.9659,app,svc1,306.96,8.20,22.11,1,OK
1779117073.4004974,-0.2588,-0.9659,svc2,self,99.22,8.18,22.10,1,OK
1779117073.4873664,-0.2588,-0.9659,svc3,self,81.87,8.15,22.08,1,OK
1779117073.4915063,-0.2588,-0.9659,svc2,svc3,88.72,8.18,22.10,1,OK
1779117073.4951508,-0.2588,-0.9659,app,svc2,196.36,8.20,22.11,1,OK
1779117073.5820625,-0.2588,-0.9659,svc3,self,82.15,8.15,22.08,1,OK
1779117073.5865343,-0.2588,-0.9659,app,svc3,89.14,8.20,22.11,1,OK
1779117074.7015069,-0.2588,-0.9659,app,self,107.70,8.20,22.11,1,OK
1779117074.8016367,-0.2588,-0.9659,svc1,self,94.79,8.17,22.10,1,OK
1779117074.906097,-0.2588,-0.9659,svc2,self,99.19,8.18,22.10,1,OK
1779117074.9933598,-0.2588,-0.9659,svc3,self,81.85,8.15,22.08,1,OK
1779117074.999341,-0.2588,-0.9659,svc2,svc3,90.39,8.18,22.10,1,OK
1779117075.0031404,-0.2588,-0.9659,svc1,svc2,198.76,8.17,22.10,1,OK
1779117075.0075238,-0.2588,-0.9659,app,svc1,303.38,8.20,22.11,1,OK
1779117075.1128075,-0.2588,-0.9659,svc2,self,99.13,8.18,22.10,1,OK
1779117075.2003663,-0.2588,-0.9659,svc3,self,81.86,8.15,22.08,1,OK
1779117075.203969,-0.2588,-0.9659,svc2,svc3,88.40,8.18,22.10,1,OK
1779117075.2077584,-0.2588,-0.9659,app,svc2,197.09,8.20,22.11,1,OK
1779117075.294769,-0.2588,-0.9659,svc3,self,81.93,8.15,22.08,1,OK
1779117075.2989106,-0.2588,-0.9659,app,svc3,88.53,8.20,22.11,1,OK
1779117076.414901,-0.2588,-0.9659,app,self,107.73,8.20,22.11,1,OK
1779117076.5156286,-0.2588,-0.9659,svc1,self,94.91,8.17,22.10,1,OK
1779117076.622648,-0.2588,-0.9659,svc2,self,99.40,8.18,22.10,1,OK
1779117076.7094984,-0.2588,-0.9659,svc3,self,81.91,8.15,22.08,1,OK
1779117076.7135375,-0.2588,-0.9659,svc2,svc3,88.42,8.18,22.10,1,OK
1779117076.717647,-0.2588,-0.9659,svc1,svc2,197.52,8.17,22.10,1,OK
1779117076.7216275,-0.2588,-0.9659,app,svc1,303.83,8.20,22.11,1,OK
1779117076.825782,-0.2588,-0.9659,svc2,self,99.49,8.18,22.10,1,OK
1779117076.9142835,-0.2588,-0.9659,svc3,self,82.46,8.15,22.08,1,OK
1779117076.9187274,-0.2588,-0.9659,svc2,svc3,90.26,8.18,22.10,1,OK
1779117076.9224722,-0.2588,-0.9659,app,svc2,198.60,8.20,22.11,1,OK
1779117077.0093613,-0.2588,-0.9659,svc3,self,81.91,8.15,22.08,1,OK
1779117077.0127792,-0.2588,-0.9659,app,svc3,87.76,8.20,22.11,1,OK
1779117078.1381097,-0.2588,-0.9659,app,self,108.13,8.20,22.11,1,OK
1779117078.2379975,-0.2588,-0.9659,svc1,self,94.86,8.17,22.10,1,OK
1779117078.3430278,-0.2588,-0.9659,svc2,self,99.39,8.18,22.10,1,OK
1779117078.4311745,-0.2588,-0.9659,svc3,self,82.22,8.15,22.08,1,OK
1779117078.4348905,-0.2588,-0.9659,svc2,svc3,89.30,8.18,22.10,1,OK
1779117078.4386234,-0.2588,-0.9659,svc1,svc2,198.11,8.17,22.10,1,OK
1779117078.4421892,-0.2588,-0.9659,app,svc1,301.52,8.20,22.11,1,OK
1779117078.5460713,-0.2588,-0.9659,svc2,self,99.12,8.18,22.10,1,OK
1779117078.6333654,-0.2588,-0.9659,svc3,self,81.91,8.15,22.08,1,OK
1779117078.63699,-0.2588,-0.9659,svc2,svc3,88.23,8.18,22.10,1,OK
1779117078.6407204,-0.2588,-0.9659,app,svc2,196.28,8.20,22.11,1,OK
1779117078.7275987,-0.2588,-0.9659,svc3,self,81.96,8.15,22.08,1,OK
1779117078.7319574,-0.2588,-0.9659,app,svc3,89.13,8.20,22.11,1,OK
1779117079.8465607,-0.2588,-0.9659,app,self,107.81,8.20,22.11,1,OK
1779117079.947552,-0.2588,-0.9659,svc1,self,94.82,8.17,22.10,1,OK
1779117080.0520196,-0.2588,-0.9659,svc2,self,99.26,8.18,22.10,1,OK
1779117080.1395195,-0.2588,-0.9659,svc3,self,81.94,8.15,22.08,1,OK
1779117080.1438177,-0.2588,-0.9659,svc2,svc3,89.06,8.18,22.10,1,OK
1779117080.147205,-0.2588,-0.9659,svc1,svc2,197.32,8.17,22.10,1,OK
1779117080.1509416,-0.2588,-0.9659,app,svc1,300.77,8.20,22.11,1,OK
1779117080.2544336,-0.2588,-0.9659,svc2,self,99.18,8.18,22.10,1,OK
1779117080.3418176,-0.2588,-0.9659,svc3,self,82.14,8.15,22.08,1,OK
1779117080.3457072,-0.2588,-0.9659,svc2,svc3,88.79,8.18,22.10,1,OK
1779117080.3497844,-0.2588,-0.9659,app,svc2,196.90,8.20,22.11,1,OK
1779117080.4365103,-0.2588,-0.9659,svc3,self,81.90,8.15,22.08,1,OK
1779117080.4402235,-0.2588,-0.9659,app,svc3,88.22,8.20,22.11,1,OK
1779117081.5554385,-0.2588,-0.9659,app,self,107.74,8.20,22.11,1,OK
1779117081.6566944,-0.2588,-0.9659,svc1,self,94.86,8.17,22.10,1,OK
1779117081.7612042,-0.2588,-0.9659,svc2,self,99.15,8.18,22.10,1,OK
1779117081.848747,-0.2588,-0.9659,svc3,self,81.92,8.15,22.08,1,OK
1779117081.8527317,-0.2588,-0.9659,svc2,svc3,89.38,8.18,22.10,1,OK
1779117081.8563294,-0.2588,-0.9659,svc1,svc2,196.85,8.17,22.10,1,OK
1779117081.859987,-0.2588,-0.9659,app,svc1,301.68,8.20,22.11,1,OK
1779117081.9642344,-0.2588,-0.9659,svc2,self,99.32,8.18,22.10,1,OK
1779117082.052152,-0.2588,-0.9659,svc3,self,81.99,8.15,22.08,1,OK
1779117082.0562088,-0.2588,-0.9659,svc2,svc3,89.01,8.18,22.10,1,OK
1779117082.0595155,-0.2588,-0.9659,app,svc2,197.26,8.20,22.11,1,OK
1779117082.1459243,-0.2588,-0.9659,svc3,self,81.96,8.15,22.08,1,OK
1779117082.149954,-0.2588,-0.9659,app,svc3,88.31,8.20,22.11,1,OK
1779117083.2912781,-0.2588,-0.9659,app,self,107.72,8.20,22.11,1,OK
1779117083.3918324,-0.2588,-0.9659,svc1,self,94.77,8.17,22.10,1,OK
1779117083.496173,-0.2588,-0.9659,svc2,self,99.07,8.18,22.10,1,OK
1779117083.58361,-0.2588,-0.9659,svc3,self,81.88,8.15,22.08,1,OK
1779117083.587608,-0.2588,-0.9659,svc2,svc3,88.81,8.18,22.10,1,OK
1779117083.5920517,-0.2588,-0.9659,svc1,svc2,197.82,8.17,22.10,1,OK
1779117083.5970213,-0.2588,-0.9659,app,svc1,302.80,8.20,22.11,1,OK
1779117083.704512,-0.2588,-0.9659,svc2,self,99.08,8.18,22.10,1,OK
1779117083.791688,-0.2588,-0.9659,svc3,self,82.05,8.15,22.08,1,OK
1779117083.7956917,-0.2588,-0.9659,svc2,svc3,88.53,8.18,22.10,1,OK
1779117083.799688,-0.2588,-0.9659,app,svc2,197.98,8.20,22.11,1,OK
1779117083.8870444,-0.2588,-0.9659,svc3,self,81.94,8.15,22.08,1,OK
1779117083.890943,-0.2588,-0.9659,app,svc3,88.49,8.20,22.11,1,OK
1779117085.020783,-0.2588,-0.9659,app,self,107.76,8.20,22.11,1,OK
1779117085.1208606,-0.2588,-0.9659,svc1,self,94.94,8.17,22.10,1,OK
1779117085.2249508,-0.2588,-0.9659,svc2,self,99.13,8.18,22.10,1,OK
1779117085.3117824,-0.2588,-0.9659,svc3,self,81.93,8.15,22.08,1,OK
1779117085.3153188,-0.2588,-0.9659,svc2,svc3,88.14,8.18,22.10,1,OK
1779117085.31918,-0.2588,-0.9659,svc1,svc2,195.93,8.17,22.10,1,OK
1779117085.3230925,-0.2588,-0.9659,app,svc1,300.10,8.20,22.11,1,OK
1779117085.4320579,-0.2588,-0.9659,svc2,self,99.29,8.18,22.10,1,OK
1779117085.5192022,-0.2588,-0.9659,svc3,self,82.13,8.15,22.08,1,OK
1779117085.5229404,-0.2588,-0.9659,svc2,svc3,88.43,8.18,22.10,1,OK
1779117085.526743,-0.2588,-0.9659,app,svc2,196.70,8.20,22.11,1,OK
1779117085.6136084,-0.2588,-0.9659,svc3,self,82.27,8.15,22.08,1,OK
1779117085.6178198,-0.2588,-0.9659,app,svc3,88.97,8.20,22.11,1,OK
1779117086.7328405,-0.2588,-0.9659,app,self,107.84,8.20,22.11,1,OK
1779117086.8326464,-0.2588,-0.9659,svc1,self,94.86,8.17,22.10,1,OK
1779117086.936681,-0.2588,-0.9659,svc2,self,99.08,8.18,22.10,1,OK
1779117087.0239599,-0.2588,-0.9659,svc3,self,81.90,8.15,22.08,1,OK
1779117087.0272,-0.2588,-0.9659,svc2,svc3,87.80,8.18,22.10,1,OK
1779117087.0310795,-0.2588,-0.9659,svc1,svc2,196.45,8.17,22.10,1,OK
1779117087.0348132,-0.2588,-0.9659,app,svc1,300.05,8.20,22.11,1,OK
1779117087.138112,-0.2588,-0.9659,svc2,self,99.15,8.18,22.10,1,OK
1779117087.2256625,-0.2588,-0.9659,svc3,self,81.96,8.15,22.08,1,OK
1779117087.2299693,-0.2588,-0.9659,svc2,svc3,88.70,8.18,22.10,1,OK
1779117087.233761,-0.2588,-0.9659,app,svc2,197.18,8.20,22.11,1,OK
1779117087.3205087,-0.2588,-0.9659,svc3,self,82.09,8.15,22.08,1,OK
1779117087.3245916,-0.2588,-0.9659,app,svc3,88.77,8.20,22.11,1,OK
1779117088.440214,-0.2588,-0.9659,app,self,107.75,8.20,22.11,1,OK
1779117088.5405812,-0.2588,-0.9659,svc1,self,95.14,8.17,22.10,1,OK
1779117088.645932,-0.2588,-0.9659,svc2,self,99.55,8.18,22.10,1,OK
1779117088.7339194,-0.2588,-0.9659,svc3,self,81.97,8.15,22.08,1,OK
1779117088.7379048,-0.2588,-0.9659,svc2,svc3,88.62,8.18,22.10,1,OK
1779117088.7420282,-0.2588,-0.9659,svc1,svc2,198.98,8.17,22.10,1,OK
1779117088.745549,-0.2588,-0.9659,app,svc1,302.67,8.20,22.11,1,OK
1779117088.849411,-0.2588,-0.9659,svc2,self,99.15,8.18,22.10,1,OK
1779117088.9361024,-0.2588,-0.9659,svc3,self,81.88,8.15,22.08,1,OK
1779117088.9397414,-0.2588,-0.9659,svc2,svc3,88.28,8.18,22.10,1,OK
1779117088.9434814,-0.2588,-0.9659,app,svc2,195.76,8.20,22.11,1,OK
1779117089.030115,-0.2588,-0.9659,svc3,self,81.94,8.15,22.08,1,OK
1779117089.0345724,-0.2588,-0.9659,app,svc3,88.90,8.20,22.11,1,OK
1779117090.1876485,-0.2588,-0.9659,app,self,108.01,8.20,22.11,1,OK
1779117090.2882216,-0.2588,-0.9659,svc1,self,94.85,8.17,22.10,1,OK
1779117090.3929853,-0.2588,-0.9659,svc2,self,99.20,8.18,22.10,1,OK
1779117090.4780853,-0.2588,-0.9659,svc3,self,79.85,8.15,22.08,1,OK
1779117090.4834511,-0.2588,-0.9659,svc2,svc3,87.86,8.18,22.10,1,OK
1779117090.4871907,-0.2588,-0.9659,svc1,svc2,196.11,8.17,22.10,1,OK
1779117090.4906292,-0.2588,-0.9659,app,svc1,299.80,8.20,22.11,1,OK
1779117090.5945973,-0.2588,-0.9659,svc2,self,99.15,8.18,22.10,1,OK
1779117090.6828578,-0.2588,-0.9659,svc3,self,81.93,8.15,22.08,1,OK
1779117090.6866708,-0.2588,-0.9659,svc2,svc3,88.50,8.18,22.10,1,OK
1779117090.6905208,-0.2588,-0.9659,app,svc2,197.65,8.20,22.11,1,OK
1779117090.7769945,-0.2588,-0.9659,svc3,self,81.93,8.15,22.08,1,OK
1779117090.7822692,-0.2588,-0.9659,app,svc3,89.69,8.20,22.11,1,OK
1779117091.897463,-0.2588,-0.9659,app,self,107.80,8.20,22.11,1,OK
1779117091.9974458,-0.2588,-0.9659,svc1,self,94.80,8.17,22.10,1,OK
1779117092.104073,-0.2588,-0.9659,svc2,self,99.08,8.18,22.10,1,OK
1779117092.1910348,-0.2588,-0.9659,svc3,self,81.90,8.15,22.08,1,OK
1779117092.1983771,-0.2588,-0.9659,svc2,svc3,91.77,8.18,22.10,1,OK
1779117092.201901,-0.2588,-0.9659,svc1,svc2,200.08,8.17,22.10,1,OK
1779117092.2057276,-0.2588,-0.9659,app,svc1,305.93,8.20,22.11,1,OK
1779117092.3096335,-0.2588,-0.9659,svc2,self,99.15,8.18,22.10,1,OK
1779117092.3971872,-0.2588,-0.9659,svc3,self,81.89,8.15,22.08,1,OK
1779117092.4007633,-0.2588,-0.9659,svc2,svc3,88.10,8.18,22.10,1,OK
1779117092.4047847,-0.2588,-0.9659,app,svc2,196.79,8.20,22.11,1,OK
1779117092.4915202,-0.2588,-0.9659,svc3,self,81.88,8.15,22.08,1,OK
1779117092.4966414,-0.2588,-0.9659,app,svc3,89.47,8.20,22.11,1,OK
1779117093.6113083,-0.2588,-0.9659,app,self,107.73,8.20,22.11,1,OK
1779117093.7124994,-0.2588,-0.9659,svc1,self,95.14,8.17,22.10,1,OK
1779117093.8179948,-0.2588,-0.9659,svc2,self,99.29,8.18,22.10,1,OK
1779117093.906805,-0.2588,-0.9659,svc3,self,82.04,8.15,22.08,1,OK
1779117093.910875,-0.2588,-0.9659,svc2,svc3,89.71,8.18,22.10,1,OK
1779117093.9148583,-0.2588,-0.9659,svc1,svc2,198.98,8.17,22.10,1,OK
1779117093.9182644,-0.2588,-0.9659,app,svc1,303.51,8.20,22.11,1,OK
1779117094.0223029,-0.2588,-0.9659,svc2,self,99.11,8.18,22.10,1,OK
1779117094.1107168,-0.2588,-0.9659,svc3,self,81.90,8.15,22.08,1,OK
1779117094.1159277,-0.2588,-0.9659,svc2,svc3,90.41,8.18,22.10,1,OK
1779117094.1212735,-0.2588,-0.9659,app,svc2,200.73,8.20,22.11,1,OK
1779117094.2088957,-0.2588,-0.9659,svc3,self,81.91,8.15,22.08,1,OK
1779117094.2124567,-0.2588,-0.9659,app,svc3,88.19,8.20,22.11,1,OK
1779117095.3277345,-0.2588,-0.9659,app,self,107.78,8.20,22.11,1,OK
1779117095.4295533,-0.2588,-0.9659,svc1,self,94.80,8.17,22.10,1,OK
1779117095.5338662,-0.2588,-0.9659,svc2,self,99.14,8.18,22.10,1,OK
1779117095.621451,-0.2588,-0.9659,svc3,self,81.87,8.15,22.08,1,OK
1779117095.6251545,-0.2588,-0.9659,svc2,svc3,88.30,8.18,22.10,1,OK
1779117095.6293945,-0.2588,-0.9659,svc1,svc2,197.48,8.17,22.10,1,OK
1779117095.6338851,-0.2588,-0.9659,app,svc1,302.90,8.20,22.11,1,OK
1779117095.738469,-0.2588,-0.9659,svc2,self,99.29,8.18,22.10,1,OK
1779117095.8255973,-0.2588,-0.9659,svc3,self,81.92,8.15,22.08,1,OK
1779117095.8297307,-0.2588,-0.9659,svc2,svc3,88.64,8.18,22.10,1,OK
1779117095.8342767,-0.2588,-0.9659,app,svc2,197.76,8.20,22.11,1,OK
1779117095.92179,-0.2588,-0.9659,svc3,self,81.95,8.15,22.08,1,OK
1779117095.9257624,-0.2588,-0.9659,app,svc3,88.54,8.20,22.11,1,OK
1779117097.092537,-0.2588,-0.9659,app,self,107.81,8.20,22.11,1,OK
1779117097.193678,-0.2588,-0.9659,svc1,self,94.81,8.17,22.10,1,OK
1779117097.2976277,-0.2588,-0.9659,svc2,self,99.13,8.18,22.10,1,OK
1779117097.3845654,-0.2588,-0.9659,svc3,self,81.93,8.15,22.08,1,OK
1779117097.3881035,-0.2588,-0.9659,svc2,svc3,88.46,8.18,22.10,1,OK
1779117097.3919015,-0.2588,-0.9659,svc1,svc2,196.59,8.17,22.10,1,OK
1779117097.3966963,-0.2588,-0.9659,app,svc1,301.16,8.20,22.11,1,OK
1779117097.5018353,-0.2588,-0.9659,svc2,self,99.10,8.18,22.10,1,OK
1779117097.5888963,-0.2588,-0.9659,svc3,self,81.94,8.15,22.08,1,OK
1779117097.5926785,-0.2588,-0.9659,svc2,svc3,88.50,8.18,22.10,1,OK
1779117097.5968719,-0.2588,-0.9659,app,svc2,196.78,8.20,22.11,1,OK
1779117097.6839612,-0.2588,-0.9659,svc3,self,81.92,8.15,22.08,1,OK
1779117097.6874342,-0.2588,-0.9659,app,svc3,87.96,8.20,22.11,1,OK
1779117098.8039906,-0.2588,-0.9659,app,self,107.71,8.20,22.11,1,OK
1779117098.9063652,-0.2588,-0.9659,svc1,self,94.83,8.17,22.10,1,OK
1779117099.0116758,-0.2588,-0.9659,svc2,self,99.15,8.18,22.10,1,OK
1779117099.1000862,-0.2588,-0.9659,svc3,self,82.80,8.15,22.08,1,OK
1779117099.1036937,-0.2588,-0.9659,svc2,svc3,88.84,8.18,22.10,1,OK
1779117099.1076775,-0.2588,-0.9659,svc1,svc2,198.09,8.17,22.10,1,OK
1779117099.1116278,-0.2588,-0.9659,app,svc1,303.66,8.20,22.11,1,OK
1779117099.2161703,-0.2588,-0.9659,svc2,self,99.10,8.18,22.10,1,OK
1779117099.3028839,-0.2588,-0.9659,svc3,self,81.89,8.15,22.08,1,OK
1779117099.3067377,-0.2588,-0.9659,svc2,svc3,88.46,8.18,22.10,1,OK
1779117099.3105538,-0.2588,-0.9659,app,svc2,196.27,8.20,22.11,1,OK
1779117099.3976061,-0.2588,-0.9659,svc3,self,81.92,8.15,22.08,1,OK
1779117099.4018252,-0.2588,-0.9659,app,svc3,88.81,8.20,22.11,1,OK
1779117100.5176947,-0.2588,-0.9659,app,self,107.78,8.20,22.11,1,OK
1779117100.6175184,-0.2588,-0.9659,svc1,self,94.89,8.17,22.10,1,OK
1779117100.7221265,-0.2588,-0.9659,svc2,self,99.36,8.18,22.10,1,OK
1779117100.8095713,-0.2588,-0.9659,svc3,self,82.01,8.15,22.08,1,OK
1779117100.8136094,-0.2588,-0.9659,svc2,svc3,88.98,8.18,22.10,1,OK
1779117100.8176007,-0.2588,-0.9659,svc1,svc2,197.58,8.17,22.10,1,OK
1779117100.8209412,-0.2588,-0.9659,app,svc1,300.86,8.20,22.11,1,OK
1779117100.9248188,-0.2588,-0.9659,svc2,self,99.08,8.18,22.10,1,OK
1779117101.0121863,-0.2588,-0.9659,svc3,self,81.96,8.15,22.08,1,OK
1779117101.0162385,-0.2588,-0.9659,svc2,svc3,88.63,8.18,22.10,1,OK
1779117101.0202847,-0.2588,-0.9659,app,svc2,197.29,8.20,22.11,1,OK
1779117101.107463,-0.2588,-0.9659,svc3,self,81.98,8.15,22.08,1,OK
1779117101.1110418,-0.2588,-0.9659,app,svc3,88.46,8.20,22.11,1,OK
1779117102.2272258,-0.2588,-0.9659,app,self,108.07,8.20,22.11,1,OK
1779117102.3288038,-0.2588,-0.9659,svc1,self,94.83,8.17,22.10,1,OK
1779117102.4343016,-0.2588,-0.9659,svc2,self,99.11,8.18,22.10,1,OK
1779117102.5215037,-0.2588,-0.9659,svc3,self,81.90,8.15,22.08,1,OK
1779117102.525092,-0.2588,-0.9659,svc2,svc3,88.30,8.18,22.10,1,OK
1779117102.5296326,-0.2588,-0.9659,svc1,svc2,197.24,8.17,22.10,1,OK
1779117102.534464,-0.2588,-0.9659,app,svc1,304.17,8.20,22.11,1,OK
1779117102.6388004,-0.2588,-0.9659,svc2,self,99.15,8.18,22.10,1,OK
1779117102.7266068,-0.2588,-0.9659,svc3,self,81.87,8.15,22.08,1,OK
1779117102.7308142,-0.2588,-0.9659,svc2,svc3,89.08,8.18,22.10,1,OK
1779117102.7353864,-0.2588,-0.9659,app,svc2,198.58,8.20,22.11,1,OK
1779117102.8224862,-0.2588,-0.9659,svc3,self,81.90,8.15,22.08,1,OK
1779117102.8261924,-0.2588,-0.9659,app,svc3,88.37,8.20,22.11,1,OK
1779117103.9566596,-0.2588,-0.9659,app,self,107.70,8.20,22.11,1,OK
1779117104.055796,-0.2588,-0.9659,svc1,self,94.83,8.17,22.10,1,OK
1779117104.1613162,-0.2588,-0.9659,svc2,self,99.16,8.18,22.10,1,OK
1779117104.2501934,-0.2588,-0.9659,svc3,self,81.88,8.15,22.08,1,OK
1779117104.2538824,-0.2588,-0.9659,svc2,svc3,88.18,8.18,22.10,1,OK
1779117104.2579007,-0.2588,-0.9659,svc1,svc2,198.94,8.17,22.10,1,OK
1779117104.2619038,-0.2588,-0.9659,app,svc1,303.47,8.20,22.11,1,OK
1779117104.3664982,-0.2588,-0.9659,svc2,self,99.20,8.18,22.10,1,OK
1779117104.4549417,-0.2588,-0.9659,svc3,self,81.97,8.15,22.08,1,OK
1779117104.458837,-0.2588,-0.9659,svc2,svc3,89.01,8.18,22.10,1,OK
1779117104.4634717,-0.2588,-0.9659,app,svc2,199.00,8.20,22.11,1,OK
1779117104.5503845,-0.2588,-0.9659,svc3,self,81.91,8.15,22.08,1,OK
1779117104.5546656,-0.2588,-0.9659,app,svc3,88.94,8.20,22.11,1,OK
1779117105.669448,-0.2588,-0.9659,app,self,107.74,8.20,22.11,1,OK
1779117105.7694185,-0.2588,-0.9659,svc1,self,94.82,8.17,22.10,1,OK
1779117105.8733642,-0.2588,-0.9659,svc2,self,99.30,8.18,22.10,1,OK
1779117105.9606192,-0.2588,-0.9659,svc3,self,81.89,8.15,22.08,1,OK
1779117105.9655159,-0.2588,-0.9659,svc2,svc3,89.37,8.18,22.10,1,OK
1779117105.9690835,-0.2588,-0.9659,svc1,svc2,197.67,8.17,22.10,1,OK
1779117105.9726362,-0.2588,-0.9659,app,svc1,301.01,8.20,22.11,1,OK
1779117106.0764763,-0.2588,-0.9659,svc2,self,99.43,8.18,22.10,1,OK
1779117106.1641195,-0.2588,-0.9659,svc3,self,81.94,8.15,22.08,1,OK
1779117106.168727,-0.2588,-0.9659,svc2,svc3,89.27,8.18,22.10,1,OK
1779117106.1733913,-0.2588,-0.9659,app,svc2,198.94,8.20,22.11,1,OK
1779117106.2612753,-0.2588,-0.9659,svc3,self,81.88,8.15,22.08,1,OK
1779117106.2666278,-0.2588,-0.9659,app,svc3,90.58,8.20,22.11,1,OK
1779117107.3832743,-0.2588,-0.9659,app,self,107.77,8.20,22.11,1,OK
1779117107.4837568,-0.2588,-0.9659,svc1,self,94.86,8.17,22.10,1,OK
1779117107.5880184,-0.2588,-0.9659,svc2,self,99.18,8.18,22.10,1,OK
1779117107.6761525,-0.2588,-0.9659,svc3,self,81.92,8.15,22.08,1,OK
1779117107.680127,-0.2588,-0.9659,svc2,svc3,88.97,8.18,22.10,1,OK
1779117107.6838515,-0.2588,-0.9659,svc1,svc2,197.43,8.17,22.10,1,OK
1779117107.6877933,-0.2588,-0.9659,app,svc1,302.17,8.20,22.11,1,OK
1779117107.7916873,-0.2588,-0.9659,svc2,self,99.10,8.18,22.10,1,OK
1779117107.878769,-0.2588,-0.9659,svc3,self,81.96,8.15,22.08,1,OK
1779117107.8821943,-0.2588,-0.9659,svc2,svc3,88.39,8.18,22.10,1,OK
1779117107.8862417,-0.2588,-0.9659,app,svc2,196.23,8.20,22.11,1,OK
1779117107.9734693,-0.2588,-0.9659,svc3,self,82.09,8.15,22.08,1,OK
1779117107.9774835,-0.2588,-0.9659,app,svc3,88.84,8.20,22.11,1,OK
1779117109.1268992,-0.2588,-0.9659,app,self,119.66,9.96,23.09,10,OK
1779117109.2386324,-0.2588,-0.9659,svc1,self,105.31,9.72,22.96,10,OK
1779117109.3544238,-0.2588,-0.9659,svc2,self,110.16,9.80,23.01,10,OK
1779117109.4512339,-0.2588,-0.9659,svc3,self,91.00,9.49,22.83,10,OK
1779117109.4557498,-0.2588,-0.9659,svc2,svc3,98.21,9.80,23.01,10,OK
1779117109.4596367,-0.2588,-0.9659,svc1,svc2,217.93,9.72,22.96,10,OK
1779117109.4639006,-0.2588,-0.9659,app,svc1,333.46,9.96,23.09,10,OK
1779117109.5793037,-0.2588,-0.9659,svc2,self,110.11,9.80,23.01,10,OK
1779117109.6756477,-0.2588,-0.9659,svc3,self,90.93,9.49,22.83,10,OK
1779117109.67999,-0.2588,-0.9659,svc2,svc3,97.91,9.80,23.01,10,OK
1779117109.68407,-0.2588,-0.9659,app,svc2,217.55,9.96,23.09,10,OK
1779117109.7800226,-0.2588,-0.9659,svc3,self,91.12,9.49,22.83,10,OK
1779117109.7839441,-0.2588,-0.9659,app,svc3,97.48,9.96,23.09,10,OK
1779117110.958228,-0.2588,-0.9659,app,self,119.59,9.96,23.09,10,OK
1779117111.068134,-0.2588,-0.9659,svc1,self,105.37,9.72,22.96,10,OK
1779117111.183614,-0.2588,-0.9659,svc2,self,110.13,9.80,23.01,10,OK
1779117111.279775,-0.2588,-0.9659,svc3,self,90.94,9.49,22.83,10,OK
1779117111.2833054,-0.2588,-0.9659,svc2,svc3,97.08,9.80,23.01,10,OK
1779117111.2867444,-0.2588,-0.9659,svc1,svc2,215.69,9.72,22.96,10,OK
1779117111.290274,-0.2588,-0.9659,app,svc1,330.20,9.96,23.09,10,OK
1779117111.405741,-0.2588,-0.9659,svc2,self,110.47,9.80,23.01,10,OK
1779117111.5024867,-0.2588,-0.9659,svc3,self,90.95,9.49,22.83,10,OK
1779117111.5059338,-0.2588,-0.9659,svc2,svc3,97.48,9.80,23.01,10,OK
1779117111.5097532,-0.2588,-0.9659,app,svc2,217.03,9.96,23.09,10,OK
1779117111.6061518,-0.2588,-0.9659,svc3,self,90.99,9.49,22.83,10,OK
1779117111.6109922,-0.2588,-0.9659,app,svc3,98.56,9.96,23.09,10,OK
1779117112.7376335,-0.2588,-0.9659,app,self,119.60,9.96,23.09,10,OK
1779117112.8483262,-0.2588,-0.9659,svc1,self,105.25,9.72,22.96,10,OK
1779117112.9632943,-0.2588,-0.9659,svc2,self,110.09,9.80,23.01,10,OK
1779117113.0596027,-0.2588,-0.9659,svc3,self,91.50,9.49,22.83,10,OK
1779117113.0641246,-0.2588,-0.9659,svc2,svc3,98.68,9.80,23.01,10,OK
1779117113.0678728,-0.2588,-0.9659,svc1,svc2,217.13,9.72,22.96,10,OK
1779117113.0717087,-0.2588,-0.9659,app,svc1,331.28,9.96,23.09,10,OK
1779117113.186625,-0.2588,-0.9659,svc2,self,110.14,9.80,23.01,10,OK
1779117113.2854104,-0.2588,-0.9659,svc3,self,90.96,9.49,22.83,10,OK
1779117113.2895336,-0.2588,-0.9659,svc2,svc3,99.58,9.80,23.01,10,OK
1779117113.293194,-0.2588,-0.9659,app,svc2,219.30,9.96,23.09,10,OK
1779117113.389567,-0.2588,-0.9659,svc3,self,91.03,9.49,22.83,10,OK
1779117113.3943903,-0.2588,-0.9659,app,svc3,98.36,9.96,23.09,10,OK
1779117114.523918,-0.2588,-0.9659,app,self,119.75,9.96,23.09,10,OK
1779117114.6350589,-0.2588,-0.9659,svc1,self,105.25,9.72,22.96,10,OK
1779117114.7505794,-0.2588,-0.9659,svc2,self,110.11,9.80,23.01,10,OK
1779117114.8473365,-0.2588,-0.9659,svc3,self,90.92,9.49,22.83,10,OK
1779117114.8507557,-0.2588,-0.9659,svc2,svc3,97.58,9.80,23.01,10,OK
1779117114.854196,-0.2588,-0.9659,svc1,svc2,216.59,9.72,22.96,10,OK
1779117114.8577566,-0.2588,-0.9659,app,svc1,330.57,9.96,23.09,10,OK
1779117114.972628,-0.2588,-0.9659,svc2,self,110.07,9.80,23.01,10,OK
1779117115.0697434,-0.2588,-0.9659,svc3,self,91.33,9.49,22.83,10,OK
1779117115.0738857,-0.2588,-0.9659,svc2,svc3,98.49,9.80,23.01,10,OK
1779117115.0776153,-0.2588,-0.9659,app,svc2,217.66,9.96,23.09,10,OK
1779117115.1735725,-0.2588,-0.9659,svc3,self,90.97,9.49,22.83,10,OK
1779117115.1791427,-0.2588,-0.9659,app,svc3,98.94,9.96,23.09,10,OK
1779117116.3211632,-0.2588,-0.9659,app,self,119.62,9.96,23.09,10,OK
1779117116.431221,-0.2588,-0.9659,svc1,self,105.32,9.72,22.96,10,OK
1779117116.5466437,-0.2588,-0.9659,svc2,self,110.05,9.80,23.01,10,OK
1779117116.6430259,-0.2588,-0.9659,svc3,self,90.97,9.49,22.83,10,OK
1779117116.6474895,-0.2588,-0.9659,svc2,svc3,98.45,9.80,23.01,10,OK
1779117116.651327,-0.2588,-0.9659,svc1,svc2,217.65,9.72,22.96,10,OK
1779117116.654766,-0.2588,-0.9659,app,svc1,331.44,9.96,23.09,10,OK
1779117116.7699735,-0.2588,-0.9659,svc2,self,110.41,9.80,23.01,10,OK
1779117116.866442,-0.2588,-0.9659,svc3,self,91.08,9.49,22.83,10,OK
1779117116.8713782,-0.2588,-0.9659,svc2,svc3,98.83,9.80,23.01,10,OK
1779117116.8748934,-0.2588,-0.9659,app,svc2,217.86,9.96,23.09,10,OK
1779117116.9706883,-0.2588,-0.9659,svc3,self,90.95,9.49,22.83,10,OK
1779117116.9745243,-0.2588,-0.9659,app,svc3,97.32,9.96,23.09,10,OK
1779117118.1020122,-0.2588,-0.9659,app,self,119.70,9.96,23.09,10,OK
1779117118.2123075,-0.2588,-0.9659,svc1,self,105.32,9.72,22.96,10,OK
1779117118.3276808,-0.2588,-0.9659,svc2,self,110.13,9.80,23.01,10,OK
1779117118.4249885,-0.2588,-0.9659,svc3,self,91.29,9.49,22.83,10,OK
1779117118.428906,-0.2588,-0.9659,svc2,svc3,98.16,9.80,23.01,10,OK
1779117118.4328315,-0.2588,-0.9659,svc1,svc2,217.84,9.72,22.96,10,OK
1779117118.4363341,-0.2588,-0.9659,app,svc1,331.88,9.96,23.09,10,OK
1779117118.551226,-0.2588,-0.9659,svc2,self,110.14,9.80,23.01,10,OK
1779117118.6473982,-0.2588,-0.9659,svc3,self,91.00,9.49,22.83,10,OK
1779117118.650798,-0.2588,-0.9659,svc2,svc3,97.14,9.80,23.01,10,OK
1779117118.6545448,-0.2588,-0.9659,app,svc2,215.94,9.96,23.09,10,OK
1779117118.750225,-0.2588,-0.9659,svc3,self,91.01,9.49,22.83,10,OK
1779117118.7544496,-0.2588,-0.9659,app,svc3,97.63,9.96,23.09,10,OK
1779117119.8811922,-0.2588,-0.9659,app,self,119.72,9.96,23.09,10,OK
1779117119.991966,-0.2588,-0.9659,svc1,self,105.26,9.72,22.96,10,OK
1779117120.1071365,-0.2588,-0.9659,svc2,self,110.13,9.80,23.01,10,OK
1779117120.2038352,-0.2588,-0.9659,svc3,self,91.05,9.49,22.83,10,OK
1779117120.2077184,-0.2588,-0.9659,svc2,svc3,97.90,9.80,23.01,10,OK
1779117120.2113502,-0.2588,-0.9659,svc1,svc2,217.21,9.72,22.96,10,OK
1779117120.2152271,-0.2588,-0.9659,app,svc1,331.66,9.96,23.09,10,OK
1779117120.3300247,-0.2588,-0.9659,svc2,self,110.11,9.80,23.01,10,OK
1779117120.4233034,-0.2588,-0.9659,svc3,self,88.51,9.49,22.83,10,OK
1779117120.428103,-0.2588,-0.9659,svc2,svc3,95.93,9.80,23.01,10,OK
1779117120.4319882,-0.2588,-0.9659,app,svc2,214.55,9.96,23.09,10,OK
1779117120.527745,-0.2588,-0.9659,svc3,self,91.03,9.49,22.83,10,OK
1779117120.5317373,-0.2588,-0.9659,app,svc3,97.49,9.96,23.09,10,OK
1779117121.6875405,-0.2588,-0.9659,app,self,119.66,9.96,23.09,10,OK
1779117121.7992668,-0.2588,-0.9659,svc1,self,105.25,9.72,22.96,10,OK
1779117121.914971,-0.2588,-0.9659,svc2,self,110.11,9.80,23.01,10,OK
1779117122.0114245,-0.2588,-0.9659,svc3,self,90.96,9.49,22.83,10,OK
1779117122.0154939,-0.2588,-0.9659,svc2,svc3,97.63,9.80,23.01,10,OK
1779117122.0191572,-0.2588,-0.9659,svc1,svc2,217.12,9.72,22.96,10,OK
1779117122.022884,-0.2588,-0.9659,app,svc1,332.55,9.96,23.09,10,OK
1779117122.138379,-0.2588,-0.9659,svc2,self,110.16,9.80,23.01,10,OK
1779117122.2353601,-0.2588,-0.9659,svc3,self,90.99,9.49,22.83,10,OK
1779117122.2392755,-0.2588,-0.9659,svc2,svc3,97.90,9.80,23.01,10,OK
1779117122.2439446,-0.2588,-0.9659,app,svc2,218.86,9.96,23.09,10,OK
1779117122.340405,-0.2588,-0.9659,svc3,self,90.99,9.49,22.83,10,OK
1779117122.3452718,-0.2588,-0.9659,app,svc3,98.44,9.96,23.09,10,OK
1779117123.4750428,-0.2588,-0.9659,app,self,119.62,9.96,23.09,10,OK
1779117123.5861504,-0.2588,-0.9659,svc1,self,105.44,9.72,22.96,10,OK
1779117123.7024589,-0.2588,-0.9659,svc2,self,110.13,9.80,23.01,10,OK
1779117123.7990317,-0.2588,-0.9659,svc3,self,91.00,9.49,22.83,10,OK
1779117123.8029492,-0.2588,-0.9659,svc2,svc3,97.46,9.80,23.01,10,OK
1779117123.807005,-0.2588,-0.9659,svc1,svc2,217.55,9.72,22.96,10,OK
1779117123.810639,-0.2588,-0.9659,app,svc1,332.59,9.96,23.09,10,OK
1779117123.9252818,-0.2588,-0.9659,svc2,self,110.03,9.80,23.01,10,OK
1779117124.0222654,-0.2588,-0.9659,svc3,self,90.94,9.49,22.83,10,OK
1779117124.0267887,-0.2588,-0.9659,svc2,svc3,98.30,9.80,23.01,10,OK
1779117124.030567,-0.2588,-0.9659,app,svc2,217.60,9.96,23.09,10,OK
1779117124.1265779,-0.2588,-0.9659,svc3,self,90.94,9.49,22.83,10,OK
1779117124.1312258,-0.2588,-0.9659,app,svc3,98.25,9.96,23.09,10,OK
1779117125.2596085,-0.2588,-0.9659,app,self,119.65,9.96,23.09,10,OK
1779117125.3709667,-0.2588,-0.9659,svc1,self,105.33,9.72,22.96,10,OK
1779117125.4876804,-0.2588,-0.9659,svc2,self,110.36,9.80,23.01,10,OK
1779117125.5844705,-0.2588,-0.9659,svc3,self,90.95,9.49,22.83,10,OK
1779117125.588251,-0.2588,-0.9659,svc2,svc3,97.45,9.80,23.01,10,OK
1779117125.5918288,-0.2588,-0.9659,svc1,svc2,217.44,9.72,22.96,10,OK
1779117125.5959916,-0.2588,-0.9659,app,svc1,334.11,9.96,23.09,10,OK
1779117125.711404,-0.2588,-0.9659,svc2,self,110.15,9.80,23.01,10,OK
1779117125.8075001,-0.2588,-0.9659,svc3,self,90.98,9.49,22.83,10,OK
1779117125.811975,-0.2588,-0.9659,svc2,svc3,98.06,9.80,23.01,10,OK
1779117125.8160064,-0.2588,-0.9659,app,svc2,217.96,9.96,23.09,10,OK
1779117125.9116442,-0.2588,-0.9659,svc3,self,90.91,9.49,22.83,10,OK
1779117125.9153385,-0.2588,-0.9659,app,svc3,97.11,9.96,23.09,10,OK
1779117127.0424166,-0.2588,-0.9659,app,self,119.90,9.96,23.09,10,OK
1779117127.1535168,-0.2588,-0.9659,svc1,self,105.81,9.72,22.96,10,OK
1779117127.2687898,-0.2588,-0.9659,svc2,self,110.11,9.80,23.01,10,OK
1779117127.3655562,-0.2588,-0.9659,svc3,self,91.02,9.49,22.83,10,OK
1779117127.370031,-0.2588,-0.9659,svc2,svc3,98.37,9.80,23.01,10,OK
1779117127.3738942,-0.2588,-0.9659,svc1,svc2,218.07,9.72,22.96,10,OK
1779117127.377611,-0.2588,-0.9659,app,svc1,332.60,9.96,23.09,10,OK
1779117127.4925015,-0.2588,-0.9659,svc2,self,110.31,9.80,23.01,10,OK
1779117127.5889993,-0.2588,-0.9659,svc3,self,90.97,9.49,22.83,10,OK
1779117127.5933108,-0.2588,-0.9659,svc2,svc3,98.14,9.80,23.01,10,OK
1779117127.5968277,-0.2588,-0.9659,app,svc2,217.06,9.96,23.09,10,OK
1779117127.693002,-0.2588,-0.9659,svc3,self,91.03,9.49,22.83,10,OK
1779117127.696288,-0.2588,-0.9659,app,svc3,97.40,9.96,23.09,10,OK
1779117128.8328464,-0.2588,-0.9659,app,self,119.63,9.96,23.09,10,OK
1779117128.942728,-0.2588,-0.9659,svc1,self,105.39,9.72,22.96,10,OK
1779117129.058848,-0.2588,-0.9659,svc2,self,110.18,9.80,23.01,10,OK
1779117129.1554854,-0.2588,-0.9659,svc3,self,90.94,9.49,22.83,10,OK
1779117129.16071,-0.2588,-0.9659,svc2,svc3,98.69,9.80,23.01,10,OK
1779117129.1656482,-0.2588,-0.9659,svc1,svc2,220.22,9.72,22.96,10,OK
1779117129.1701994,-0.2588,-0.9659,app,svc1,335.68,9.96,23.09,10,OK
1779117129.2851677,-0.2588,-0.9659,svc2,self,110.12,9.80,23.01,10,OK
1779117129.3824632,-0.2588,-0.9659,svc3,self,91.03,9.49,22.83,10,OK
1779117129.3865914,-0.2588,-0.9659,svc2,svc3,97.89,9.80,23.01,10,OK
1779117129.3902721,-0.2588,-0.9659,app,svc2,218.04,9.96,23.09,10,OK
1779117129.487389,-0.2588,-0.9659,svc3,self,91.58,9.49,22.83,10,OK
1779117129.4914167,-0.2588,-0.9659,app,svc3,98.79,9.96,23.09,10,OK
1779117130.6182387,-0.2588,-0.9659,app,self,119.64,9.96,23.09,10,OK
1779117130.7284572,-0.2588,-0.9659,svc1,self,105.31,9.72,22.96,10,OK
1779117130.8444324,-0.2588,-0.9659,svc2,self,110.09,9.80,23.01,10,OK
1779117130.9404554,-0.2588,-0.9659,svc3,self,91.00,9.49,22.83,10,OK
1779117130.9452858,-0.2588,-0.9659,svc2,svc3,98.69,9.80,23.01,10,OK
1779117130.9494486,-0.2588,-0.9659,svc1,svc2,218.39,9.72,22.96,10,OK
1779117130.9533632,-0.2588,-0.9659,app,svc1,333.04,9.96,23.09,10,OK
1779117131.067884,-0.2588,-0.9659,svc2,self,110.16,9.80,23.01,10,OK
1779117131.1646988,-0.2588,-0.9659,svc3,self,91.18,9.49,22.83,10,OK
1779117131.1687102,-0.2588,-0.9659,svc2,svc3,97.81,9.80,23.01,10,OK
1779117131.1723504,-0.2588,-0.9659,app,svc2,217.17,9.96,23.09,10,OK
1779117131.2682588,-0.2588,-0.9659,svc3,self,90.94,9.49,22.83,10,OK
1779117131.2721102,-0.2588,-0.9659,app,svc3,97.56,9.96,23.09,10,OK
1779117132.3988051,-0.2588,-0.9659,app,self,119.65,9.96,23.09,10,OK
1779117132.5090234,-0.2588,-0.9659,svc1,self,105.36,9.72,22.96,10,OK
1779117132.6253903,-0.2588,-0.9659,svc2,self,110.62,9.80,23.01,10,OK
1779117132.7213666,-0.2588,-0.9659,svc3,self,91.06,9.49,22.83,10,OK
1779117132.7250972,-0.2588,-0.9659,svc2,svc3,97.26,9.80,23.01,10,OK
1779117132.7293243,-0.2588,-0.9659,svc1,svc2,217.03,9.72,22.96,10,OK
1779117132.7329564,-0.2588,-0.9659,app,svc1,331.84,9.96,23.09,10,OK
1779117132.8476138,-0.2588,-0.9659,svc2,self,110.34,9.80,23.01,10,OK
1779117132.9438252,-0.2588,-0.9659,svc3,self,91.01,9.49,22.83,10,OK
1779117132.9474237,-0.2588,-0.9659,svc2,svc3,97.41,9.80,23.01,10,OK
1779117132.951139,-0.2588,-0.9659,app,svc2,216.29,9.96,23.09,10,OK
1779117133.0462224,-0.2588,-0.9659,svc3,self,90.95,9.49,22.83,10,OK
1779117133.0502148,-0.2588,-0.9659,app,svc3,97.34,9.96,23.09,10,OK
1779117134.1770675,-0.2588,-0.9659,app,self,119.61,9.96,23.09,10,OK
1779117134.2914186,-0.2588,-0.9659,svc1,self,105.35,9.72,22.96,10,OK
1779117134.41048,-0.2588,-0.9659,svc2,self,110.13,9.80,23.01,10,OK
1779117134.5065482,-0.2588,-0.9659,svc3,self,90.94,9.49,22.83,10,OK
1779117134.5113056,-0.2588,-0.9659,svc2,svc3,98.27,9.80,23.01,10,OK
1779117134.5149229,-0.2588,-0.9659,svc1,svc2,217.34,9.72,22.96,10,OK
1779117134.518483,-0.2588,-0.9659,app,svc1,336.64,9.96,23.09,10,OK
1779117134.633529,-0.2588,-0.9659,svc2,self,110.12,9.80,23.01,10,OK
1779117134.7300422,-0.2588,-0.9659,svc3,self,91.04,9.49,22.83,10,OK
1779117134.7340806,-0.2588,-0.9659,svc2,svc3,97.91,9.80,23.01,10,OK
1779117134.7380085,-0.2588,-0.9659,app,svc2,216.88,9.96,23.09,10,OK
1779117134.8340194,-0.2588,-0.9659,svc3,self,90.90,9.49,22.83,10,OK
1779117134.837952,-0.2588,-0.9659,app,svc3,97.49,9.96,23.09,10,OK
1779117135.9653533,-0.2588,-0.9659,app,self,119.65,9.96,23.09,10,OK
1779117136.0762415,-0.2588,-0.9659,svc1,self,105.28,9.72,22.96,10,OK
1779117136.1910822,-0.2588,-0.9659,svc2,self,110.06,9.80,23.01,10,OK
1779117136.287528,-0.2588,-0.9659,svc3,self,90.93,9.49,22.83,10,OK
1779117136.291616,-0.2588,-0.9659,svc2,svc3,97.77,9.80,23.01,10,OK
1779117136.2968411,-0.2588,-0.9659,svc1,svc2,218.35,9.72,22.96,10,OK
1779117136.3014674,-0.2588,-0.9659,app,svc1,333.09,9.96,23.09,10,OK
1779117136.4182432,-0.2588,-0.9659,svc2,self,110.46,9.80,23.01,10,OK
1779117136.5152733,-0.2588,-0.9659,svc3,self,90.97,9.49,22.83,10,OK
1779117136.51958,-0.2588,-0.9659,svc2,svc3,98.21,9.80,23.01,10,OK
1779117136.523341,-0.2588,-0.9659,app,svc2,218.72,9.96,23.09,10,OK
1779117136.6196604,-0.2588,-0.9659,svc3,self,91.44,9.49,22.83,10,OK
1779117136.6235394,-0.2588,-0.9659,app,svc3,97.82,9.96,23.09,10,OK
1779117137.7504764,-0.2588,-0.9659,app,self,119.74,9.96,23.09,10,OK
1779117137.8614368,-0.2588,-0.9659,svc1,self,105.31,9.72,22.96,10,OK
1779117137.9771814,-0.2588,-0.9659,svc2,self,110.11,9.80,23.01,10,OK
1779117138.073928,-0.2588,-0.9659,svc3,self,90.93,9.49,22.83,10,OK
1779117138.0790775,-0.2588,-0.9659,svc2,svc3,99.48,9.80,23.01,10,OK
1779117138.0829766,-0.2588,-0.9659,svc1,svc2,218.67,9.72,22.96,10,OK
1779117138.0865047,-0.2588,-0.9659,app,svc1,333.36,9.96,23.09,10,OK
1779117138.2012208,-0.2588,-0.9659,svc2,self,110.16,9.80,23.01,10,OK
1779117138.2982972,-0.2588,-0.9659,svc3,self,90.98,9.49,22.83,10,OK
1779117138.3023462,-0.2588,-0.9659,svc2,svc3,97.81,9.80,23.01,10,OK
1779117138.3061066,-0.2588,-0.9659,app,svc2,217.36,9.96,23.09,10,OK
1779117138.4026215,-0.2588,-0.9659,svc3,self,91.32,9.49,22.83,10,OK
1779117138.4065475,-0.2588,-0.9659,app,svc3,97.87,9.96,23.09,10,OK
1779117139.5337422,-0.2588,-0.9659,app,self,119.80,9.96,23.09,10,OK
1779117139.6444473,-0.2588,-0.9659,svc1,self,105.29,9.72,22.96,10,OK
1779117139.759495,-0.2588,-0.9659,svc2,self,110.12,9.80,23.01,10,OK
1779117139.856091,-0.2588,-0.9659,svc3,self,91.10,9.49,22.83,10,OK
1779117139.8607905,-0.2588,-0.9659,svc2,svc3,98.37,9.80,23.01,10,OK
1779117139.8645527,-0.2588,-0.9659,svc1,svc2,218.21,9.72,22.96,10,OK
1779117139.8679795,-0.2588,-0.9659,app,svc1,331.64,9.96,23.09,10,OK
1779117139.9825857,-0.2588,-0.9659,svc2,self,110.04,9.80,23.01,10,OK
1779117140.0801833,-0.2588,-0.9659,svc3,self,91.09,9.49,22.83,10,OK
1779117140.0840545,-0.2588,-0.9659,svc2,svc3,97.82,9.80,23.01,10,OK
1779117140.0876427,-0.2588,-0.9659,app,svc2,217.53,9.96,23.09,10,OK
1779117140.1853018,-0.2588,-0.9659,svc3,self,91.04,9.49,22.83,10,OK
1779117140.1892576,-0.2588,-0.9659,app,svc3,99.25,9.96,23.09,10,OK
1779117141.3343065,-0.2588,-0.9659,app,self,119.64,9.96,23.09,10,OK
1779117141.446432,-0.2588,-0.9659,svc1,self,105.25,9.72,22.96,10,OK
1779117141.5632238,-0.2588,-0.9659,svc2,self,110.06,9.80,23.01,10,OK
1779117141.6599312,-0.2588,-0.9659,svc3,self,91.09,9.49,22.83,10,OK
1779117141.6636627,-0.2588,-0.9659,svc2,svc3,97.85,9.80,23.01,10,OK
1779117141.6671064,-0.2588,-0.9659,svc1,svc2,217.74,9.72,22.96,10,OK
1779117141.670643,-0.2588,-0.9659,app,svc1,333.16,9.96,23.09,10,OK
1779117141.7857223,-0.2588,-0.9659,svc2,self,110.09,9.80,23.01,10,OK
1779117141.8822207,-0.2588,-0.9659,svc3,self,90.91,9.49,22.83,10,OK
1779117141.8866978,-0.2588,-0.9659,svc2,svc3,98.08,9.80,23.01,10,OK
1779117141.890311,-0.2588,-0.9659,app,svc2,217.36,9.96,23.09,10,OK
1779117141.9868424,-0.2588,-0.9659,svc3,self,91.06,9.49,22.83,10,OK
1779117141.9909482,-0.2588,-0.9659,app,svc3,97.71,9.96,23.09,10,OK
1779117143.118998,-0.2588,-0.9659,app,self,119.94,9.96,23.09,10,OK
1779117143.229776,-0.2588,-0.9659,svc1,self,105.30,9.72,22.96,10,OK
1779117143.3454826,-0.2588,-0.9659,svc2,self,110.09,9.80,23.01,10,OK
1779117143.4417853,-0.2588,-0.9659,svc3,self,91.00,9.49,22.83,10,OK
1779117143.4461942,-0.2588,-0.9659,svc2,svc3,98.37,9.80,23.01,10,OK
1779117143.4499612,-0.2588,-0.9659,svc1,svc2,217.52,9.72,22.96,10,OK
1779117143.4535162,-0.2588,-0.9659,app,svc1,331.69,9.96,23.09,10,OK
1779117143.5683668,-0.2588,-0.9659,svc2,self,110.20,9.80,23.01,10,OK
1779117143.665354,-0.2588,-0.9659,svc3,self,90.96,9.49,22.83,10,OK
1779117143.6697521,-0.2588,-0.9659,svc2,svc3,98.34,9.80,23.01,10,OK
1779117143.6740544,-0.2588,-0.9659,app,svc2,218.32,9.96,23.09,10,OK
1779117143.7707417,-0.2588,-0.9659,svc3,self,90.96,9.49,22.83,10,OK
1779117143.7754915,-0.2588,-0.9659,app,svc3,98.60,9.96,23.09,10,OK
1779117144.9029849,-0.2588,-0.9659,app,self,119.69,9.96,23.09,10,OK
1779117145.014104,-0.2588,-0.9659,svc1,self,105.34,9.72,22.96,10,OK
1779117145.1296358,-0.2588,-0.9659,svc2,self,110.11,9.80,23.01,10,OK
1779117145.2264824,-0.2588,-0.9659,svc3,self,90.99,9.49,22.83,10,OK
1779117145.230478,-0.2588,-0.9659,svc2,svc3,97.75,9.80,23.01,10,OK
1779117145.2346761,-0.2588,-0.9659,svc1,svc2,217.71,9.72,22.96,10,OK
1779117145.2392406,-0.2588,-0.9659,app,svc1,333.47,9.96,23.09,10,OK
1779117145.355329,-0.2588,-0.9659,svc2,self,110.18,9.80,23.01,10,OK
1779117145.4522026,-0.2588,-0.9659,svc3,self,90.97,9.49,22.83,10,OK
1779117145.458085,-0.2588,-0.9659,svc2,svc3,100.08,9.80,23.01,10,OK
1779117145.4619505,-0.2588,-0.9659,app,svc2,219.99,9.96,23.09,10,OK
1779117145.5576243,-0.2588,-0.9659,svc3,self,90.97,9.49,22.83,10,OK
1779117145.5620332,-0.2588,-0.9659,app,svc3,97.85,9.96,23.09,10,OK
1779117146.6897569,-0.2588,-0.9659,app,self,120.11,9.96,23.09,10,OK
1779117146.8003914,-0.2588,-0.9659,svc1,self,105.31,9.72,22.96,10,OK
1779117146.9165187,-0.2588,-0.9659,svc2,self,110.02,9.80,23.01,10,OK
1779117147.0123034,-0.2588,-0.9659,svc3,self,90.95,9.49,22.83,10,OK
1779117147.0161335,-0.2588,-0.9659,svc2,svc3,97.49,9.80,23.01,10,OK
1779117147.0201511,-0.2588,-0.9659,svc1,svc2,216.38,9.72,22.96,10,OK
1779117147.0236354,-0.2588,-0.9659,app,svc1,331.08,9.96,23.09,10,OK
1779117147.139616,-0.2588,-0.9659,svc2,self,110.07,9.80,23.01,10,OK
1779117147.2365227,-0.2588,-0.9659,svc3,self,90.96,9.49,22.83,10,OK
1779117147.2406733,-0.2588,-0.9659,svc2,svc3,98.43,9.80,23.01,10,OK
1779117147.24544,-0.2588,-0.9659,app,svc2,218.54,9.96,23.09,10,OK
1779117147.341462,-0.2588,-0.9659,svc3,self,90.93,9.49,22.83,10,OK
1779117147.3459804,-0.2588,-0.9659,app,svc3,97.97,9.96,23.09,10,OK
1779117148.5021887,-0.2588,-0.9659,app,self,119.61,9.96,23.09,10,OK
1779117148.6123054,-0.2588,-0.9659,svc1,self,105.33,9.72,22.96,10,OK
1779117148.7276344,-0.2588,-0.9659,svc2,self,110.10,9.80,23.01,10,OK
1779117148.8233418,-0.2588,-0.9659,svc3,self,90.99,9.49,22.83,10,OK
1779117148.827188,-0.2588,-0.9659,svc2,svc3,97.44,9.80,23.01,10,OK
1779117148.8312845,-0.2588,-0.9659,svc1,svc2,216.51,9.72,22.96,10,OK
1779117148.8349798,-0.2588,-0.9659,app,svc1,330.80,9.96,23.09,10,OK
1779117148.9501228,-0.2588,-0.9659,svc2,self,110.05,9.80,23.01,10,OK
1779117149.046425,-0.2588,-0.9659,svc3,self,90.93,9.49,22.83,10,OK
1779117149.0504448,-0.2588,-0.9659,svc2,svc3,97.47,9.80,23.01,10,OK
1779117149.0544434,-0.2588,-0.9659,app,svc2,217.06,9.96,23.09,10,OK
1779117149.1509314,-0.2588,-0.9659,svc3,self,90.96,9.49,22.83,10,OK
1779117149.1546838,-0.2588,-0.9659,app,svc3,97.66,9.96,23.09,10,OK
1779117150.2810996,-0.2588,-0.9659,app,self,119.58,9.96,23.09,10,OK
1779117150.3912673,-0.2588,-0.9659,svc1,self,105.30,9.72,22.96,10,OK
1779117150.5051265,-0.2588,-0.9659,svc2,self,108.23,9.80,23.01,10,OK
1779117150.6018834,-0.2588,-0.9659,svc3,self,90.98,9.49,22.83,10,OK
1779117150.6057842,-0.2588,-0.9659,svc2,svc3,97.56,9.80,23.01,10,OK
1779117150.6097631,-0.2588,-0.9659,svc1,svc2,215.72,9.72,22.96,10,OK
1779117150.6141086,-0.2588,-0.9659,app,svc1,330.92,9.96,23.09,10,OK
1779117150.729015,-0.2588,-0.9659,svc2,self,110.05,9.80,23.01,10,OK
1779117150.8246143,-0.2588,-0.9659,svc3,self,90.94,9.49,22.83,10,OK
1779117150.8283627,-0.2588,-0.9659,svc2,svc3,97.31,9.80,23.01,10,OK
1779117150.8321664,-0.2588,-0.9659,app,svc2,215.74,9.96,23.09,10,OK
1779117150.9281049,-0.2588,-0.9659,svc3,self,90.92,9.49,22.83,10,OK
1779117150.9318385,-0.2588,-0.9659,app,svc3,97.31,9.96,23.09,10,OK
1779117152.0585644,-0.2588,-0.9659,app,self,119.62,9.96,23.09,10,OK
1779117152.168771,-0.2588,-0.9659,svc1,self,105.33,9.72,22.96,10,OK
1779117152.2855525,-0.2588,-0.9659,svc2,self,110.04,9.80,23.01,10,OK
1779117152.3823388,-0.2588,-0.9659,svc3,self,90.97,9.49,22.83,10,OK
1779117152.3862407,-0.2588,-0.9659,svc2,svc3,97.65,9.80,23.01,10,OK
1779117152.3903081,-0.2588,-0.9659,svc1,svc2,217.89,9.72,22.96,10,OK
1779117152.3944588,-0.2588,-0.9659,app,svc1,333.71,9.96,23.09,10,OK
1779117152.5098639,-0.2588,-0.9659,svc2,self,110.05,9.80,23.01,10,OK
1779117152.605692,-0.2588,-0.9659,svc3,self,91.00,9.49,22.83,10,OK
1779117152.609799,-0.2588,-0.9659,svc2,svc3,97.82,9.80,23.01,10,OK
1779117152.6135116,-0.2588,-0.9659,app,svc2,216.51,9.96,23.09,10,OK
1779117152.709728,-0.2588,-0.9659,svc3,self,90.95,9.49,22.83,10,OK
1779117152.7132936,-0.2588,-0.9659,app,svc3,97.38,9.96,23.09,10,OK
1779117153.8726315,-0.2588,-0.9659,app,self,119.63,9.96,23.09,10,OK
1779117153.985252,-0.2588,-0.9659,svc1,self,105.29,9.72,22.96,10,OK
1779117154.1006331,-0.2588,-0.9659,svc2,self,110.04,9.80,23.01,10,OK
1779117154.1984935,-0.2588,-0.9659,svc3,self,90.92,9.49,22.83,10,OK
1779117154.2027647,-0.2588,-0.9659,svc2,svc3,99.07,9.80,23.01,10,OK
1779117154.2105494,-0.2588,-0.9659,svc1,svc2,223.07,9.72,22.96,10,OK
1779117154.214796,-0.2588,-0.9659,app,svc1,338.54,9.96,23.09,10,OK
1779117154.3312073,-0.2588,-0.9659,svc2,self,110.06,9.80,23.01,10,OK
1779117154.4276605,-0.2588,-0.9659,svc3,self,90.95,9.49,22.83,10,OK
1779117154.431593,-0.2588,-0.9659,svc2,svc3,97.99,9.80,23.01,10,OK
1779117154.4361603,-0.2588,-0.9659,app,svc2,217.66,9.96,23.09,10,OK
1779117154.5339088,-0.2588,-0.9659,svc3,self,90.95,9.49,22.83,10,OK
1779117154.5373363,-0.2588,-0.9659,app,svc3,97.94,9.96,23.09,10,OK
1779117155.762403,-0.2588,-0.9659,app,self,119.59,9.96,23.09,10,OK
1779117155.8726342,-0.2588,-0.9659,svc1,self,105.26,9.72,22.96,10,OK
1779117155.9874487,-0.2588,-0.9659,svc2,self,110.03,9.80,23.01,10,OK
1779117156.083259,-0.2588,-0.9659,svc3,self,90.97,9.49,22.83,10,OK
1779117156.0868533,-0.2588,-0.9659,svc2,svc3,97.50,9.80,23.01,10,OK
1779117156.0912094,-0.2588,-0.9659,svc1,svc2,216.39,9.72,22.96,10,OK
1779117156.0950315,-0.2588,-0.9659,app,svc1,330.39,9.96,23.09,10,OK
1779117156.2097769,-0.2588,-0.9659,svc2,self,110.08,9.80,23.01,10,OK
1779117156.3058515,-0.2588,-0.9659,svc3,self,90.91,9.49,22.83,10,OK
1779117156.3105316,-0.2588,-0.9659,svc2,svc3,98.18,9.80,23.01,10,OK
1779117156.3152902,-0.2588,-0.9659,app,svc2,218.05,9.96,23.09,10,OK
1779117156.4127967,-0.2588,-0.9659,svc3,self,91.05,9.49,22.83,10,OK
1779117156.4165113,-0.2588,-0.9659,app,svc3,97.90,9.96,23.09,10,OK
1779117157.5483544,-0.2588,-0.9659,app,self,119.60,9.96,23.09,10,OK
1779117157.6585765,-0.2588,-0.9659,svc1,self,105.29,9.72,22.96,10,OK
1779117157.7734287,-0.2588,-0.9659,svc2,self,110.23,9.80,23.01,10,OK
1779117157.869868,-0.2588,-0.9659,svc3,self,90.99,9.49,22.83,10,OK
1779117157.8742392,-0.2588,-0.9659,svc2,svc3,98.01,9.80,23.01,10,OK
1779117157.8779945,-0.2588,-0.9659,svc1,svc2,217.43,9.72,22.96,10,OK
1779117157.8816679,-0.2588,-0.9659,app,svc1,330.87,9.96,23.09,10,OK
1779117157.9969847,-0.2588,-0.9659,svc2,self,110.21,9.80,23.01,10,OK
1779117158.093436,-0.2588,-0.9659,svc3,self,90.99,9.49,22.83,10,OK
1779117158.0975053,-0.2588,-0.9659,svc2,svc3,98.11,9.80,23.01,10,OK
1779117158.1013184,-0.2588,-0.9659,app,svc2,217.41,9.96,23.09,10,OK
1779117158.1977234,-0.2588,-0.9659,svc3,self,91.08,9.49,22.83,10,OK
1779117158.2015932,-0.2588,-0.9659,app,svc3,97.76,9.96,23.09,10,OK
1779117159.3282835,-0.2588,-0.9659,app,self,119.64,9.96,23.09,10,OK
1779117159.438959,-0.2588,-0.9659,svc1,self,105.27,9.72,22.96,10,OK
1779117159.5542202,-0.2588,-0.9659,svc2,self,110.09,9.80,23.01,10,OK
1779117159.651543,-0.2588,-0.9659,svc3,self,91.10,9.49,22.83,10,OK
1779117159.6557348,-0.2588,-0.9659,svc2,svc3,97.91,9.80,23.01,10,OK
1779117159.6597466,-0.2588,-0.9659,svc1,svc2,218.46,9.72,22.96,10,OK
1779117159.6632705,-0.2588,-0.9659,app,svc1,332.31,9.96,23.09,10,OK
1779117159.778398,-0.2588,-0.9659,svc2,self,110.13,9.80,23.01,10,OK
1779117159.8747847,-0.2588,-0.9659,svc3,self,91.00,9.49,22.83,10,OK
1779117159.8786967,-0.2588,-0.9659,svc2,svc3,97.85,9.80,23.01,10,OK
1779117159.8823113,-0.2588,-0.9659,app,svc2,216.83,9.96,23.09,10,OK
1779117159.978033,-0.2588,-0.9659,svc3,self,91.00,9.49,22.83,10,OK
1779117159.9821227,-0.2588,-0.9659,app,svc3,97.59,9.96,23.09,10,OK
1779117161.3206785,-0.2588,-0.9659,app,self,238.63,27.55,32.92,100,OK
1779117161.538957,-0.2588,-0.9659,svc1,self,210.06,25.20,31.61,100,OK
1779117161.7646027,-0.2588,-0.9659,svc2,self,219.54,25.99,32.05,100,OK
1779117161.9519975,-0.2588,-0.9659,svc3,self,181.38,22.86,30.30,100,OK
1779117161.955975,-0.2588,-0.9659,svc2,svc3,188.47,25.99,32.05,100,OK
1779117161.9608474,-0.2588,-0.9659,svc1,svc2,418.32,25.20,31.61,100,OK
1779117161.9647799,-0.2588,-0.9659,app,svc1,640.09,27.55,32.92,100,OK
1779117162.1898787,-0.2588,-0.9659,svc2,self,219.56,25.99,32.05,100,OK
1779117162.3770566,-0.2588,-0.9659,svc3,self,181.44,22.86,30.30,100,OK
1779117162.3805773,-0.2588,-0.9659,svc2,svc3,187.97,25.99,32.05,100,OK
1779117162.384309,-0.2588,-0.9659,app,svc2,416.69,27.55,32.92,100,OK
1779117162.570906,-0.2588,-0.9659,svc3,self,181.61,22.86,30.30,100,OK
1779117162.575056,-0.2588,-0.9659,app,svc3,188.43,27.55,32.92,100,OK
1779117163.821706,-0.2588,-0.9659,app,self,238.61,27.55,32.92,100,OK
1779117164.0370765,-0.2588,-0.9659,svc1,self,210.04,25.20,31.61,100,OK
1779117164.2664604,-0.2588,-0.9659,svc2,self,219.61,25.99,32.05,100,OK
1779117164.4537475,-0.2588,-0.9659,svc3,self,181.38,22.86,30.30,100,OK
1779117164.457594,-0.2588,-0.9659,svc2,svc3,187.99,25.99,32.05,100,OK
1779117164.4611983,-0.2588,-0.9659,svc1,svc2,417.54,25.20,31.61,100,OK
1779117164.4647021,-0.2588,-0.9659,app,svc1,640.48,27.55,32.92,100,OK
1779117164.6894119,-0.2588,-0.9659,svc2,self,219.64,25.99,32.05,100,OK
1779117164.8771272,-0.2588,-0.9659,svc3,self,181.64,22.86,30.30,100,OK
1779117164.881144,-0.2588,-0.9659,svc2,svc3,188.35,25.99,32.05,100,OK
1779117164.8853369,-0.2588,-0.9659,app,svc2,418.38,27.55,32.92,100,OK
1779117165.0718927,-0.2588,-0.9659,svc3,self,181.46,22.86,30.30,100,OK
1779117165.0770628,-0.2588,-0.9659,app,svc3,189.34,27.55,32.92,100,OK
1779117166.3223634,-0.2588,-0.9659,app,self,238.60,27.55,32.92,100,OK
1779117166.5391574,-0.2588,-0.9659,svc1,self,209.97,25.20,31.61,100,OK
1779117166.7660637,-0.2588,-0.9659,svc2,self,219.62,25.99,32.05,100,OK
1779117166.9534283,-0.2588,-0.9659,svc3,self,181.46,22.86,30.30,100,OK
1779117166.95831,-0.2588,-0.9659,svc2,svc3,189.01,25.99,32.05,100,OK
1779117166.9622529,-0.2588,-0.9659,svc1,svc2,419.60,25.20,31.61,100,OK
1779117166.9661763,-0.2588,-0.9659,app,svc1,640.50,27.55,32.92,100,OK
1779117167.190242,-0.2588,-0.9659,svc2,self,219.63,25.99,32.05,100,OK
1779117167.377709,-0.2588,-0.9659,svc3,self,181.45,22.86,30.30,100,OK
1779117167.3811905,-0.2588,-0.9659,svc2,svc3,187.46,25.99,32.05,100,OK
1779117167.3850257,-0.2588,-0.9659,app,svc2,416.87,27.55,32.92,100,OK
1779117167.571232,-0.2588,-0.9659,svc3,self,181.39,22.86,30.30,100,OK
1779117167.5758085,-0.2588,-0.9659,app,svc3,188.69,27.55,32.92,100,OK
1779117168.8240964,-0.2588,-0.9659,app,self,238.72,27.55,32.92,100,OK
1779117169.0398245,-0.2588,-0.9659,svc1,self,210.05,25.20,31.61,100,OK
1779117169.2648752,-0.2588,-0.9659,svc2,self,219.64,25.99,32.05,100,OK
1779117169.452033,-0.2588,-0.9659,svc3,self,181.47,22.86,30.30,100,OK
1779117169.4568841,-0.2588,-0.9659,svc2,svc3,188.92,25.99,32.05,100,OK
1779117169.4607341,-0.2588,-0.9659,svc1,svc2,418.28,25.20,31.61,100,OK
1779117169.4645712,-0.2588,-0.9659,app,svc1,637.99,27.55,32.92,100,OK
1779117169.689089,-0.2588,-0.9659,svc2,self,219.55,25.99,32.05,100,OK
1779117169.878288,-0.2588,-0.9659,svc3,self,181.45,22.86,30.30,100,OK
1779117169.8819394,-0.2588,-0.9659,svc2,svc3,187.54,25.99,32.05,100,OK
1779117169.885674,-0.2588,-0.9659,app,svc2,418.61,27.55,32.92,100,OK
1779117170.0719569,-0.2588,-0.9659,svc3,self,181.43,22.86,30.30,100,OK
1779117170.0768874,-0.2588,-0.9659,app,svc3,189.04,27.55,32.92,100,OK
1779117171.3235564,-0.2588,-0.9659,app,self,238.70,27.55,32.92,100,OK
1779117171.5392494,-0.2588,-0.9659,svc1,self,210.03,25.20,31.61,100,OK
1779117171.764023,-0.2588,-0.9659,svc2,self,219.60,25.99,32.05,100,OK
1779117171.950658,-0.2588,-0.9659,svc3,self,181.37,22.86,30.30,100,OK
1779117171.9546556,-0.2588,-0.9659,svc2,svc3,187.97,25.99,32.05,100,OK
1779117171.958611,-0.2588,-0.9659,svc1,svc2,416.89,25.20,31.61,100,OK
1779117171.9621277,-0.2588,-0.9659,app,svc1,635.83,27.55,32.92,100,OK
1779117172.1860974,-0.2588,-0.9659,svc2,self,219.56,25.99,32.05,100,OK
1779117172.374538,-0.2588,-0.9659,svc3,self,181.44,22.86,30.30,100,OK
1779117172.3780286,-0.2588,-0.9659,svc2,svc3,188.13,25.99,32.05,100,OK
1779117172.3816333,-0.2588,-0.9659,app,svc2,417.53,27.55,32.92,100,OK
1779117172.5678604,-0.2588,-0.9659,svc3,self,181.38,22.86,30.30,100,OK
1779117172.572097,-0.2588,-0.9659,app,svc3,188.10,27.55,32.92,100,OK
1779117173.8479414,-0.2588,-0.9659,app,self,238.99,27.55,32.92,100,OK
1779117174.0634236,-0.2588,-0.9659,svc1,self,210.05,25.20,31.61,100,OK
1779117174.2897935,-0.2588,-0.9659,svc2,self,219.92,25.99,32.05,100,OK
1779117174.481429,-0.2588,-0.9659,svc3,self,181.38,22.86,30.30,100,OK
1779117174.485408,-0.2588,-0.9659,svc2,svc3,189.34,25.99,32.05,100,OK
1779117174.4907546,-0.2588,-0.9659,svc1,svc2,423.90,25.20,31.61,100,OK
1779117174.4951572,-0.2588,-0.9659,app,svc1,644.76,27.55,32.92,100,OK
1779117174.7199974,-0.2588,-0.9659,svc2,self,219.53,25.99,32.05,100,OK
1779117174.9117408,-0.2588,-0.9659,svc3,self,181.46,22.86,30.30,100,OK
1779117174.916022,-0.2588,-0.9659,svc2,svc3,188.78,25.99,32.05,100,OK
1779117174.919792,-0.2588,-0.9659,app,svc2,422.03,27.55,32.92,100,OK
1779117175.106301,-0.2588,-0.9659,svc3,self,181.53,22.86,30.30,100,OK
1779117175.109779,-0.2588,-0.9659,app,svc3,187.56,27.55,32.92,100,OK
1779117176.356385,-0.2588,-0.9659,app,self,238.64,27.55,32.92,100,OK
1779117176.5731192,-0.2588,-0.9659,svc1,self,210.10,25.20,31.61,100,OK
1779117176.7985075,-0.2588,-0.9659,svc2,self,219.63,25.99,32.05,100,OK
1779117176.985703,-0.2588,-0.9659,svc3,self,181.46,22.86,30.30,100,OK
1779117176.990777,-0.2588,-0.9659,svc2,svc3,189.67,25.99,32.05,100,OK
1779117176.9944105,-0.2588,-0.9659,svc1,svc2,418.76,25.20,31.61,100,OK
1779117176.9977732,-0.2588,-0.9659,app,svc1,638.02,27.55,32.92,100,OK
1779117177.221909,-0.2588,-0.9659,svc2,self,219.64,25.99,32.05,100,OK
1779117177.4087846,-0.2588,-0.9659,svc3,self,181.37,22.86,30.30,100,OK
1779117177.4131835,-0.2588,-0.9659,svc2,svc3,188.38,25.99,32.05,100,OK
1779117177.4167666,-0.2588,-0.9659,app,svc2,416.88,27.55,32.92,100,OK
1779117177.602832,-0.2588,-0.9659,svc3,self,181.39,22.86,30.30,100,OK
1779117177.6072114,-0.2588,-0.9659,app,svc3,188.21,27.55,32.92,100,OK
1779117178.8543217,-0.2588,-0.9659,app,self,239.13,27.55,32.92,100,OK
1779117179.0698695,-0.2588,-0.9659,svc1,self,210.08,25.20,31.61,100,OK
1779117179.2962036,-0.2588,-0.9659,svc2,self,219.58,25.99,32.05,100,OK
1779117179.4821842,-0.2588,-0.9659,svc3,self,181.35,22.86,30.30,100,OK
1779117179.486824,-0.2588,-0.9659,svc2,svc3,188.57,25.99,32.05,100,OK
1779117179.4912302,-0.2588,-0.9659,svc1,svc2,417.16,25.20,31.61,100,OK
1779117179.4950042,-0.2588,-0.9659,app,svc1,637.74,27.55,32.92,100,OK
1779117179.7192504,-0.2588,-0.9659,svc2,self,219.53,25.99,32.05,100,OK
1779117179.9064748,-0.2588,-0.9659,svc3,self,181.51,22.86,30.30,100,OK
1779117179.9110448,-0.2588,-0.9659,svc2,svc3,188.90,25.99,32.05,100,OK
1779117179.9148161,-0.2588,-0.9659,app,svc2,417.53,27.55,32.92,100,OK
1779117180.1014528,-0.2588,-0.9659,svc3,self,181.58,22.86,30.30,100,OK
1779117180.106666,-0.2588,-0.9659,app,svc3,189.38,27.55,32.92,100,OK
1779117181.4729679,-0.2588,-0.9659,app,self,238.70,27.55,32.92,100,OK
1779117181.688098,-0.2588,-0.9659,svc1,self,209.99,25.20,31.61,100,OK
1779117181.912496,-0.2588,-0.9659,svc2,self,219.58,25.99,32.05,100,OK
1779117182.0998776,-0.2588,-0.9659,svc3,self,181.47,22.86,30.30,100,OK
1779117182.1038077,-0.2588,-0.9659,svc2,svc3,188.73,25.99,32.05,100,OK
1779117182.1076896,-0.2588,-0.9659,svc1,svc2,417.31,25.20,31.61,100,OK
1779117182.111232,-0.2588,-0.9659,app,svc1,636.02,27.55,32.92,100,OK
1779117182.335245,-0.2588,-0.9659,svc2,self,219.67,25.99,32.05,100,OK
1779117182.5232131,-0.2588,-0.9659,svc3,self,181.48,22.86,30.30,100,OK
1779117182.5267758,-0.2588,-0.9659,svc2,svc3,187.84,25.99,32.05,100,OK
1779117182.530354,-0.2588,-0.9659,app,svc2,417.06,27.55,32.92,100,OK
1779117182.7165601,-0.2588,-0.9659,svc3,self,181.85,22.86,30.30,100,OK
1779117182.7216654,-0.2588,-0.9659,app,svc3,189.32,27.55,32.92,100,OK
1779117183.9678097,-0.2588,-0.9659,app,self,238.61,27.55,32.92,100,OK
1779117184.187733,-0.2588,-0.9659,svc1,self,210.01,25.20,31.61,100,OK
1779117184.4137168,-0.2588,-0.9659,svc2,self,219.69,25.99,32.05,100,OK
1779117184.6011827,-0.2588,-0.9659,svc3,self,181.45,22.86,30.30,100,OK
1779117184.6056335,-0.2588,-0.9659,svc2,svc3,189.25,25.99,32.05,100,OK
1779117184.609422,-0.2588,-0.9659,svc1,svc2,418.58,25.20,31.61,100,OK
1779117184.613197,-0.2588,-0.9659,app,svc1,639.30,27.55,32.92,100,OK
1779117184.8376048,-0.2588,-0.9659,svc2,self,219.59,25.99,32.05,100,OK
1779117185.0243385,-0.2588,-0.9659,svc3,self,181.44,22.86,30.30,100,OK
1779117185.0286822,-0.2588,-0.9659,svc2,svc3,188.46,25.99,32.05,100,OK
1779117185.0325594,-0.2588,-0.9659,app,svc2,417.04,27.55,32.92,100,OK
1779117185.2189798,-0.2588,-0.9659,svc3,self,181.35,22.86,30.30,100,OK
1779117185.2235713,-0.2588,-0.9659,app,svc3,188.76,27.55,32.92,100,OK
1779117186.4889154,-0.2588,-0.9659,app,self,238.65,27.55,32.92,100,OK
1779117186.704251,-0.2588,-0.9659,svc1,self,210.04,25.20,31.61,100,OK
1779117186.9296963,-0.2588,-0.9659,svc2,self,219.59,25.99,32.05,100,OK
1779117187.119871,-0.2588,-0.9659,svc3,self,181.53,22.86,30.30,100,OK
1779117187.1260872,-0.2588,-0.9659,svc2,svc3,191.26,25.99,32.05,100,OK
1779117187.1308124,-0.2588,-0.9659,svc1,svc2,423.86,25.20,31.61,100,OK
1779117187.134918,-0.2588,-0.9659,app,svc1,643.62,27.55,32.92,100,OK
1779117187.3613195,-0.2588,-0.9659,svc2,self,219.55,25.99,32.05,100,OK
1779117187.5484464,-0.2588,-0.9659,svc3,self,181.73,22.86,30.30,100,OK
1779117187.552666,-0.2588,-0.9659,svc2,svc3,188.34,25.99,32.05,100,OK
1779117187.5565813,-0.2588,-0.9659,app,svc2,418.21,27.55,32.92,100,OK
1779117187.7428095,-0.2588,-0.9659,svc3,self,181.44,22.86,30.30,100,OK
1779117187.7470286,-0.2588,-0.9659,app,svc3,188.22,27.55,32.92,100,OK
1779117188.9944448,-0.2588,-0.9659,app,self,238.68,27.55,32.92,100,OK
1779117189.210336,-0.2588,-0.9659,svc1,self,210.03,25.20,31.61,100,OK
1779117189.434518,-0.2588,-0.9659,svc2,self,219.53,25.99,32.05,100,OK
1779117189.6212926,-0.2588,-0.9659,svc3,self,181.60,22.86,30.30,100,OK
1779117189.626007,-0.2588,-0.9659,svc2,svc3,189.08,25.99,32.05,100,OK
1779117189.6299505,-0.2588,-0.9659,svc1,svc2,417.62,25.20,31.61,100,OK
1779117189.633296,-0.2588,-0.9659,app,svc1,635.66,27.55,32.92,100,OK
1779117189.857932,-0.2588,-0.9659,svc2,self,219.63,25.99,32.05,100,OK
1779117190.0438886,-0.2588,-0.9659,svc3,self,181.44,22.86,30.30,100,OK
1779117190.047705,-0.2588,-0.9659,svc2,svc3,187.70,25.99,32.05,100,OK
1779117190.0511787,-0.2588,-0.9659,app,svc2,415.58,27.55,32.92,100,OK
1779117190.2379334,-0.2588,-0.9659,svc3,self,181.61,22.86,30.30,100,OK
1779117190.2418404,-0.2588,-0.9659,app,svc3,187.99,27.55,32.92,100,OK
1779117191.4883797,-0.2588,-0.9659,app,self,238.61,27.55,32.92,100,OK
1779117191.7037244,-0.2588,-0.9659,svc1,self,210.05,25.20,31.61,100,OK
1779117191.9289725,-0.2588,-0.9659,svc2,self,219.91,25.99,32.05,100,OK
1779117192.1155927,-0.2588,-0.9659,svc3,self,181.45,22.86,30.30,100,OK
1779117192.120039,-0.2588,-0.9659,svc2,svc3,188.52,25.99,32.05,100,OK
1779117192.123744,-0.2588,-0.9659,svc1,svc2,417.67,25.20,31.61,100,OK
1779117192.1273136,-0.2588,-0.9659,app,svc1,636.38,27.55,32.92,100,OK
1779117192.3525271,-0.2588,-0.9659,svc2,self,219.63,25.99,32.05,100,OK
1779117192.540412,-0.2588,-0.9659,svc3,self,181.44,22.86,30.30,100,OK
1779117192.544463,-0.2588,-0.9659,svc2,svc3,188.30,25.99,32.05,100,OK
1779117192.5487654,-0.2588,-0.9659,app,svc2,418.38,27.55,32.92,100,OK
1779117192.735921,-0.2588,-0.9659,svc3,self,181.47,22.86,30.30,100,OK
1779117192.7405589,-0.2588,-0.9659,app,svc3,189.35,27.55,32.92,100,OK
1779117194.0294611,-0.2588,-0.9659,app,self,238.89,27.55,32.92,100,OK
1779117194.2448874,-0.2588,-0.9659,svc1,self,210.01,25.20,31.61,100,OK
1779117194.4693897,-0.2588,-0.9659,svc2,self,219.90,25.99,32.05,100,OK
1779117194.656745,-0.2588,-0.9659,svc3,self,181.49,22.86,30.30,100,OK
1779117194.6604226,-0.2588,-0.9659,svc2,svc3,188.04,25.99,32.05,100,OK
1779117194.6639478,-0.2588,-0.9659,svc1,svc2,417.08,25.20,31.61,100,OK
1779117194.6688752,-0.2588,-0.9659,app,svc1,636.53,27.55,32.92,100,OK
1779117194.8940072,-0.2588,-0.9659,svc2,self,219.55,25.99,32.05,100,OK
1779117195.081024,-0.2588,-0.9659,svc3,self,181.45,22.86,30.30,100,OK
1779117195.0848784,-0.2588,-0.9659,svc2,svc3,187.94,25.99,32.05,100,OK
1779117195.0890257,-0.2588,-0.9659,app,svc2,417.22,27.55,32.92,100,OK
1779117195.2754366,-0.2588,-0.9659,svc3,self,181.38,22.86,30.30,100,OK
1779117195.279153,-0.2588,-0.9659,app,svc3,187.71,27.55,32.92,100,OK
1779117196.5259666,-0.2588,-0.9659,app,self,238.63,27.55,32.92,100,OK
1779117196.7429814,-0.2588,-0.9659,svc1,self,210.10,25.20,31.61,100,OK
1779117196.9683802,-0.2588,-0.9659,svc2,self,219.56,25.99,32.05,100,OK
1779117197.1562238,-0.2588,-0.9659,svc3,self,181.46,22.86,30.30,100,OK
1779117197.1602056,-0.2588,-0.9659,svc2,svc3,189.19,25.99,32.05,100,OK
1779117197.1639822,-0.2588,-0.9659,svc1,svc2,418.15,25.20,31.61,100,OK
1779117197.1676726,-0.2588,-0.9659,app,svc1,637.48,27.55,32.92,100,OK
1779117197.392157,-0.2588,-0.9659,svc2,self,219.56,25.99,32.05,100,OK
1779117197.578953,-0.2588,-0.9659,svc3,self,181.71,22.86,30.30,100,OK
1779117197.5833879,-0.2588,-0.9659,svc2,svc3,188.81,25.99,32.05,100,OK
1779117197.587792,-0.2588,-0.9659,app,svc2,417.86,27.55,32.92,100,OK
1779117197.7740674,-0.2588,-0.9659,svc3,self,181.38,22.86,30.30,100,OK
1779117197.7778668,-0.2588,-0.9659,app,svc3,187.82,27.55,32.92,100,OK
1779117199.0435026,-0.2588,-0.9659,app,self,238.69,27.55,32.92,100,OK
1779117199.2589471,-0.2588,-0.9659,svc1,self,210.04,25.20,31.61,100,OK
1779117199.4849935,-0.2588,-0.9659,svc2,self,219.61,25.99,32.05,100,OK
1779117199.67262,-0.2588,-0.9659,svc3,self,181.42,22.86,30.30,100,OK
1779117199.675886,-0.2588,-0.9659,svc2,svc3,187.33,25.99,32.05,100,OK
1779117199.6796803,-0.2588,-0.9659,svc1,svc2,417.98,25.20,31.61,100,OK
1779117199.6828969,-0.2588,-0.9659,app,svc1,636.58,27.55,32.92,100,OK
1779117199.9092424,-0.2588,-0.9659,svc2,self,219.61,25.99,32.05,100,OK
1779117200.0963068,-0.2588,-0.9659,svc3,self,181.53,22.86,30.30,100,OK
1779117200.1007366,-0.2588,-0.9659,svc2,svc3,188.61,25.99,32.05,100,OK
1779117200.1052582,-0.2588,-0.9659,app,svc2,418.23,27.55,32.92,100,OK
1779117200.291705,-0.2588,-0.9659,svc3,self,181.49,22.86,30.30,100,OK
1779117200.2956004,-0.2588,-0.9659,app,svc3,187.87,27.55,32.92,100,OK
1779117201.5424354,-0.2588,-0.9659,app,self,238.77,27.55,32.92,100,OK
1779117201.758568,-0.2588,-0.9659,svc1,self,210.00,25.20,31.61,100,OK
1779117201.9828608,-0.2588,-0.9659,svc2,self,219.67,25.99,32.05,100,OK
1779117202.1703932,-0.2588,-0.9659,svc3,self,181.50,22.86,30.30,100,OK
1779117202.1740913,-0.2588,-0.9659,svc2,svc3,188.27,25.99,32.05,100,OK
1779117202.1778126,-0.2588,-0.9659,svc1,svc2,417.27,25.20,31.61,100,OK
1779117202.1809502,-0.2588,-0.9659,app,svc1,635.44,27.55,32.92,100,OK
1779117202.405268,-0.2588,-0.9659,svc2,self,219.60,25.99,32.05,100,OK
1779117202.5920708,-0.2588,-0.9659,svc3,self,181.45,22.86,30.30,100,OK
1779117202.5962498,-0.2588,-0.9659,svc2,svc3,188.41,25.99,32.05,100,OK
1779117202.6000972,-0.2588,-0.9659,app,svc2,417.02,27.55,32.92,100,OK
1779117202.7864788,-0.2588,-0.9659,svc3,self,181.52,22.86,30.30,100,OK
1779117202.790393,-0.2588,-0.9659,app,svc3,188.12,27.55,32.92,100,OK
1779117204.0358095,-0.2588,-0.9659,app,self,238.70,27.55,32.92,100,OK
1779117204.2515547,-0.2588,-0.9659,svc1,self,210.06,25.20,31.61,100,OK
1779117204.4762876,-0.2588,-0.9659,svc2,self,219.63,25.99,32.05,100,OK
1779117204.6627362,-0.2588,-0.9659,svc3,self,181.37,22.86,30.30,100,OK
1779117204.6674902,-0.2588,-0.9659,svc2,svc3,188.65,25.99,32.05,100,OK
1779117204.672392,-0.2588,-0.9659,svc1,svc2,418.46,25.20,31.61,100,OK
1779117204.6765337,-0.2588,-0.9659,app,svc1,637.73,27.55,32.92,100,OK
1779117204.9026177,-0.2588,-0.9659,svc2,self,219.54,25.99,32.05,100,OK
1779117205.0891907,-0.2588,-0.9659,svc3,self,181.40,22.86,30.30,100,OK
1779117205.0926287,-0.2588,-0.9659,svc2,svc3,187.49,25.99,32.05,100,OK
1779117205.0968037,-0.2588,-0.9659,app,svc2,417.01,27.55,32.92,100,OK
1779117205.2844605,-0.2588,-0.9659,svc3,self,181.38,22.86,30.30,100,OK
1779117205.2897189,-0.2588,-0.9659,app,svc3,189.78,27.55,32.92,100,OK
1779117206.5732608,-0.2588,-0.9659,app,self,238.69,27.55,32.92,100,OK
1779117206.7893481,-0.2588,-0.9659,svc1,self,210.02,25.20,31.61,100,OK
1779117207.0134602,-0.2588,-0.9659,svc2,self,219.57,25.99,32.05,100,OK
1779117207.199767,-0.2588,-0.9659,svc3,self,181.47,22.86,30.30,100,OK
1779117207.2049232,-0.2588,-0.9659,svc2,svc3,189.16,25.99,32.05,100,OK
1779117207.2094545,-0.2588,-0.9659,svc1,svc2,418.28,25.20,31.61,100,OK
1779117207.213551,-0.2588,-0.9659,app,svc1,637.49,27.55,32.92,100,OK
1779117207.4381163,-0.2588,-0.9659,svc2,self,219.54,25.99,32.05,100,OK
1779117207.624394,-0.2588,-0.9659,svc3,self,181.43,22.86,30.30,100,OK
1779117207.628884,-0.2588,-0.9659,svc2,svc3,188.36,25.99,32.05,100,OK
1779117207.6326265,-0.2588,-0.9659,app,svc2,416.47,27.55,32.92,100,OK
1779117207.8192916,-0.2588,-0.9659,svc3,self,181.64,22.86,30.30,100,OK
1779117207.8238602,-0.2588,-0.9659,app,svc3,188.80,27.55,32.92,100,OK
1779117209.0703626,-0.2588,-0.9659,app,self,238.78,27.55,32.92,100,OK
1779117209.2854612,-0.2588,-0.9659,svc1,self,210.17,25.20,31.61,100,OK
1779117209.5104992,-0.2588,-0.9659,svc2,self,219.57,25.99,32.05,100,OK
1779117209.6967812,-0.2588,-0.9659,svc3,self,181.41,22.86,30.30,100,OK
1779117209.7002633,-0.2588,-0.9659,svc2,svc3,187.51,25.99,32.05,100,OK
1779117209.704281,-0.2588,-0.9659,svc1,svc2,415.96,25.20,31.61,100,OK
1779117209.7081013,-0.2588,-0.9659,app,svc1,635.31,27.55,32.92,100,OK
1779117209.9328918,-0.2588,-0.9659,svc2,self,219.79,25.99,32.05,100,OK
1779117210.119436,-0.2588,-0.9659,svc3,self,181.50,22.86,30.30,100,OK
1779117210.1238918,-0.2588,-0.9659,svc2,svc3,188.87,25.99,32.05,100,OK
1779117210.1277466,-0.2588,-0.9659,app,svc2,417.23,27.55,32.92,100,OK
1779117210.3156037,-0.2588,-0.9659,svc3,self,181.40,22.86,30.30,100,OK
1779117210.320468,-0.2588,-0.9659,app,svc3,189.18,27.55,32.92,100,OK
1779117211.5649405,-0.2588,-0.9659,app,self,238.73,27.55,32.92,100,OK
1779117211.780688,-0.2588,-0.9659,svc1,self,210.07,25.20,31.61,100,OK
1779117212.0071537,-0.2588,-0.9659,svc2,self,219.62,25.99,32.05,100,OK
1779117212.1939783,-0.2588,-0.9659,svc3,self,181.45,22.86,30.30,100,OK
1779117212.1982028,-0.2588,-0.9659,svc2,svc3,188.26,25.99,32.05,100,OK
1779117212.2030478,-0.2588,-0.9659,svc1,svc2,419.10,25.20,31.61,100,OK
1779117212.2066865,-0.2588,-0.9659,app,svc1,638.93,27.55,32.92,100,OK
1779117212.4315686,-0.2588,-0.9659,svc2,self,219.71,25.99,32.05,100,OK
1779117212.619953,-0.2588,-0.9659,svc3,self,181.44,22.86,30.30,100,OK
1779117212.6240082,-0.2588,-0.9659,svc2,svc3,188.51,25.99,32.05,100,OK
1779117212.628782,-0.2588,-0.9659,app,svc2,419.58,27.55,32.92,100,OK
1779117212.8177278,-0.2588,-0.9659,svc3,self,181.46,22.86,30.30,100,OK
1779117212.821897,-0.2588,-0.9659,app,svc3,190.06,27.55,32.92,100,OK
1779117214.1364024,-0.2588,-0.9659,app,self,238.65,27.55,32.92,100,OK
1779117214.3527834,-0.2588,-0.9659,svc1,self,210.00,25.20,31.61,100,OK
1779117214.5777907,-0.2588,-0.9659,svc2,self,219.98,25.99,32.05,100,OK
1779117214.7656074,-0.2588,-0.9659,svc3,self,181.66,22.86,30.30,100,OK
1779117214.7694523,-0.2588,-0.9659,svc2,svc3,188.66,25.99,32.05,100,OK
1779117214.7730532,-0.2588,-0.9659,svc1,svc2,417.84,25.20,31.61,100,OK
1779117214.7766395,-0.2588,-0.9659,app,svc1,636.91,27.55,32.92,100,OK
1779117215.0009866,-0.2588,-0.9659,svc2,self,219.60,25.99,32.05,100,OK
1779117215.1880317,-0.2588,-0.9659,svc3,self,181.38,22.86,30.30,100,OK
1779117215.1917303,-0.2588,-0.9659,svc2,svc3,188.24,25.99,32.05,100,OK
1779117215.1957576,-0.2588,-0.9659,app,svc2,416.75,27.55,32.92,100,OK
1779117215.3837714,-0.2588,-0.9659,svc3,self,181.49,22.86,30.30,100,OK
1779117215.389143,-0.2588,-0.9659,app,svc3,190.32,27.55,32.92,100,OK
1779117216.634595,-0.2588,-0.9659,app,self,238.67,27.55,32.92,100,OK
1779117216.8497915,-0.2588,-0.9659,svc1,self,210.19,25.20,31.61,100,OK
1779117217.0755608,-0.2588,-0.9659,svc2,self,219.58,25.99,32.05,100,OK
1779117217.2625673,-0.2588,-0.9659,svc3,self,181.57,22.86,30.30,100,OK
1779117217.26671,-0.2588,-0.9659,svc2,svc3,188.44,25.99,32.05,100,OK
1779117217.2704725,-0.2588,-0.9659,svc1,svc2,417.28,25.20,31.61,100,OK
1779117217.2741172,-0.2588,-0.9659,app,svc1,637.27,27.55,32.92,100,OK
1779117217.4984286,-0.2588,-0.9659,svc2,self,219.59,25.99,32.05,100,OK
1779117217.6850934,-0.2588,-0.9659,svc3,self,181.48,22.86,30.30,100,OK
1779117217.6890101,-0.2588,-0.9659,svc2,svc3,188.09,25.99,32.05,100,OK
1779117217.692604,-0.2588,-0.9659,app,svc2,416.11,27.55,32.92,100,OK
1779117217.8789704,-0.2588,-0.9659,svc3,self,181.63,22.86,30.30,100,OK
1779117217.8826628,-0.2588,-0.9659,app,svc3,187.68,27.55,32.92,100,OK
1779117219.1606894,-0.2588,-0.9659,app,self,238.68,27.55,32.92,100,OK
1779117219.376519,-0.2588,-0.9659,svc1,self,210.04,25.20,31.61,100,OK
1779117219.601693,-0.2588,-0.9659,svc2,self,219.65,25.99,32.05,100,OK
1779117219.788221,-0.2588,-0.9659,svc3,self,181.47,22.86,30.30,100,OK
1779117219.7926595,-0.2588,-0.9659,svc2,svc3,188.42,25.99,32.05,100,OK
1779117219.7965417,-0.2588,-0.9659,svc1,svc2,417.07,25.20,31.61,100,OK
1779117219.801254,-0.2588,-0.9659,app,svc1,637.62,27.55,32.92,100,OK
1779117220.028904,-0.2588,-0.9659,svc2,self,219.62,25.99,32.05,100,OK
1779117220.216236,-0.2588,-0.9659,svc3,self,181.42,22.86,30.30,100,OK
1779117220.220258,-0.2588,-0.9659,svc2,svc3,188.65,25.99,32.05,100,OK
1779117220.224056,-0.2588,-0.9659,app,svc2,417.90,27.55,32.92,100,OK
1779117220.4104707,-0.2588,-0.9659,svc3,self,181.54,22.86,30.30,100,OK
1779117220.414268,-0.2588,-0.9659,app,svc3,187.86,27.55,32.92,100,OK
1779117221.6612568,-0.2588,-0.9659,app,self,238.66,27.55,32.92,100,OK
1779117221.8772888,-0.2588,-0.9659,svc1,self,210.06,25.20,31.61,100,OK
1779117222.1023386,-0.2588,-0.9659,svc2,self,219.56,25.99,32.05,100,OK
1779117222.288585,-0.2588,-0.9659,svc3,self,181.37,22.86,30.30,100,OK
1779117222.2924013,-0.2588,-0.9659,svc2,svc3,187.71,25.99,32.05,100,OK
1779117222.2959452,-0.2588,-0.9659,svc1,svc2,415.86,25.20,31.61,100,OK
1779117222.2995062,-0.2588,-0.9659,app,svc1,635.49,27.55,32.92,100,OK
1779117222.5242736,-0.2588,-0.9659,svc2,self,219.78,25.99,32.05,100,OK
1779117222.7113385,-0.2588,-0.9659,svc3,self,181.47,22.86,30.30,100,OK
1779117222.7155776,-0.2588,-0.9659,svc2,svc3,189.08,25.99,32.05,100,OK
1779117222.720269,-0.2588,-0.9659,app,svc2,418.24,27.55,32.92,100,OK
1779117222.906868,-0.2588,-0.9659,svc3,self,181.40,22.86,30.30,100,OK
1779117222.9111252,-0.2588,-0.9659,app,svc3,188.33,27.55,32.92,100,OK
1779117224.1573966,-0.2588,-0.9659,app,self,238.69,27.55,32.92,100,OK
1779117224.373439,-0.2588,-0.9659,svc1,self,210.03,25.20,31.61,100,OK
1779117224.5989125,-0.2588,-0.9659,svc2,self,220.03,25.99,32.05,100,OK
1779117224.7859626,-0.2588,-0.9659,svc3,self,181.39,22.86,30.30,100,OK
1779117224.7893484,-0.2588,-0.9659,svc2,svc3,187.74,25.99,32.05,100,OK
1779117224.793246,-0.2588,-0.9659,svc1,svc2,417.11,25.20,31.61,100,OK
1779117224.7970047,-0.2588,-0.9659,app,svc1,636.42,27.55,32.92,100,OK
1779117225.0221193,-0.2588,-0.9659,svc2,self,219.59,25.99,32.05,100,OK
1779117225.2114928,-0.2588,-0.9659,svc3,self,181.49,22.86,30.30,100,OK
1779117225.2154484,-0.2588,-0.9659,svc2,svc3,188.66,25.99,32.05,100,OK
1779117225.2200382,-0.2588,-0.9659,app,svc2,420.56,27.55,32.92,100,OK
1779117225.4061089,-0.2588,-0.9659,svc3,self,181.39,22.86,30.30,100,OK
1779117225.4091136,-0.2588,-0.9659,app,svc3,186.92,27.55,32.92,100,OK
1779117226.694518,-0.2588,-0.9659,app,self,238.65,27.55,32.92,100,OK
1779117226.9091988,-0.2588,-0.9659,svc1,self,210.03,25.20,31.61,100,OK
1779117227.1342146,-0.2588,-0.9659,svc2,self,219.61,25.99,32.05,100,OK
1779117227.3207357,-0.2588,-0.9659,svc3,self,181.58,22.86,30.30,100,OK
1779117227.3250253,-0.2588,-0.9659,svc2,svc3,188.68,25.99,32.05,100,OK
1779117227.3288856,-0.2588,-0.9659,svc1,svc2,417.05,25.20,31.61,100,OK
1779117227.3322065,-0.2588,-0.9659,app,svc1,635.67,27.55,32.92,100,OK
1779117227.5566375,-0.2588,-0.9659,svc2,self,219.54,25.99,32.05,100,OK
1779117227.74366,-0.2588,-0.9659,svc3,self,181.41,22.86,30.30,100,OK
1779117227.7472947,-0.2588,-0.9659,svc2,svc3,187.78,25.99,32.05,100,OK
1779117227.7524378,-0.2588,-0.9659,app,svc2,417.85,27.55,32.92,100,OK
1779117227.940065,-0.2588,-0.9659,svc3,self,181.39,22.86,30.30,100,OK
1779117227.9436889,-0.2588,-0.9659,app,svc3,188.27,27.55,32.92,100,OK
1779117229.1891768,-0.2588,-0.9659,app,self,238.73,27.55,32.92,100,OK
1779117229.404803,-0.2588,-0.9659,svc1,self,210.08,25.20,31.61,100,OK
1779117229.6302166,-0.2588,-0.9659,svc2,self,219.64,25.99,32.05,100,OK
1779117229.817021,-0.2588,-0.9659,svc3,self,181.38,22.86,30.30,100,OK
1779117229.8206735,-0.2588,-0.9659,svc2,svc3,188.04,25.99,32.05,100,OK
1779117229.8244636,-0.2588,-0.9659,svc1,svc2,416.70,25.20,31.61,100,OK
1779117229.8282654,-0.2588,-0.9659,app,svc1,636.33,27.55,32.92,100,OK
1779117230.0525339,-0.2588,-0.9659,svc2,self,219.62,25.99,32.05,100,OK
1779117230.2393548,-0.2588,-0.9659,svc3,self,181.48,22.86,30.30,100,OK
1779117230.243669,-0.2588,-0.9659,svc2,svc3,188.87,25.99,32.05,100,OK
1779117230.2472653,-0.2588,-0.9659,app,svc2,416.81,27.55,32.92,100,OK
1779117230.434164,-0.2588,-0.9659,svc3,self,181.49,22.86,30.30,100,OK
1779117230.4378316,-0.2588,-0.9659,app,svc3,187.93,27.55,32.92,100,OK
1779117231.6840847,-0.2588,-0.9659,app,self,238.68,27.55,32.92,100,OK
1779117231.9000952,-0.2588,-0.9659,svc1,self,210.32,25.20,31.61,100,OK
1779117232.125781,-0.2588,-0.9659,svc2,self,219.58,25.99,32.05,100,OK
1779117232.3137295,-0.2588,-0.9659,svc3,self,181.56,22.86,30.30,100,OK
1779117232.3192558,-0.2588,-0.9659,svc2,svc3,190.33,25.99,32.05,100,OK
1779117232.3233232,-0.2588,-0.9659,svc1,svc2,419.78,25.20,31.61,100,OK
1779117232.3267515,-0.2588,-0.9659,app,svc1,639.73,27.55,32.92,100,OK
1779117232.551202,-0.2588,-0.9659,svc2,self,219.54,25.99,32.05,100,OK
1779117232.7383878,-0.2588,-0.9659,svc3,self,181.46,22.86,30.30,100,OK
1779117232.7427857,-0.2588,-0.9659,svc2,svc3,189.18,25.99,32.05,100,OK
1779117232.74704,-0.2588,-0.9659,app,svc2,418.04,27.55,32.92,100,OK
1779117232.933504,-0.2588,-0.9659,svc3,self,181.48,22.86,30.30,100,OK
1779117232.9382682,-0.2588,-0.9659,app,svc3,188.93,27.55,32.92,100,OK
1779117234.1847312,-0.2588,-0.9659,app,self,238.63,27.55,32.92,100,OK
1779117234.4011202,-0.2588,-0.9659,svc1,self,210.05,25.20,31.61,100,OK
1779117234.625456,-0.2588,-0.9659,svc2,self,219.66,25.99,32.05,100,OK
1779117234.8136187,-0.2588,-0.9659,svc3,self,181.66,22.86,30.30,100,OK
1779117234.8178334,-0.2588,-0.9659,svc2,svc3,189.17,25.99,32.05,100,OK
1779117234.821317,-0.2588,-0.9659,svc1,svc2,418.41,25.20,31.61,100,OK
1779117234.8245099,-0.2588,-0.9659,app,svc1,636.86,27.55,32.92,100,OK
1779117235.0487723,-0.2588,-0.9659,svc2,self,219.54,25.99,32.05,100,OK
1779117235.2353854,-0.2588,-0.9659,svc3,self,181.41,22.86,30.30,100,OK
1779117235.2395425,-0.2588,-0.9659,svc2,svc3,188.30,25.99,32.05,100,OK
1779117235.2433043,-0.2588,-0.9659,app,svc2,416.55,27.55,32.92,100,OK
1779117235.4297647,-0.2588,-0.9659,svc3,self,181.39,22.86,30.30,100,OK
1779117235.433862,-0.2588,-0.9659,app,svc3,188.00,27.55,32.92,100,OK
1779117236.6807969,-0.2588,-0.9659,app,self,238.70,27.55,32.92,100,OK
1779117236.8968942,-0.2588,-0.9659,svc1,self,210.44,25.20,31.61,100,OK
1779117237.121622,-0.2588,-0.9659,svc2,self,219.61,25.99,32.05,100,OK
1779117237.3090153,-0.2588,-0.9659,svc3,self,181.71,22.86,30.30,100,OK
1779117237.312698,-0.2588,-0.9659,svc2,svc3,188.53,25.99,32.05,100,OK
1779117237.3164802,-0.2588,-0.9659,svc1,svc2,417.61,25.20,31.61,100,OK
1779117237.3200483,-0.2588,-0.9659,app,svc1,636.39,27.55,32.92,100,OK
1779117237.544222,-0.2588,-0.9659,svc2,self,219.54,25.99,32.05,100,OK
1779117237.7316763,-0.2588,-0.9659,svc3,self,181.42,22.86,30.30,100,OK
1779117237.7356534,-0.2588,-0.9659,svc2,svc3,188.59,25.99,32.05,100,OK
1779117237.7396262,-0.2588,-0.9659,app,svc2,417.35,27.55,32.92,100,OK
1779117237.927053,-0.2588,-0.9659,svc3,self,181.70,22.86,30.30,100,OK
1779117237.9315019,-0.2588,-0.9659,app,svc3,189.34,27.55,32.92,100,OK
1779117239.1864464,-0.2588,-0.9659,app,self,238.63,27.55,32.92,100,OK
1779117239.4022517,-0.2588,-0.9659,svc1,self,210.02,25.20,31.61,100,OK
1779117239.6273391,-0.2588,-0.9659,svc2,self,219.57,25.99,32.05,100,OK
1779117239.8144455,-0.2588,-0.9659,svc3,self,181.76,22.86,30.30,100,OK
1779117239.8185687,-0.2588,-0.9659,svc2,svc3,188.71,25.99,32.05,100,OK
1779117239.8220048,-0.2588,-0.9659,svc1,svc2,417.64,25.20,31.61,100,OK
1779117239.8254032,-0.2588,-0.9659,app,svc1,636.25,27.55,32.92,100,OK
1779117240.050064,-0.2588,-0.9659,svc2,self,219.68,25.99,32.05,100,OK
1779117240.2369716,-0.2588,-0.9659,svc3,self,181.52,22.86,30.30,100,OK
1779117240.2408338,-0.2588,-0.9659,svc2,svc3,188.17,25.99,32.05,100,OK
1779117240.2446282,-0.2588,-0.9659,app,svc2,417.11,27.55,32.92,100,OK
1779117240.42818,-0.2588,-0.9659,svc3,self,179.01,22.86,30.30,100,OK
1779117240.4323037,-0.2588,-0.9659,app,svc3,185.45,27.55,32.92,100,OK
1779117241.6788352,-0.2588,-0.9659,app,self,238.74,27.55,32.92,100,OK
1779117241.8945801,-0.2588,-0.9659,svc1,self,210.25,25.20,31.61,100,OK
1779117242.1195972,-0.2588,-0.9659,svc2,self,219.67,25.99,32.05,100,OK
1779117242.3061519,-0.2588,-0.9659,svc3,self,181.45,22.86,30.30,100,OK
1779117242.3112352,-0.2588,-0.9659,svc2,svc3,189.15,25.99,32.05,100,OK
1779117242.3156776,-0.2588,-0.9659,svc1,svc2,418.74,25.20,31.61,100,OK
1779117242.318916,-0.2588,-0.9659,app,svc1,637.42,27.55,32.92,100,OK
1779117242.5433736,-0.2588,-0.9659,svc2,self,219.70,25.99,32.05,100,OK
1779117242.7308342,-0.2588,-0.9659,svc3,self,181.49,22.86,30.30,100,OK
1779117242.7347734,-0.2588,-0.9659,svc2,svc3,188.71,25.99,32.05,100,OK
1779117242.738416,-0.2588,-0.9659,app,svc2,417.21,27.55,32.92,100,OK
1779117242.924931,-0.2588,-0.9659,svc3,self,181.48,22.86,30.30,100,OK
1779117242.9292862,-0.2588,-0.9659,app,svc3,188.35,27.55,32.92,100,OK
1779117244.1755502,-0.2588,-0.9659,app,self,238.59,27.55,32.92,100,OK
1779117244.3917866,-0.2588,-0.9659,svc1,self,210.09,25.20,31.61,100,OK
1779117244.6160507,-0.2588,-0.9659,svc2,self,219.58,25.99,32.05,100,OK
1779117244.8028007,-0.2588,-0.9659,svc3,self,181.67,22.86,30.30,100,OK
1779117244.8064866,-0.2588,-0.9659,svc2,svc3,188.14,25.99,32.05,100,OK
1779117244.810551,-0.2588,-0.9659,svc1,svc2,416.62,25.20,31.61,100,OK
1779117244.8144383,-0.2588,-0.9659,app,svc1,635.94,27.55,32.92,100,OK
1779117245.0392585,-0.2588,-0.9659,svc2,self,219.82,25.99,32.05,100,OK
1779117245.225857,-0.2588,-0.9659,svc3,self,181.43,22.86,30.30,100,OK
1779117245.230339,-0.2588,-0.9659,svc2,svc3,188.86,25.99,32.05,100,OK
1779117245.2352278,-0.2588,-0.9659,app,svc2,418.34,27.55,32.92,100,OK
1779117245.4218187,-0.2588,-0.9659,svc3,self,181.40,22.86,30.30,100,OK
1779117245.4259171,-0.2588,-0.9659,app,svc3,188.20,27.55,32.92,100,OK
1779117246.7126544,-0.2588,-0.9659,app,self,238.67,27.55,32.92,100,OK
1779117246.9285517,-0.2588,-0.9659,svc1,self,210.16,25.20,31.61,100,OK
1779117247.1532116,-0.2588,-0.9659,svc2,self,219.70,25.99,32.05,100,OK
1779117247.3400452,-0.2588,-0.9659,svc3,self,181.74,22.86,30.30,100,OK
1779117247.343772,-0.2588,-0.9659,svc2,svc3,188.10,25.99,32.05,100,OK
1779117247.3476574,-0.2588,-0.9659,svc1,svc2,416.90,25.20,31.61,100,OK
1779117247.3515983,-0.2588,-0.9659,app,svc1,635.98,27.55,32.92,100,OK
1779117247.576197,-0.2588,-0.9659,svc2,self,219.89,25.99,32.05,100,OK
1779117247.763666,-0.2588,-0.9659,svc3,self,181.39,22.86,30.30,100,OK
1779117247.7669952,-0.2588,-0.9659,svc2,svc3,187.50,25.99,32.05,100,OK
1779117247.7702622,-0.2588,-0.9659,app,svc2,416.32,27.55,32.92,100,OK
1779117247.956156,-0.2588,-0.9659,svc3,self,181.36,22.86,30.30,100,OK
1779117247.9596643,-0.2588,-0.9659,app,svc3,187.19,27.55,32.92,100,OK
1779117249.2056482,-0.2588,-0.9659,app,self,238.67,27.55,32.92,100,OK
1779117249.4211228,-0.2588,-0.9659,svc1,self,210.06,25.20,31.61,100,OK
1779117249.645993,-0.2588,-0.9659,svc2,self,219.87,25.99,32.05,100,OK
1779117249.8326693,-0.2588,-0.9659,svc3,self,181.43,22.86,30.30,100,OK
1779117249.8361652,-0.2588,-0.9659,svc2,svc3,187.45,25.99,32.05,100,OK
1779117249.8401875,-0.2588,-0.9659,svc1,svc2,417.08,25.20,31.61,100,OK
1779117249.8438272,-0.2588,-0.9659,app,svc1,635.23,27.55,32.92,100,OK
1779117250.067997,-0.2588,-0.9659,svc2,self,219.54,25.99,32.05,100,OK
1779117250.2552137,-0.2588,-0.9659,svc3,self,181.73,22.86,30.30,100,OK
1779117250.2588637,-0.2588,-0.9659,svc2,svc3,188.37,25.99,32.05,100,OK
1779117250.262678,-0.2588,-0.9659,app,svc2,416.69,27.55,32.92,100,OK
1779117250.4491372,-0.2588,-0.9659,svc3,self,181.37,22.86,30.30,100,OK
1779117250.452683,-0.2588,-0.9659,app,svc3,187.43,27.55,32.92,100,OK
1779117251.7205718,-0.2588,-0.9659,app,self,238.63,27.55,32.92,100,OK
1779117251.935798,-0.2588,-0.9659,svc1,self,210.04,25.20,31.61,100,OK
1779117252.1614103,-0.2588,-0.9659,svc2,self,219.62,25.99,32.05,100,OK
1779117252.3492062,-0.2588,-0.9659,svc3,self,181.50,22.86,30.30,100,OK
1779117252.3537834,-0.2588,-0.9659,svc2,svc3,189.46,25.99,32.05,100,OK
1779117252.3575685,-0.2588,-0.9659,svc1,svc2,419.14,25.20,31.61,100,OK
1779117252.3612428,-0.2588,-0.9659,app,svc1,638.23,27.55,32.92,100,OK
1779117252.5860288,-0.2588,-0.9659,svc2,self,219.57,25.99,32.05,100,OK
1779117252.7724342,-0.2588,-0.9659,svc3,self,181.39,22.86,30.30,100,OK
1779117252.7759438,-0.2588,-0.9659,svc2,svc3,187.63,25.99,32.05,100,OK
1779117252.779787,-0.2588,-0.9659,app,svc2,416.04,27.55,32.92,100,OK
1779117252.9669805,-0.2588,-0.9659,svc3,self,181.41,22.86,30.30,100,OK
1779117252.9707081,-0.2588,-0.9659,app,svc3,187.61,27.55,32.92,100,OK
1779117254.2167892,-0.2588,-0.9659,app,self,238.64,27.55,32.92,100,OK
1779117254.4352403,-0.2588,-0.9659,svc1,self,210.11,25.20,31.61,100,OK
1779117254.6603708,-0.2588,-0.9659,svc2,self,219.54,25.99,32.05,100,OK
1779117254.849865,-0.2588,-0.9659,svc3,self,181.64,22.86,30.30,100,OK
1779117254.853701,-0.2588,-0.9659,svc2,svc3,189.98,25.99,32.05,100,OK
1779117254.8574448,-0.2588,-0.9659,svc1,svc2,419.53,25.20,31.61,100,OK
1779117254.8610342,-0.2588,-0.9659,app,svc1,640.12,27.55,32.92,100,OK
1779117255.0860345,-0.2588,-0.9659,svc2,self,219.62,25.99,32.05,100,OK
1779117255.2725334,-0.2588,-0.9659,svc3,self,181.47,22.86,30.30,100,OK
1779117255.2764406,-0.2588,-0.9659,svc2,svc3,187.95,25.99,32.05,100,OK
1779117255.2798343,-0.2588,-0.9659,app,svc2,416.37,27.55,32.92,100,OK
1779117255.4669256,-0.2588,-0.9659,svc3,self,181.51,22.86,30.30,100,OK
1779117255.4714613,-0.2588,-0.9659,app,svc3,188.89,27.55,32.92,100,OK
1779117256.7174802,-0.2588,-0.9659,app,self,238.64,27.55,32.92,100,OK
1779117256.9327602,-0.2588,-0.9659,svc1,self,210.03,25.20,31.61,100,OK
1779117257.1587343,-0.2588,-0.9659,svc2,self,219.72,25.99,32.05,100,OK
1779117257.346253,-0.2588,-0.9659,svc3,self,181.75,22.86,30.30,100,OK
1779117257.3508697,-0.2588,-0.9659,svc2,svc3,189.71,25.99,32.05,100,OK
1779117257.3541129,-0.2588,-0.9659,svc1,svc2,418.25,25.20,31.61,100,OK
1779117257.357616,-0.2588,-0.9659,app,svc1,637.93,27.55,32.92,100,OK
1779117257.58202,-0.2588,-0.9659,svc2,self,219.70,25.99,32.05,100,OK
1779117257.7689302,-0.2588,-0.9659,svc3,self,181.46,22.86,30.30,100,OK
1779117257.7729442,-0.2588,-0.9659,svc2,svc3,188.90,25.99,32.05,100,OK
1779117257.7767487,-0.2588,-0.9659,app,svc2,417.07,27.55,32.92,100,OK
1779117257.964254,-0.2588,-0.9659,svc3,self,181.43,22.86,30.30,100,OK
1779117257.9692903,-0.2588,-0.9659,app,svc3,189.96,27.55,32.92,100,OK
1779117259.2372167,-0.2588,-0.9659,app,self,238.76,27.55,32.92,100,OK
1779117259.4527018,-0.2588,-0.9659,svc1,self,210.01,25.20,31.61,100,OK
1779117259.677429,-0.2588,-0.9659,svc2,self,219.63,25.99,32.05,100,OK
1779117259.864143,-0.2588,-0.9659,svc3,self,181.47,22.86,30.30,100,OK
1779117259.867794,-0.2588,-0.9659,svc2,svc3,187.70,25.99,32.05,100,OK
1779117259.8716838,-0.2588,-0.9659,svc1,svc2,416.81,25.20,31.61,100,OK
1779117259.875702,-0.2588,-0.9659,app,svc1,636.08,27.55,32.92,100,OK
1779117260.1002734,-0.2588,-0.9659,svc2,self,219.62,25.99,32.05,100,OK
1779117260.286894,-0.2588,-0.9659,svc3,self,181.46,22.86,30.30,100,OK
1779117260.2912362,-0.2588,-0.9659,svc2,svc3,188.42,25.99,32.05,100,OK
1779117260.2949445,-0.2588,-0.9659,app,svc2,417.11,27.55,32.92,100,OK
1779117260.481465,-0.2588,-0.9659,svc3,self,181.44,22.86,30.30,100,OK
1779117260.4852543,-0.2588,-0.9659,app,svc3,187.75,27.55,32.92,100,OK
1779117261.7319367,-0.2588,-0.9659,app,self,238.71,27.55,32.92,100,OK
1779117261.947449,-0.2588,-0.9659,svc1,self,210.18,25.20,31.61,100,OK
1779117262.1727033,-0.2588,-0.9659,svc2,self,219.92,25.99,32.05,100,OK
1779117262.3615003,-0.2588,-0.9659,svc3,self,181.78,22.86,30.30,100,OK
1779117262.3656409,-0.2588,-0.9659,svc2,svc3,189.98,25.99,32.05,100,OK
1779117262.3693624,-0.2588,-0.9659,svc1,svc2,419.60,25.20,31.61,100,OK
1779117262.3729506,-0.2588,-0.9659,app,svc1,638.39,27.55,32.92,100,OK
1779117262.5970178,-0.2588,-0.9659,svc2,self,219.56,25.99,32.05,100,OK
1779117262.7840636,-0.2588,-0.9659,svc3,self,181.46,22.86,30.30,100,OK
1779117262.7879014,-0.2588,-0.9659,svc2,svc3,187.96,25.99,32.05,100,OK
1779117262.7914956,-0.2588,-0.9659,app,svc2,416.68,27.55,32.92,100,OK
1779117262.9782765,-0.2588,-0.9659,svc3,self,181.80,22.86,30.30,100,OK
1779117262.9819603,-0.2588,-0.9659,app,svc3,187.93,27.55,32.92,100,OK
1779117264.2280853,-0.2588,-0.9659,app,self,238.68,27.55,32.92,100,OK
1779117264.446326,-0.2588,-0.9659,svc1,self,210.08,25.20,31.61,100,OK
1779117264.6727479,-0.2588,-0.9659,svc2,self,219.59,25.99,32.05,100,OK
1779117264.8617265,-0.2588,-0.9659,svc3,self,181.43,22.86,30.30,100,OK
1779117264.866502,-0.2588,-0.9659,svc2,svc3,190.24,25.99,32.05,100,OK
1779117264.870416,-0.2588,-0.9659,svc1,svc2,420.55,25.20,31.61,100,OK
1779117264.87427,-0.2588,-0.9659,app,svc1,642.76,27.55,32.92,100,OK
1779117265.0988693,-0.2588,-0.9659,svc2,self,219.57,25.99,32.05,100,OK
1779117265.2857683,-0.2588,-0.9659,svc3,self,181.38,22.86,30.30,100,OK
1779117265.290219,-0.2588,-0.9659,svc2,svc3,188.73,25.99,32.05,100,OK
1779117265.2952287,-0.2588,-0.9659,app,svc2,418.60,27.55,32.92,100,OK
1779117265.4862902,-0.2588,-0.9659,svc3,self,181.43,22.86,30.30,100,OK
1779117265.4905162,-0.2588,-0.9659,app,svc3,189.84,27.55,32.92,100,OK
1779117266.740654,-0.2588,-0.9659,app,self,238.66,27.55,32.92,100,OK
1779117266.9580271,-0.2588,-0.9659,svc1,self,210.36,25.20,31.61,100,OK
1779117267.1839828,-0.2588,-0.9659,svc2,self,219.64,25.99,32.05,100,OK
1779117267.37117,-0.2588,-0.9659,svc3,self,181.45,22.86,30.30,100,OK
1779117267.374753,-0.2588,-0.9659,svc2,svc3,187.99,25.99,32.05,100,OK
1779117267.3795114,-0.2588,-0.9659,svc1,svc2,418.68,25.20,31.61,100,OK
1779117267.3876572,-0.2588,-0.9659,app,svc1,642.91,27.55,32.92,100,OK
1779117267.6137016,-0.2588,-0.9659,svc2,self,219.81,25.99,32.05,100,OK
1779117267.8004656,-0.2588,-0.9659,svc3,self,181.41,22.86,30.30,100,OK
1779117267.8046622,-0.2588,-0.9659,svc2,svc3,188.34,25.99,32.05,100,OK
1779117267.808432,-0.2588,-0.9659,app,svc2,417.10,27.55,32.92,100,OK
1779117267.994472,-0.2588,-0.9659,svc3,self,181.39,22.86,30.30,100,OK
1779117267.9990764,-0.2588,-0.9659,app,svc3,188.46,27.55,32.92,100,OK
1779117269.2444096,-0.2588,-0.9659,app,self,238.64,27.55,32.92,100,OK
1779117269.4606524,-0.2588,-0.9659,svc1,self,210.03,25.20,31.61,100,OK
1779117269.6860213,-0.2588,-0.9659,svc2,self,219.64,25.99,32.05,100,OK
1779117269.873789,-0.2588,-0.9659,svc3,self,181.40,22.86,30.30,100,OK
1779117269.8773937,-0.2588,-0.9659,svc2,svc3,187.88,25.99,32.05,100,OK
1779117269.8818657,-0.2588,-0.9659,svc1,svc2,418.96,25.20,31.61,100,OK
1779117269.885753,-0.2588,-0.9659,app,svc1,637.87,27.55,32.92,100,OK
1779117270.110708,-0.2588,-0.9659,svc2,self,219.62,25.99,32.05,100,OK
1779117270.2987266,-0.2588,-0.9659,svc3,self,181.40,22.86,30.30,100,OK
1779117270.3023455,-0.2588,-0.9659,svc2,svc3,188.41,25.99,32.05,100,OK
1779117270.3059993,-0.2588,-0.9659,app,svc2,417.56,27.55,32.92,100,OK
1779117270.4903812,-0.2588,-0.9659,svc3,self,179.32,22.86,30.30,100,OK
1779117270.4942336,-0.2588,-0.9659,app,svc3,185.88,27.55,32.92,100,OK
1779117271.800148,-0.2588,-0.9659,app,self,238.72,27.55,32.92,100,OK
1779117272.0157304,-0.2588,-0.9659,svc1,self,210.04,25.20,31.61,100,OK
1779117272.2411463,-0.2588,-0.9659,svc2,self,219.61,25.99,32.05,100,OK
1779117272.4289067,-0.2588,-0.9659,svc3,self,181.49,22.86,30.30,100,OK
1779117272.4329393,-0.2588,-0.9659,svc2,svc3,188.80,25.99,32.05,100,OK
1779117272.4369378,-0.2588,-0.9659,svc1,svc2,418.15,25.20,31.61,100,OK
1779117272.4404528,-0.2588,-0.9659,app,svc1,637.39,27.55,32.92,100,OK
1779117272.665397,-0.2588,-0.9659,svc2,self,219.59,25.99,32.05,100,OK
1779117272.8544502,-0.2588,-0.9659,svc3,self,181.55,22.86,30.30,100,OK
1779117272.8590546,-0.2588,-0.9659,svc2,svc3,189.88,25.99,32.05,100,OK
1779117272.863365,-0.2588,-0.9659,app,svc2,420.68,27.55,32.92,100,OK
1779117273.0493164,-0.2588,-0.9659,svc3,self,181.38,22.86,30.30,100,OK
1779117273.0531855,-0.2588,-0.9659,app,svc3,187.60,27.55,32.92,100,OK
1779117274.2989202,-0.2588,-0.9659,app,self,238.61,27.55,32.92,100,OK
1779117274.5150666,-0.2588,-0.9659,svc1,self,210.04,25.20,31.61,100,OK
1779117274.7402894,-0.2588,-0.9659,svc2,self,219.67,25.99,32.05,100,OK
1779117274.9280193,-0.2588,-0.9659,svc3,self,181.48,22.86,30.30,100,OK
1779117274.93142,-0.2588,-0.9659,svc2,svc3,188.05,25.99,32.05,100,OK
1779117274.9350843,-0.2588,-0.9659,svc1,svc2,417.26,25.20,31.61,100,OK
1779117274.9395976,-0.2588,-0.9659,app,svc1,637.16,27.55,32.92,100,OK
1779117275.1636748,-0.2588,-0.9659,svc2,self,219.61,25.99,32.05,100,OK
1779117275.3506858,-0.2588,-0.9659,svc3,self,181.44,22.86,30.30,100,OK
1779117275.3547137,-0.2588,-0.9659,svc2,svc3,188.34,25.99,32.05,100,OK
1779117275.358144,-0.2588,-0.9659,app,svc2,416.37,27.55,32.92,100,OK
1779117275.5444777,-0.2588,-0.9659,svc3,self,181.38,22.86,30.30,100,OK
1779117275.549182,-0.2588,-0.9659,app,svc3,188.70,27.55,32.92,100,OK
1779117276.7952874,-0.2588,-0.9659,app,self,238.61,27.55,32.92,100,OK
1779117277.0101423,-0.2588,-0.9659,svc1,self,210.02,25.20,31.61,100,OK
1779117277.235506,-0.2588,-0.9659,svc2,self,219.63,25.99,32.05,100,OK
1779117277.4224832,-0.2588,-0.9659,svc3,self,181.40,22.86,30.30,100,OK
1779117277.4267254,-0.2588,-0.9659,svc2,svc3,188.56,25.99,32.05,100,OK
1779117277.4305713,-0.2588,-0.9659,svc1,svc2,417.39,25.20,31.61,100,OK
1779117277.4339876,-0.2588,-0.9659,app,svc1,636.36,27.55,32.92,100,OK
1779117277.6586516,-0.2588,-0.9659,svc2,self,219.56,25.99,32.05,100,OK
1779117277.8476698,-0.2588,-0.9659,svc3,self,181.41,22.86,30.30,100,OK
1779117277.851513,-0.2588,-0.9659,svc2,svc3,189.17,25.99,32.05,100,OK
1779117277.8556557,-0.2588,-0.9659,app,svc2,419.54,27.55,32.92,100,OK
1779117278.0421028,-0.2588,-0.9659,svc3,self,181.46,22.86,30.30,100,OK
1779117278.0478568,-0.2588,-0.9659,app,svc3,189.69,27.55,32.92,100,OK
1779117279.334604,-0.2588,-0.9659,app,self,238.61,27.55,32.92,100,OK
1779117279.5496547,-0.2588,-0.9659,svc1,self,210.01,25.20,31.61,100,OK
1779117279.7739139,-0.2588,-0.9659,svc2,self,219.56,25.99,32.05,100,OK
1779117279.961564,-0.2588,-0.9659,svc3,self,181.40,22.86,30.30,100,OK
1779117279.9655683,-0.2588,-0.9659,svc2,svc3,188.48,25.99,32.05,100,OK
1779117279.9697652,-0.2588,-0.9659,svc1,svc2,418.15,25.20,31.61,100,OK
1779117279.9736607,-0.2588,-0.9659,app,svc1,636.81,27.55,32.92,100,OK
1779117280.1982763,-0.2588,-0.9659,svc2,self,219.61,25.99,32.05,100,OK
1779117280.3849542,-0.2588,-0.9659,svc3,self,181.47,22.86,30.30,100,OK
1779117280.3885117,-0.2588,-0.9659,svc2,svc3,187.74,25.99,32.05,100,OK
1779117280.3923898,-0.2588,-0.9659,app,svc2,416.58,27.55,32.92,100,OK
1779117280.578964,-0.2588,-0.9659,svc3,self,181.43,22.86,30.30,100,OK
1779117280.5827765,-0.2588,-0.9659,app,svc3,187.64,27.55,32.92,100,OK
1779117281.8286357,-0.2588,-0.9659,app,self,238.67,27.55,32.92,100,OK
1779117282.044103,-0.2588,-0.9659,svc1,self,210.10,25.20,31.61,100,OK
1779117282.2696748,-0.2588,-0.9659,svc2,self,219.63,25.99,32.05,100,OK
1779117282.456884,-0.2588,-0.9659,svc3,self,181.89,22.86,30.30,100,OK
1779117282.4605346,-0.2588,-0.9659,svc2,svc3,188.29,25.99,32.05,100,OK
1779117282.4646187,-0.2588,-0.9659,svc1,svc2,418.22,25.20,31.61,100,OK
1779117282.4684012,-0.2588,-0.9659,app,svc1,637.34,27.55,32.92,100,OK
1779117282.6931016,-0.2588,-0.9659,svc2,self,219.63,25.99,32.05,100,OK
1779117282.880527,-0.2588,-0.9659,svc3,self,181.46,22.86,30.30,100,OK
1779117282.8847604,-0.2588,-0.9659,svc2,svc3,188.39,25.99,32.05,100,OK
1779117282.8887253,-0.2588,-0.9659,app,svc2,417.71,27.55,32.92,100,OK
1779117283.0751326,-0.2588,-0.9659,svc3,self,181.69,22.86,30.30,100,OK
1779117283.079429,-0.2588,-0.9659,app,svc3,188.56,27.55,32.92,100,OK
1779117284.3251858,-0.2588,-0.9659,app,self,238.67,27.55,32.92,100,OK
1779117284.5417895,-0.2588,-0.9659,svc1,self,210.03,25.20,31.61,100,OK
1779117284.767945,-0.2588,-0.9659,svc2,self,219.59,25.99,32.05,100,OK
1779117284.9545505,-0.2588,-0.9659,svc3,self,181.38,22.86,30.30,100,OK
1779117284.960252,-0.2588,-0.9659,svc2,svc3,189.60,25.99,32.05,100,OK
1779117284.9649482,-0.2588,-0.9659,svc1,svc2,420.63,25.20,31.61,100,OK
1779117284.969215,-0.2588,-0.9659,app,svc1,640.11,27.55,32.92,100,OK
1779117285.1939855,-0.2588,-0.9659,svc2,self,219.57,25.99,32.05,100,OK
1779117285.3806415,-0.2588,-0.9659,svc3,self,181.43,22.86,30.30,100,OK
1779117285.3841553,-0.2588,-0.9659,svc2,svc3,187.72,25.99,32.05,100,OK
1779117285.388061,-0.2588,-0.9659,app,svc2,416.32,27.55,32.92,100,OK
1779117285.5752397,-0.2588,-0.9659,svc3,self,181.45,22.86,30.30,100,OK
1779117285.5791392,-0.2588,-0.9659,app,svc3,188.35,27.55,32.92,100,OK
1779117286.832294,-0.2588,-0.9659,app,self,238.67,27.55,32.92,100,OK
1779117287.047673,-0.2588,-0.9659,svc1,self,210.10,25.20,31.61,100,OK
1779117287.273103,-0.2588,-0.9659,svc2,self,219.56,25.99,32.05,100,OK
1779117287.45936,-0.2588,-0.9659,svc3,self,181.67,22.86,30.30,100,OK
1779117287.4633982,-0.2588,-0.9659,svc2,svc3,188.25,25.99,32.05,100,OK
1779117287.4672866,-0.2588,-0.9659,svc1,svc2,416.31,25.20,31.61,100,OK
1779117287.4706757,-0.2588,-0.9659,app,svc1,635.70,27.55,32.92,100,OK
1779117287.694584,-0.2588,-0.9659,svc2,self,219.62,25.99,32.05,100,OK
1779117287.8815782,-0.2588,-0.9659,svc3,self,181.45,22.86,30.30,100,OK
1779117287.8854868,-0.2588,-0.9659,svc2,svc3,188.02,25.99,32.05,100,OK
1779117287.8891187,-0.2588,-0.9659,app,svc2,416.53,27.55,32.92,100,OK
1779117288.075516,-0.2588,-0.9659,svc3,self,181.73,22.86,30.30,100,OK
1779117288.079808,-0.2588,-0.9659,app,svc3,188.45,27.55,32.92,100,OK
1779117289.326195,-0.2588,-0.9659,app,self,238.72,27.55,32.92,100,OK
1779117289.5426621,-0.2588,-0.9659,svc1,self,210.02,25.20,31.61,100,OK
1779117289.7683349,-0.2588,-0.9659,svc2,self,219.55,25.99,32.05,100,OK
1779117289.9548438,-0.2588,-0.9659,svc3,self,181.66,22.86,30.30,100,OK
1779117289.9585145,-0.2588,-0.9659,svc2,svc3,187.94,25.99,32.05,100,OK
1779117289.9629076,-0.2588,-0.9659,svc1,svc2,416.90,25.20,31.61,100,OK
1779117289.9664903,-0.2588,-0.9659,app,svc1,636.59,27.55,32.92,100,OK
1779117290.1906939,-0.2588,-0.9659,svc2,self,219.53,25.99,32.05,100,OK
1779117290.3774824,-0.2588,-0.9659,svc3,self,181.50,22.86,30.30,100,OK
1779117290.3813603,-0.2588,-0.9659,svc2,svc3,187.92,25.99,32.05,100,OK
1779117290.3851404,-0.2588,-0.9659,app,svc2,416.45,27.55,32.92,100,OK
1779117290.571828,-0.2588,-0.9659,svc3,self,181.43,22.86,30.30,100,OK
1779117290.575166,-0.2588,-0.9659,app,svc3,187.67,27.55,32.92,100,OK
1779117291.8486648,-0.2588,-0.9659,app,self,238.66,27.55,32.92,100,OK
1779117292.0650325,-0.2588,-0.9659,svc1,self,210.07,25.20,31.61,100,OK
1779117292.2895677,-0.2588,-0.9659,svc2,self,219.56,25.99,32.05,100,OK
1779117292.4772084,-0.2588,-0.9659,svc3,self,181.48,22.86,30.30,100,OK
1779117292.4817631,-0.2588,-0.9659,svc2,svc3,189.38,25.99,32.05,100,OK
1779117292.486021,-0.2588,-0.9659,svc1,svc2,418.70,25.20,31.61,100,OK
1779117292.4898396,-0.2588,-0.9659,app,svc1,638.54,27.55,32.92,100,OK
1779117292.7140827,-0.2588,-0.9659,svc2,self,219.56,25.99,32.05,100,OK
1779117292.90057,-0.2588,-0.9659,svc3,self,181.46,22.86,30.30,100,OK
1779117292.9047801,-0.2588,-0.9659,svc2,svc3,188.48,25.99,32.05,100,OK
1779117292.9084713,-0.2588,-0.9659,app,svc2,416.50,27.55,32.92,100,OK
1779117293.0951905,-0.2588,-0.9659,svc3,self,181.41,22.86,30.30,100,OK
1779117293.0991826,-0.2588,-0.9659,app,svc3,188.34,27.55,32.92,100,OK
1779117294.3452952,-0.2588,-0.9659,app,self,238.73,27.55,32.92,100,OK
1779117294.5607948,-0.2588,-0.9659,svc1,self,210.04,25.20,31.61,100,OK
1779117294.7868755,-0.2588,-0.9659,svc2,self,219.78,25.99,32.05,100,OK
1779117294.9731407,-0.2588,-0.9659,svc3,self,181.39,22.86,30.30,100,OK
1779117294.9782495,-0.2588,-0.9659,svc2,svc3,188.99,25.99,32.05,100,OK
1779117294.9841301,-0.2588,-0.9659,svc1,svc2,420.26,25.20,31.61,100,OK
1779117294.9876244,-0.2588,-0.9659,app,svc1,639.56,27.55,32.92,100,OK
1779117295.2117987,-0.2588,-0.9659,svc2,self,219.59,25.99,32.05,100,OK
1779117295.3986259,-0.2588,-0.9659,svc3,self,181.53,22.86,30.30,100,OK
1779117295.402674,-0.2588,-0.9659,svc2,svc3,188.75,25.99,32.05,100,OK
1779117295.406418,-0.2588,-0.9659,app,svc2,416.56,27.55,32.92,100,OK
1779117295.5924513,-0.2588,-0.9659,svc3,self,181.37,22.86,30.30,100,OK
1779117295.597259,-0.2588,-0.9659,app,svc3,188.68,27.55,32.92,100,OK
1779117296.9102812,-0.2588,-0.9659,app,self,304.88,37.32,38.39,150,OK
1779117297.1842208,-0.2588,-0.9659,svc1,self,268.28,33.81,36.42,150,OK
1779117297.4708989,-0.2588,-0.9659,svc2,self,280.41,34.98,37.08,150,OK
1779117297.7097251,-0.2588,-0.9659,svc3,self,231.68,30.29,34.45,150,OK
1779117297.7143965,-0.2588,-0.9659,svc2,svc3,239.15,34.98,37.08,150,OK
1779117297.7181892,-0.2588,-0.9659,svc1,svc2,530.81,33.81,36.42,150,OK
1779117297.7218297,-0.2588,-0.9659,app,svc1,808.48,37.32,38.39,150,OK
1779117298.0066633,-0.2588,-0.9659,svc2,self,280.46,34.98,37.08,150,OK
1779117298.2449553,-0.2588,-0.9659,svc3,self,231.71,30.29,34.45,150,OK
1779117298.2490804,-0.2588,-0.9659,svc2,svc3,239.67,34.98,37.08,150,OK
1779117298.252803,-0.2588,-0.9659,app,svc2,529.12,37.32,38.39,150,OK
1779117298.4893606,-0.2588,-0.9659,svc3,self,231.71,30.29,34.45,150,OK
1779117298.4940436,-0.2588,-0.9659,app,svc3,238.93,37.32,38.39,150,OK
1779117299.818463,-0.2588,-0.9659,app,self,304.86,37.32,38.39,150,OK
1779117300.092617,-0.2588,-0.9659,svc1,self,268.36,33.81,36.42,150,OK
1779117300.3799572,-0.2588,-0.9659,svc2,self,280.40,34.98,37.08,150,OK
1779117300.6148708,-0.2588,-0.9659,svc3,self,229.79,30.29,34.45,150,OK
1779117300.6198277,-0.2588,-0.9659,svc2,svc3,237.42,34.98,37.08,150,OK
1779117300.6235552,-0.2588,-0.9659,svc1,svc2,527.32,33.81,36.42,150,OK
1779117300.627429,-0.2588,-0.9659,app,svc1,805.90,37.32,38.39,150,OK
1779117300.912894,-0.2588,-0.9659,svc2,self,280.51,34.98,37.08,150,OK
1779117301.1499207,-0.2588,-0.9659,svc3,self,231.68,30.29,34.45,150,OK
1779117301.1535792,-0.2588,-0.9659,svc2,svc3,237.91,34.98,37.08,150,OK
1779117301.1573172,-0.2588,-0.9659,app,svc2,527.64,37.32,38.39,150,OK
1779117301.39387,-0.2588,-0.9659,svc3,self,231.66,30.29,34.45,150,OK
1779117301.3974192,-0.2588,-0.9659,app,svc3,237.68,37.32,38.39,150,OK
1779117302.7090306,-0.2588,-0.9659,app,self,304.86,37.32,38.39,150,OK
1779117302.9833403,-0.2588,-0.9659,svc1,self,268.47,33.81,36.42,150,OK
1779117303.2688189,-0.2588,-0.9659,svc2,self,280.42,34.98,37.08,150,OK
1779117303.5056822,-0.2588,-0.9659,svc3,self,231.67,30.29,34.45,150,OK
1779117303.5101416,-0.2588,-0.9659,svc2,svc3,238.90,34.98,37.08,150,OK
1779117303.514184,-0.2588,-0.9659,svc1,svc2,528.57,33.81,36.42,150,OK
1779117303.5181746,-0.2588,-0.9659,app,svc1,806.16,37.32,38.39,150,OK
1779117303.803797,-0.2588,-0.9659,svc2,self,280.41,34.98,37.08,150,OK
1779117304.0414515,-0.2588,-0.9659,svc3,self,231.73,30.29,34.45,150,OK
1779117304.0464904,-0.2588,-0.9659,svc2,svc3,239.79,34.98,37.08,150,OK
1779117304.0504735,-0.2588,-0.9659,app,svc2,529.81,37.32,38.39,150,OK
1779117304.2868857,-0.2588,-0.9659,svc3,self,231.63,30.29,34.45,150,OK
1779117304.2912047,-0.2588,-0.9659,app,svc3,238.54,37.32,38.39,150,OK
1779117305.6435456,-0.2588,-0.9659,app,self,304.75,37.32,38.39,150,OK
1779117305.9168637,-0.2588,-0.9659,svc1,self,268.21,33.81,36.42,150,OK
1779117306.202223,-0.2588,-0.9659,svc2,self,280.39,34.98,37.08,150,OK
1779117306.439955,-0.2588,-0.9659,svc3,self,231.67,30.29,34.45,150,OK
1779117306.446527,-0.2588,-0.9659,svc2,svc3,241.74,34.98,37.08,150,OK
1779117306.4523106,-0.2588,-0.9659,svc1,svc2,533.30,33.81,36.42,150,OK
1779117306.4565473,-0.2588,-0.9659,app,svc1,810.69,37.32,38.39,150,OK
1779117306.744284,-0.2588,-0.9659,svc2,self,280.36,34.98,37.08,150,OK
1779117306.981614,-0.2588,-0.9659,svc3,self,231.63,30.29,34.45,150,OK
1779117306.9851658,-0.2588,-0.9659,svc2,svc3,238.00,34.98,37.08,150,OK
1779117306.9887588,-0.2588,-0.9659,app,svc2,528.74,37.32,38.39,150,OK
1779117307.2253463,-0.2588,-0.9659,svc3,self,231.75,30.29,34.45,150,OK
1779117307.229006,-0.2588,-0.9659,app,svc3,238.01,37.32,38.39,150,OK
1779117308.540759,-0.2588,-0.9659,app,self,304.76,37.32,38.39,150,OK
1779117308.8157413,-0.2588,-0.9659,svc1,self,268.70,33.81,36.42,150,OK
1779117309.1021643,-0.2588,-0.9659,svc2,self,280.36,34.98,37.08,150,OK
1779117309.3386407,-0.2588,-0.9659,svc3,self,231.68,30.29,34.45,150,OK
1779117309.3441453,-0.2588,-0.9659,svc2,svc3,239.82,34.98,37.08,150,OK
1779117309.348039,-0.2588,-0.9659,svc1,svc2,529.44,33.81,36.42,150,OK
1779117309.3517942,-0.2588,-0.9659,app,svc1,807.94,37.32,38.39,150,OK
1779117309.636999,-0.2588,-0.9659,svc2,self,280.41,34.98,37.08,150,OK
1779117309.874276,-0.2588,-0.9659,svc3,self,231.69,30.29,34.45,150,OK
1779117309.8779566,-0.2588,-0.9659,svc2,svc3,238.15,34.98,37.08,150,OK
1779117309.8820212,-0.2588,-0.9659,app,svc2,527.90,37.32,38.39,150,OK
1779117310.1188326,-0.2588,-0.9659,svc3,self,231.70,30.29,34.45,150,OK
1779117310.1220384,-0.2588,-0.9659,app,svc3,237.43,37.32,38.39,150,OK
1779117311.4338284,-0.2588,-0.9659,app,self,304.75,37.32,38.39,150,OK
1779117311.7141542,-0.2588,-0.9659,svc1,self,268.18,33.81,36.42,150,OK
1779117312.0000465,-0.2588,-0.9659,svc2,self,280.42,34.98,37.08,150,OK
1779117312.2380412,-0.2588,-0.9659,svc3,self,231.63,30.29,34.45,150,OK
1779117312.241184,-0.2588,-0.9659,svc2,svc3,238.16,34.98,37.08,150,OK
1779117312.245933,-0.2588,-0.9659,svc1,svc2,529.10,33.81,36.42,150,OK
1779117312.2500641,-0.2588,-0.9659,app,svc1,808.28,37.32,38.39,150,OK
1779117312.5359762,-0.2588,-0.9659,svc2,self,280.44,34.98,37.08,150,OK
1779117312.7729516,-0.2588,-0.9659,svc3,self,231.69,30.29,34.45,150,OK
1779117312.777055,-0.2588,-0.9659,svc2,svc3,238.70,34.98,37.08,150,OK
1779117312.781561,-0.2588,-0.9659,app,svc2,528.84,37.32,38.39,150,OK
1779117313.018987,-0.2588,-0.9659,svc3,self,231.66,30.29,34.45,150,OK
1779117313.0225275,-0.2588,-0.9659,app,svc3,238.06,37.32,38.39,150,OK
1779117314.341744,-0.2588,-0.9659,app,self,304.80,37.32,38.39,150,OK
1779117314.6156507,-0.2588,-0.9659,svc1,self,268.41,33.81,36.42,150,OK
1779117314.9013681,-0.2588,-0.9659,svc2,self,280.43,34.98,37.08,150,OK
1779117315.1381662,-0.2588,-0.9659,svc3,self,231.76,30.29,34.45,150,OK
1779117315.1425996,-0.2588,-0.9659,svc2,svc3,238.77,34.98,37.08,150,OK
1779117315.14609,-0.2588,-0.9659,svc1,svc2,528.08,33.81,36.42,150,OK
1779117315.152522,-0.2588,-0.9659,app,svc1,808.29,37.32,38.39,150,OK
1779117315.44468,-0.2588,-0.9659,svc2,self,280.40,34.98,37.08,150,OK
1779117315.6822941,-0.2588,-0.9659,svc3,self,231.62,30.29,34.45,150,OK
1779117315.6859097,-0.2588,-0.9659,svc2,svc3,238.43,34.98,37.08,150,OK
1779117315.6900203,-0.2588,-0.9659,app,svc2,529.42,37.32,38.39,150,OK
1779117315.9278166,-0.2588,-0.9659,svc3,self,231.75,30.29,34.45,150,OK
1779117315.931266,-0.2588,-0.9659,app,svc3,238.28,37.32,38.39,150,OK
1779117317.2434745,-0.2588,-0.9659,app,self,304.74,37.32,38.39,150,OK
1779117317.5160694,-0.2588,-0.9659,svc1,self,268.21,33.81,36.42,150,OK
1779117317.80166,-0.2588,-0.9659,svc2,self,280.71,34.98,37.08,150,OK
1779117318.0395746,-0.2588,-0.9659,svc3,self,231.88,30.29,34.45,150,OK
1779117318.0435674,-0.2588,-0.9659,svc2,svc3,239.02,34.98,37.08,150,OK
1779117318.047739,-0.2588,-0.9659,svc1,svc2,529.58,33.81,36.42,150,OK
1779117318.051945,-0.2588,-0.9659,app,svc1,806.64,37.32,38.39,150,OK
1779117318.337218,-0.2588,-0.9659,svc2,self,280.44,34.98,37.08,150,OK
1779117318.5749779,-0.2588,-0.9659,svc3,self,231.67,30.29,34.45,150,OK
1779117318.579399,-0.2588,-0.9659,svc2,svc3,239.67,34.98,37.08,150,OK
1779117318.5832162,-0.2588,-0.9659,app,svc2,529.00,37.32,38.39,150,OK
1779117318.820857,-0.2588,-0.9659,svc3,self,231.66,30.29,34.45,150,OK
1779117318.8253784,-0.2588,-0.9659,app,svc3,239.28,37.32,38.39,150,OK
1779117320.1410873,-0.2588,-0.9659,app,self,304.77,37.32,38.39,150,OK
1779117320.415072,-0.2588,-0.9659,svc1,self,268.21,33.81,36.42,150,OK
1779117320.7007647,-0.2588,-0.9659,svc2,self,280.40,34.98,37.08,150,OK
1779117320.9369729,-0.2588,-0.9659,svc3,self,231.70,30.29,34.45,150,OK
1779117320.9412143,-0.2588,-0.9659,svc2,svc3,238.65,34.98,37.08,150,OK
1779117320.945184,-0.2588,-0.9659,svc1,svc2,527.42,33.81,36.42,150,OK
1779117320.949007,-0.2588,-0.9659,app,svc1,804.77,37.32,38.39,150,OK
1779117321.2342265,-0.2588,-0.9659,svc2,self,280.45,34.98,37.08,150,OK
1779117321.4717696,-0.2588,-0.9659,svc3,self,231.61,30.29,34.45,150,OK
1779117321.4760234,-0.2588,-0.9659,svc2,svc3,238.71,34.98,37.08,150,OK
1779117321.4816988,-0.2588,-0.9659,app,svc2,530.47,37.32,38.39,150,OK
1779117321.7188609,-0.2588,-0.9659,svc3,self,231.71,30.29,34.45,150,OK
1779117321.7231038,-0.2588,-0.9659,app,svc3,238.46,37.32,38.39,150,OK
1779117323.0357504,-0.2588,-0.9659,app,self,305.01,37.32,38.39,150,OK
1779117323.3094122,-0.2588,-0.9659,svc1,self,268.25,33.81,36.42,150,OK
1779117323.5947266,-0.2588,-0.9659,svc2,self,280.43,34.98,37.08,150,OK
1779117323.8318958,-0.2588,-0.9659,svc3,self,231.69,30.29,34.45,150,OK
1779117323.8356798,-0.2588,-0.9659,svc2,svc3,238.51,34.98,37.08,150,OK
1779117323.8395307,-0.2588,-0.9659,svc1,svc2,528.07,33.81,36.42,150,OK
1779117323.8432493,-0.2588,-0.9659,app,svc1,804.83,37.32,38.39,150,OK
1779117324.1282332,-0.2588,-0.9659,svc2,self,280.42,34.98,37.08,150,OK
1779117324.3654625,-0.2588,-0.9659,svc3,self,231.68,30.29,34.45,150,OK
1779117324.3693967,-0.2588,-0.9659,svc2,svc3,238.94,34.98,37.08,150,OK
1779117324.372923,-0.2588,-0.9659,app,svc2,527.58,37.32,38.39,150,OK
1779117324.6093183,-0.2588,-0.9659,svc3,self,231.68,30.29,34.45,150,OK
1779117324.612967,-0.2588,-0.9659,app,svc3,237.94,37.32,38.39,150,OK
1779117325.9565468,-0.2588,-0.9659,app,self,304.75,37.32,38.39,150,OK
1779117326.2313569,-0.2588,-0.9659,svc1,self,268.50,33.81,36.42,150,OK
1779117326.517703,-0.2588,-0.9659,svc2,self,280.40,34.98,37.08,150,OK
1779117326.7548814,-0.2588,-0.9659,svc3,self,231.64,30.29,34.45,150,OK
1779117326.7581341,-0.2588,-0.9659,svc2,svc3,237.90,34.98,37.08,150,OK
1779117326.7628088,-0.2588,-0.9659,svc1,svc2,528.45,33.81,36.42,150,OK
1779117326.7670302,-0.2588,-0.9659,app,svc1,807.35,37.32,38.39,150,OK
1779117327.0519578,-0.2588,-0.9659,svc2,self,280.35,34.98,37.08,150,OK
1779117327.2887435,-0.2588,-0.9659,svc3,self,231.75,30.29,34.45,150,OK
1779117327.2933612,-0.2588,-0.9659,svc2,svc3,239.39,34.98,37.08,150,OK
1779117327.296986,-0.2588,-0.9659,app,svc2,527.97,37.32,38.39,150,OK
1779117327.5340517,-0.2588,-0.9659,svc3,self,231.66,30.29,34.45,150,OK
1779117327.5369067,-0.2588,-0.9659,app,svc3,237.59,37.32,38.39,150,OK
1779117328.848971,-0.2588,-0.9659,app,self,304.77,37.32,38.39,150,OK
1779117329.1232076,-0.2588,-0.9659,svc1,self,268.30,33.81,36.42,150,OK
1779117329.4095252,-0.2588,-0.9659,svc2,self,280.43,34.98,37.08,150,OK
1779117329.6472788,-0.2588,-0.9659,svc3,self,231.93,30.29,34.45,150,OK
1779117329.6507888,-0.2588,-0.9659,svc2,svc3,238.92,34.98,37.08,150,OK
1779117329.654457,-0.2588,-0.9659,svc1,svc2,528.24,33.81,36.42,150,OK
1779117329.6579125,-0.2588,-0.9659,app,svc1,806.23,37.32,38.39,150,OK
1779117329.9428222,-0.2588,-0.9659,svc2,self,280.42,34.98,37.08,150,OK
1779117330.1806586,-0.2588,-0.9659,svc3,self,231.69,30.29,34.45,150,OK
1779117330.184805,-0.2588,-0.9659,svc2,svc3,239.03,34.98,37.08,150,OK
1779117330.1887555,-0.2588,-0.9659,app,svc2,528.76,37.32,38.39,150,OK
1779117330.4228415,-0.2588,-0.9659,svc3,self,229.18,30.29,34.45,150,OK
1779117330.426834,-0.2588,-0.9659,app,svc3,235.70,37.32,38.39,150,OK
1779117331.7385526,-0.2588,-0.9659,app,self,304.80,37.32,38.39,150,OK
1779117332.0118775,-0.2588,-0.9659,svc1,self,268.21,33.81,36.42,150,OK
1779117332.2978935,-0.2588,-0.9659,svc2,self,280.44,34.98,37.08,150,OK
1779117332.5353575,-0.2588,-0.9659,svc3,self,231.69,30.29,34.45,150,OK
1779117332.5392401,-0.2588,-0.9659,svc2,svc3,238.59,34.98,37.08,150,OK
1779117332.544679,-0.2588,-0.9659,svc1,svc2,530.16,33.81,36.42,150,OK
1779117332.5482934,-0.2588,-0.9659,app,svc1,807.17,37.32,38.39,150,OK
1779117332.8336086,-0.2588,-0.9659,svc2,self,280.45,34.98,37.08,150,OK
1779117333.0709317,-0.2588,-0.9659,svc3,self,231.63,30.29,34.45,150,OK
1779117333.0791044,-0.2588,-0.9659,svc2,svc3,242.59,34.98,37.08,150,OK
1779117333.0825548,-0.2588,-0.9659,app,svc2,532.09,37.32,38.39,150,OK
1779117333.3191404,-0.2588,-0.9659,svc3,self,231.67,30.29,34.45,150,OK
1779117333.323458,-0.2588,-0.9659,app,svc3,238.63,37.32,38.39,150,OK
1779117334.6533728,-0.2588,-0.9659,app,self,304.75,37.32,38.39,150,OK
1779117334.9280317,-0.2588,-0.9659,svc1,self,268.21,33.81,36.42,150,OK
1779117335.2136555,-0.2588,-0.9659,svc2,self,280.45,34.98,37.08,150,OK
1779117335.450783,-0.2588,-0.9659,svc3,self,231.61,30.29,34.45,150,OK
1779117335.4545467,-0.2588,-0.9659,svc2,svc3,238.29,34.98,37.08,150,OK
1779117335.458733,-0.2588,-0.9659,svc1,svc2,528.31,33.81,36.42,150,OK
1779117335.4633074,-0.2588,-0.9659,app,svc1,806.84,37.32,38.39,150,OK
1779117335.750419,-0.2588,-0.9659,svc2,self,280.41,34.98,37.08,150,OK
1779117335.987967,-0.2588,-0.9659,svc3,self,231.65,30.29,34.45,150,OK
1779117335.9930966,-0.2588,-0.9659,svc2,svc3,240.29,34.98,37.08,150,OK
1779117335.998262,-0.2588,-0.9659,app,svc2,531.99,37.32,38.39,150,OK
1779117336.2405577,-0.2588,-0.9659,svc3,self,231.84,30.29,34.45,150,OK
1779117336.2439556,-0.2588,-0.9659,app,svc3,239.49,37.32,38.39,150,OK
1779117337.5570157,-0.2588,-0.9659,app,self,304.75,37.32,38.39,150,OK
1779117337.8298645,-0.2588,-0.9659,svc1,self,268.19,33.81,36.42,150,OK
1779117338.1150336,-0.2588,-0.9659,svc2,self,280.43,34.98,37.08,150,OK
1779117338.3519158,-0.2588,-0.9659,svc3,self,231.68,30.29,34.45,150,OK
1779117338.3563855,-0.2588,-0.9659,svc2,svc3,238.55,34.98,37.08,150,OK
1779117338.3613157,-0.2588,-0.9659,svc1,svc2,529.36,33.81,36.42,150,OK
1779117338.3648098,-0.2588,-0.9659,app,svc1,805.80,37.32,38.39,150,OK
1779117338.6495454,-0.2588,-0.9659,svc2,self,280.37,34.98,37.08,150,OK
1779117338.8912437,-0.2588,-0.9659,svc3,self,231.89,30.29,34.45,150,OK
1779117338.8986526,-0.2588,-0.9659,svc2,svc3,244.36,34.98,37.08,150,OK
1779117338.9092228,-0.2588,-0.9659,app,svc2,542.63,37.32,38.39,150,OK
1779117339.1549122,-0.2588,-0.9659,svc3,self,231.70,30.29,34.45,150,OK
1779117339.160633,-0.2588,-0.9659,app,svc3,243.37,37.32,38.39,150,OK
1779117340.5134127,-0.2588,-0.9659,app,self,304.87,37.32,38.39,150,OK
1779117340.7870085,-0.2588,-0.9659,svc1,self,268.20,33.81,36.42,150,OK
1779117341.0761852,-0.2588,-0.9659,svc2,self,280.46,34.98,37.08,150,OK
1779117341.3134704,-0.2588,-0.9659,svc3,self,231.69,30.29,34.45,150,OK
1779117341.3174813,-0.2588,-0.9659,svc2,svc3,238.76,34.98,37.08,150,OK
1779117341.3219497,-0.2588,-0.9659,svc1,svc2,530.95,33.81,36.42,150,OK
1779117341.327664,-0.2588,-0.9659,app,svc1,811.76,37.32,38.39,150,OK
1779117341.619196,-0.2588,-0.9659,svc2,self,280.36,34.98,37.08,150,OK
1779117341.8567772,-0.2588,-0.9659,svc3,self,231.70,30.29,34.45,150,OK
1779117341.8607821,-0.2588,-0.9659,svc2,svc3,239.37,34.98,37.08,150,OK
1779117341.8645077,-0.2588,-0.9659,app,svc2,530.91,37.32,38.39,150,OK
1779117342.1012444,-0.2588,-0.9659,svc3,self,231.68,30.29,34.45,150,OK
1779117342.105268,-0.2588,-0.9659,app,svc3,238.32,37.32,38.39,150,OK
1779117343.4181845,-0.2588,-0.9659,app,self,304.80,37.32,38.39,150,OK
1779117343.691989,-0.2588,-0.9659,svc1,self,268.20,33.81,36.42,150,OK
1779117343.9774528,-0.2588,-0.9659,svc2,self,280.38,34.98,37.08,150,OK
1779117344.2141473,-0.2588,-0.9659,svc3,self,231.64,30.29,34.45,150,OK
1779117344.220814,-0.2588,-0.9659,svc2,svc3,241.06,34.98,37.08,150,OK
1779117344.2264452,-0.2588,-0.9659,svc1,svc2,532.10,33.81,36.42,150,OK
1779117344.232225,-0.2588,-0.9659,app,svc1,811.28,37.32,38.39,150,OK
1779117344.5204506,-0.2588,-0.9659,svc2,self,280.43,34.98,37.08,150,OK
1779117344.7581856,-0.2588,-0.9659,svc3,self,231.65,30.29,34.45,150,OK
1779117344.7625778,-0.2588,-0.9659,svc2,svc3,239.00,34.98,37.08,150,OK
1779117344.766617,-0.2588,-0.9659,app,svc2,530.74,37.32,38.39,150,OK
1779117345.00358,-0.2588,-0.9659,svc3,self,231.72,30.29,34.45,150,OK
1779117345.00864,-0.2588,-0.9659,app,svc3,239.54,37.32,38.39,150,OK
1779117346.3566177,-0.2588,-0.9659,app,self,304.76,37.32,38.39,150,OK
1779117346.6299722,-0.2588,-0.9659,svc1,self,268.16,33.81,36.42,150,OK
1779117346.916714,-0.2588,-0.9659,svc2,self,280.42,34.98,37.08,150,OK
1779117347.1538157,-0.2588,-0.9659,svc3,self,231.65,30.29,34.45,150,OK
1779117347.1582398,-0.2588,-0.9659,svc2,svc3,239.16,34.98,37.08,150,OK
1779117347.1620388,-0.2588,-0.9659,svc1,svc2,529.21,33.81,36.42,150,OK
1779117347.166189,-0.2588,-0.9659,app,svc1,807.11,37.32,38.39,150,OK
1779117347.4519784,-0.2588,-0.9659,svc2,self,280.40,34.98,37.08,150,OK
1779117347.689077,-0.2588,-0.9659,svc3,self,231.67,30.29,34.45,150,OK
1779117347.6931024,-0.2588,-0.9659,svc2,svc3,239.23,34.98,37.08,150,OK
1779117347.6968138,-0.2588,-0.9659,app,svc2,528.03,37.32,38.39,150,OK
1779117347.9331386,-0.2588,-0.9659,svc3,self,231.78,30.29,34.45,150,OK
1779117347.937033,-0.2588,-0.9659,app,svc3,238.06,37.32,38.39,150,OK
1779117349.249891,-0.2588,-0.9659,app,self,304.79,37.32,38.39,150,OK
1779117349.524207,-0.2588,-0.9659,svc1,self,268.21,33.81,36.42,150,OK
1779117349.8098202,-0.2588,-0.9659,svc2,self,280.43,34.98,37.08,150,OK
1779117350.0464303,-0.2588,-0.9659,svc3,self,231.66,30.29,34.45,150,OK
1779117350.0496664,-0.2588,-0.9659,svc2,svc3,237.51,34.98,37.08,150,OK
1779117350.0533118,-0.2588,-0.9659,svc1,svc2,526.79,33.81,36.42,150,OK
1779117350.057987,-0.2588,-0.9659,app,svc1,805.47,37.32,38.39,150,OK
1779117350.344462,-0.2588,-0.9659,svc2,self,280.38,34.98,37.08,150,OK
1779117350.5813847,-0.2588,-0.9659,svc3,self,231.68,30.29,34.45,150,OK
1779117350.5854986,-0.2588,-0.9659,svc2,svc3,238.74,34.98,37.08,150,OK
1779117350.5891702,-0.2588,-0.9659,app,svc2,528.36,37.32,38.39,150,OK
1779117350.8259966,-0.2588,-0.9659,svc3,self,231.64,30.29,34.45,150,OK
1779117350.8305836,-0.2588,-0.9659,app,svc3,238.89,37.32,38.39,150,OK
1779117352.1444557,-0.2588,-0.9659,app,self,304.80,37.32,38.39,150,OK
1779117352.4181454,-0.2588,-0.9659,svc1,self,268.18,33.81,36.42,150,OK
1779117352.7045205,-0.2588,-0.9659,svc2,self,280.49,34.98,37.08,150,OK
1779117352.9412494,-0.2588,-0.9659,svc3,self,231.65,30.29,34.45,150,OK
1779117352.9448547,-0.2588,-0.9659,svc2,svc3,238.43,34.98,37.08,150,OK
1779117352.948295,-0.2588,-0.9659,svc1,svc2,527.49,33.81,36.42,150,OK
1779117352.952202,-0.2588,-0.9659,app,svc1,805.30,37.32,38.39,150,OK
1779117353.238679,-0.2588,-0.9659,svc2,self,280.47,34.98,37.08,150,OK
1779117353.4752328,-0.2588,-0.9659,svc3,self,231.76,30.29,34.45,150,OK
1779117353.4788673,-0.2588,-0.9659,svc2,svc3,237.93,34.98,37.08,150,OK
1779117353.4824905,-0.2588,-0.9659,app,svc2,527.73,37.32,38.39,150,OK
1779117353.7193317,-0.2588,-0.9659,svc3,self,231.72,30.29,34.45,150,OK
1779117353.725288,-0.2588,-0.9659,app,svc3,240.29,37.32,38.39,150,OK
1779117355.050981,-0.2588,-0.9659,app,self,304.78,37.32,38.39,150,OK
1779117355.3240838,-0.2588,-0.9659,svc1,self,268.27,33.81,36.42,150,OK
1779117355.6093087,-0.2588,-0.9659,svc2,self,280.37,34.98,37.08,150,OK
1779117355.8454347,-0.2588,-0.9659,svc3,self,231.62,30.29,34.45,150,OK
1779117355.8493483,-0.2588,-0.9659,svc2,svc3,238.21,34.98,37.08,150,OK
1779117355.8533535,-0.2588,-0.9659,svc1,svc2,527.19,33.81,36.42,150,OK
1779117355.8573942,-0.2588,-0.9659,app,svc1,804.45,37.32,38.39,150,OK
1779117356.1424773,-0.2588,-0.9659,svc2,self,280.36,34.98,37.08,150,OK
1779117356.379554,-0.2588,-0.9659,svc3,self,231.64,30.29,34.45,150,OK
1779117356.3829615,-0.2588,-0.9659,svc2,svc3,238.41,34.98,37.08,150,OK
1779117356.3867152,-0.2588,-0.9659,app,svc2,527.17,37.32,38.39,150,OK
1779117356.6250794,-0.2588,-0.9659,svc3,self,231.68,30.29,34.45,150,OK
1779117356.6288383,-0.2588,-0.9659,app,svc3,238.80,37.32,38.39,150,OK
1779117357.9406936,-0.2588,-0.9659,app,self,304.79,37.32,38.39,150,OK
1779117358.2136683,-0.2588,-0.9659,svc1,self,268.21,33.81,36.42,150,OK
1779117358.499053,-0.2588,-0.9659,svc2,self,280.41,34.98,37.08,150,OK
1779117358.7357547,-0.2588,-0.9659,svc3,self,231.64,30.29,34.45,150,OK
1779117358.7399366,-0.2588,-0.9659,svc2,svc3,238.36,34.98,37.08,150,OK
1779117358.743558,-0.2588,-0.9659,svc1,svc2,527.72,33.81,36.42,150,OK
1779117358.747225,-0.2588,-0.9659,app,svc1,804.45,37.32,38.39,150,OK
1779117359.0324888,-0.2588,-0.9659,svc2,self,280.45,34.98,37.08,150,OK
1779117359.2703183,-0.2588,-0.9659,svc3,self,231.66,30.29,34.45,150,OK
1779117359.2744977,-0.2588,-0.9659,svc2,svc3,239.50,34.98,37.08,150,OK
1779117359.2781084,-0.2588,-0.9659,app,svc2,528.57,37.32,38.39,150,OK
1779117359.514663,-0.2588,-0.9659,svc3,self,231.66,30.29,34.45,150,OK
1779117359.5190868,-0.2588,-0.9659,app,svc3,238.48,37.32,38.39,150,OK
1779117360.873015,-0.2588,-0.9659,app,self,304.81,37.32,38.39,150,OK
1779117361.1477842,-0.2588,-0.9659,svc1,self,268.24,33.81,36.42,150,OK
1779117361.4339175,-0.2588,-0.9659,svc2,self,280.39,34.98,37.08,150,OK
1779117361.6712377,-0.2588,-0.9659,svc3,self,231.70,30.29,34.45,150,OK
1779117361.6748636,-0.2588,-0.9659,svc2,svc3,238.73,34.98,37.08,150,OK
1779117361.6788132,-0.2588,-0.9659,svc1,svc2,528.64,33.81,36.42,150,OK
1779117361.68235,-0.2588,-0.9659,app,svc1,805.98,37.32,38.39,150,OK
1779117361.968228,-0.2588,-0.9659,svc2,self,280.68,34.98,37.08,150,OK
1779117362.2056468,-0.2588,-0.9659,svc3,self,231.74,30.29,34.45,150,OK
1779117362.2095785,-0.2588,-0.9659,svc2,svc3,238.45,34.98,37.08,150,OK
1779117362.2134442,-0.2588,-0.9659,app,svc2,528.95,37.32,38.39,150,OK
1779117362.4501853,-0.2588,-0.9659,svc3,self,232.15,30.29,34.45,150,OK
1779117362.4548318,-0.2588,-0.9659,app,svc3,239.12,37.32,38.39,150,OK
1779117363.7672567,-0.2588,-0.9659,app,self,304.77,37.32,38.39,150,OK
1779117364.0416112,-0.2588,-0.9659,svc1,self,268.23,33.81,36.42,150,OK
1779117364.3273287,-0.2588,-0.9659,svc2,self,280.37,34.98,37.08,150,OK
1779117364.5650108,-0.2588,-0.9659,svc3,self,231.74,30.29,34.45,150,OK
1779117364.569821,-0.2588,-0.9659,svc2,svc3,239.85,34.98,37.08,150,OK
1779117364.5736208,-0.2588,-0.9659,svc1,svc2,529.29,33.81,36.42,150,OK
1779117364.5771952,-0.2588,-0.9659,app,svc1,807.16,37.32,38.39,150,OK
1779117364.8625882,-0.2588,-0.9659,svc2,self,280.45,34.98,37.08,150,OK
1779117365.1003273,-0.2588,-0.9659,svc3,self,231.68,30.29,34.45,150,OK
1779117365.1040812,-0.2588,-0.9659,svc2,svc3,238.04,34.98,37.08,150,OK
1779117365.1083198,-0.2588,-0.9659,app,svc2,528.70,37.32,38.39,150,OK
1779117365.3455205,-0.2588,-0.9659,svc3,self,231.93,30.29,34.45,150,OK
1779117365.3498425,-0.2588,-0.9659,app,svc3,238.86,37.32,38.39,150,OK
1779117366.66312,-0.2588,-0.9659,app,self,304.80,37.32,38.39,150,OK
1779117366.937011,-0.2588,-0.9659,svc1,self,268.26,33.81,36.42,150,OK
1779117367.222266,-0.2588,-0.9659,svc2,self,280.37,34.98,37.08,150,OK
1779117367.4590018,-0.2588,-0.9659,svc3,self,231.75,30.29,34.45,150,OK
1779117367.4633253,-0.2588,-0.9659,svc2,svc3,238.87,34.98,37.08,150,OK
1779117367.4674783,-0.2588,-0.9659,svc1,svc2,528.00,33.81,36.42,150,OK
1779117367.4724185,-0.2588,-0.9659,app,svc1,806.40,37.32,38.39,150,OK
1779117367.7606773,-0.2588,-0.9659,svc2,self,280.41,34.98,37.08,150,OK
1779117367.9971492,-0.2588,-0.9659,svc3,self,231.65,30.29,34.45,150,OK
1779117368.0011454,-0.2588,-0.9659,svc2,svc3,238.35,34.98,37.08,150,OK
1779117368.0058138,-0.2588,-0.9659,app,svc2,529.69,37.32,38.39,150,OK
1779117368.2438776,-0.2588,-0.9659,svc3,self,231.65,30.29,34.45,150,OK
1779117368.247778,-0.2588,-0.9659,app,svc3,238.79,37.32,38.39,150,OK
1779117369.5617948,-0.2588,-0.9659,app,self,304.86,37.32,38.39,150,OK
1779117369.8367863,-0.2588,-0.9659,svc1,self,268.22,33.81,36.42,150,OK
1779117370.122993,-0.2588,-0.9659,svc2,self,280.38,34.98,37.08,150,OK
1779117370.3604665,-0.2588,-0.9659,svc3,self,231.96,30.29,34.45,150,OK
1779117370.3643248,-0.2588,-0.9659,svc2,svc3,239.02,34.98,37.08,150,OK
1779117370.368244,-0.2588,-0.9659,svc1,svc2,528.50,33.81,36.42,150,OK
1779117370.3719094,-0.2588,-0.9659,app,svc1,806.57,37.32,38.39,150,OK
1779117370.6570046,-0.2588,-0.9659,svc2,self,280.45,34.98,37.08,150,OK
1779117370.8937185,-0.2588,-0.9659,svc3,self,231.66,30.29,34.45,150,OK
1779117370.8971744,-0.2588,-0.9659,svc2,svc3,237.60,34.98,37.08,150,OK
1779117370.9010818,-0.2588,-0.9659,app,svc2,527.10,37.32,38.39,150,OK
1779117371.1396444,-0.2588,-0.9659,svc3,self,231.64,30.29,34.45,150,OK
1779117371.1440623,-0.2588,-0.9659,app,svc3,239.93,37.32,38.39,150,OK
1779117372.4568193,-0.2588,-0.9659,app,self,304.79,37.32,38.39,150,OK
1779117372.7317717,-0.2588,-0.9659,svc1,self,268.58,33.81,36.42,150,OK
1779117373.018175,-0.2588,-0.9659,svc2,self,280.40,34.98,37.08,150,OK
1779117373.255289,-0.2588,-0.9659,svc3,self,231.66,30.29,34.45,150,OK
1779117373.259169,-0.2588,-0.9659,svc2,svc3,238.45,34.98,37.08,150,OK
1779117373.2636886,-0.2588,-0.9659,svc1,svc2,528.89,33.81,36.42,150,OK
1779117373.2685337,-0.2588,-0.9659,app,svc1,809.20,37.32,38.39,150,OK
1779117373.557449,-0.2588,-0.9659,svc2,self,280.41,34.98,37.08,150,OK
1779117373.7945495,-0.2588,-0.9659,svc3,self,231.65,30.29,34.45,150,OK
1779117373.798406,-0.2588,-0.9659,svc2,svc3,238.39,34.98,37.08,150,OK
1779117373.8040252,-0.2588,-0.9659,app,svc2,531.29,37.32,38.39,150,OK
1779117374.0406585,-0.2588,-0.9659,svc3,self,231.64,30.29,34.45,150,OK
1779117374.0449045,-0.2588,-0.9659,app,svc3,238.38,37.32,38.39,150,OK
1779117375.3600392,-0.2588,-0.9659,app,self,304.78,37.32,38.39,150,OK
1779117375.6331177,-0.2588,-0.9659,svc1,self,268.24,33.81,36.42,150,OK
1779117375.918727,-0.2588,-0.9659,svc2,self,280.41,34.98,37.08,150,OK
1779117376.1564465,-0.2588,-0.9659,svc3,self,231.68,30.29,34.45,150,OK
1779117376.1602528,-0.2588,-0.9659,svc2,svc3,238.67,34.98,37.08,150,OK
1779117376.163954,-0.2588,-0.9659,svc1,svc2,528.48,33.81,36.42,150,OK
1779117376.1675425,-0.2588,-0.9659,app,svc1,805.39,37.32,38.39,150,OK
1779117376.4529126,-0.2588,-0.9659,svc2,self,280.45,34.98,37.08,150,OK
1779117376.6916137,-0.2588,-0.9659,svc3,self,231.65,30.29,34.45,150,OK
1779117376.695481,-0.2588,-0.9659,svc2,svc3,239.40,34.98,37.08,150,OK
1779117376.699278,-0.2588,-0.9659,app,svc2,529.40,37.32,38.39,150,OK
1779117376.9358017,-0.2588,-0.9659,svc3,self,231.67,30.29,34.45,150,OK
1779117376.9400883,-0.2588,-0.9659,app,svc3,238.68,37.32,38.39,150,OK
1779117378.2522793,-0.2588,-0.9659,app,self,304.81,37.32,38.39,150,OK
1779117378.5275168,-0.2588,-0.9659,svc1,self,268.27,33.81,36.42,150,OK
1779117378.8137388,-0.2588,-0.9659,svc2,self,280.44,34.98,37.08,150,OK
1779117379.0518293,-0.2588,-0.9659,svc3,self,231.90,30.29,34.45,150,OK
1779117379.0563495,-0.2588,-0.9659,svc2,svc3,239.37,34.98,37.08,150,OK
1779117379.0604928,-0.2588,-0.9659,svc1,svc2,530.29,33.81,36.42,150,OK
1779117379.064223,-0.2588,-0.9659,app,svc1,808.50,37.32,38.39,150,OK
1779117379.3496003,-0.2588,-0.9659,svc2,self,280.43,34.98,37.08,150,OK
1779117379.586516,-0.2588,-0.9659,svc3,self,231.69,30.29,34.45,150,OK
1779117379.5913043,-0.2588,-0.9659,svc2,svc3,239.60,34.98,37.08,150,OK
1779117379.5953708,-0.2588,-0.9659,app,svc2,528.75,37.32,38.39,150,OK
1779117379.8320363,-0.2588,-0.9659,svc3,self,231.63,30.29,34.45,150,OK
1779117379.8354018,-0.2588,-0.9659,app,svc3,237.49,37.32,38.39,150,OK
1779117381.1729264,-0.2588,-0.9659,app,self,304.77,37.32,38.39,150,OK
1779117381.446101,-0.2588,-0.9659,svc1,self,268.22,33.81,36.42,150,OK
1779117381.7315428,-0.2588,-0.9659,svc2,self,280.48,34.98,37.08,150,OK
1779117381.969203,-0.2588,-0.9659,svc3,self,231.66,30.29,34.45,150,OK
1779117381.973087,-0.2588,-0.9659,svc2,svc3,238.77,34.98,37.08,150,OK
1779117381.9775481,-0.2588,-0.9659,svc1,svc2,529.33,33.81,36.42,150,OK
1779117381.9831676,-0.2588,-0.9659,app,svc1,807.71,37.32,38.39,150,OK
1779117382.2732017,-0.2588,-0.9659,svc2,self,280.45,34.98,37.08,150,OK
1779117382.5107298,-0.2588,-0.9659,svc3,self,231.69,30.29,34.45,150,OK
1779117382.5145566,-0.2588,-0.9659,svc2,svc3,238.63,34.98,37.08,150,OK
1779117382.5186088,-0.2588,-0.9659,app,svc2,529.57,37.32,38.39,150,OK
1779117382.7560654,-0.2588,-0.9659,svc3,self,231.75,30.29,34.45,150,OK
1779117382.7603478,-0.2588,-0.9659,app,svc3,238.87,37.32,38.39,150,OK
1779117384.0736146,-0.2588,-0.9659,app,self,304.85,37.32,38.39,150,OK
1779117384.3482292,-0.2588,-0.9659,svc1,self,268.23,33.81,36.42,150,OK
1779117384.6366606,-0.2588,-0.9659,svc2,self,280.37,34.98,37.08,150,OK
1779117384.8730474,-0.2588,-0.9659,svc3,self,231.66,30.29,34.45,150,OK
1779117384.8765657,-0.2588,-0.9659,svc2,svc3,237.75,34.98,37.08,150,OK
1779117384.8805711,-0.2588,-0.9659,svc1,svc2,529.15,33.81,36.42,150,OK
1779117384.8843725,-0.2588,-0.9659,app,svc1,807.24,37.32,38.39,150,OK
1779117385.1717064,-0.2588,-0.9659,svc2,self,280.55,34.98,37.08,150,OK
1779117385.4087696,-0.2588,-0.9659,svc3,self,231.63,30.29,34.45,150,OK
1779117385.4125767,-0.2588,-0.9659,svc2,svc3,238.29,34.98,37.08,150,OK
1779117385.4164636,-0.2588,-0.9659,app,svc2,528.79,37.32,38.39,150,OK
1779117385.6572955,-0.2588,-0.9659,svc3,self,231.73,30.29,34.45,150,OK
1779117385.6616387,-0.2588,-0.9659,app,svc3,239.35,37.32,38.39,150,OK
1779117387.0260062,-0.2588,-0.9659,app,self,304.77,37.32,38.39,150,OK
1779117387.303133,-0.2588,-0.9659,svc1,self,268.27,33.81,36.42,150,OK
1779117387.5887487,-0.2588,-0.9659,svc2,self,280.37,34.98,37.08,150,OK
1779117387.8254716,-0.2588,-0.9659,svc3,self,231.64,30.29,34.45,150,OK
1779117387.828775,-0.2588,-0.9659,svc2,svc3,237.76,34.98,37.08,150,OK
1779117387.8328047,-0.2588,-0.9659,svc1,svc2,527.39,33.81,36.42,150,OK
1779117387.8372705,-0.2588,-0.9659,app,svc1,805.19,37.32,38.39,150,OK
1779117388.122839,-0.2588,-0.9659,svc2,self,280.32,34.98,37.08,150,OK
1779117388.3613884,-0.2588,-0.9659,svc3,self,231.65,30.29,34.45,150,OK
1779117388.3658645,-0.2588,-0.9659,svc2,svc3,239.63,34.98,37.08,150,OK
1779117388.3718116,-0.2588,-0.9659,app,svc2,531.79,37.32,38.39,150,OK
1779117388.609923,-0.2588,-0.9659,svc3,self,231.66,30.29,34.45,150,OK
1779117388.6136591,-0.2588,-0.9659,app,svc3,238.48,37.32,38.39,150,OK
1779117389.925595,-0.2588,-0.9659,app,self,304.74,37.32,38.39,150,OK
1779117390.1998794,-0.2588,-0.9659,svc1,self,268.18,33.81,36.42,150,OK
1779117390.4832299,-0.2588,-0.9659,svc2,self,278.06,34.98,37.08,150,OK
1779117390.7205095,-0.2588,-0.9659,svc3,self,231.77,30.29,34.45,150,OK
1779117390.7246842,-0.2588,-0.9659,svc2,svc3,239.12,34.98,37.08,150,OK
1779117390.728594,-0.2588,-0.9659,svc1,svc2,526.62,33.81,36.42,150,OK
1779117390.7320585,-0.2588,-0.9659,app,svc1,803.97,37.32,38.39,150,OK
1779117391.0177686,-0.2588,-0.9659,svc2,self,280.42,34.98,37.08,150,OK
1779117391.2541983,-0.2588,-0.9659,svc3,self,231.64,30.29,34.45,150,OK
1779117391.2576911,-0.2588,-0.9659,svc2,svc3,237.73,34.98,37.08,150,OK
1779117391.2613473,-0.2588,-0.9659,app,svc2,526.42,37.32,38.39,150,OK
1779117391.4982505,-0.2588,-0.9659,svc3,self,231.71,30.29,34.45,150,OK
1779117391.5030024,-0.2588,-0.9659,app,svc3,239.12,37.32,38.39,150,OK
1779117392.816299,-0.2588,-0.9659,app,self,305.18,37.32,38.39,150,OK
1779117393.0912611,-0.2588,-0.9659,svc1,self,268.33,33.81,36.42,150,OK
1779117393.3775816,-0.2588,-0.9659,svc2,self,280.58,34.98,37.08,150,OK
1779117393.614879,-0.2588,-0.9659,svc3,self,231.64,30.29,34.45,150,OK
1779117393.6208718,-0.2588,-0.9659,svc2,svc3,240.42,34.98,37.08,150,OK
1779117393.6245973,-0.2588,-0.9659,svc1,svc2,530.29,33.81,36.42,150,OK
1779117393.6283028,-0.2588,-0.9659,app,svc1,808.45,37.32,38.39,150,OK
1779117393.9146132,-0.2588,-0.9659,svc2,self,280.46,34.98,37.08,150,OK
1779117394.1527593,-0.2588,-0.9659,svc3,self,231.65,30.29,34.45,150,OK
1779117394.1560895,-0.2588,-0.9659,svc2,svc3,237.81,34.98,37.08,150,OK
1779117394.1599793,-0.2588,-0.9659,app,svc2,529.06,37.32,38.39,150,OK
1779117394.3966029,-0.2588,-0.9659,svc3,self,231.71,30.29,34.45,150,OK
1779117394.4023616,-0.2588,-0.9659,app,svc3,239.95,37.32,38.39,150,OK
1779117395.7436645,-0.2588,-0.9659,app,self,304.84,37.32,38.39,150,OK
1779117396.01766,-0.2588,-0.9659,svc1,self,268.25,33.81,36.42,150,OK
1779117396.3029377,-0.2588,-0.9659,svc2,self,280.38,34.98,37.08,150,OK
1779117396.5403929,-0.2588,-0.9659,svc3,self,231.66,30.29,34.45,150,OK
1779117396.546593,-0.2588,-0.9659,svc2,svc3,241.18,34.98,37.08,150,OK
1779117396.5554993,-0.2588,-0.9659,svc1,svc2,535.46,33.81,36.42,150,OK
1779117396.563846,-0.2588,-0.9659,app,svc1,817.13,37.32,38.39,150,OK
1779117396.8527126,-0.2588,-0.9659,svc2,self,280.44,34.98,37.08,150,OK
1779117397.0893815,-0.2588,-0.9659,svc3,self,231.72,30.29,34.45,150,OK
1779117397.0937045,-0.2588,-0.9659,svc2,svc3,238.53,34.98,37.08,150,OK
1779117397.0975337,-0.2588,-0.9659,app,svc2,529.53,37.32,38.39,150,OK
1779117397.3342922,-0.2588,-0.9659,svc3,self,231.72,30.29,34.45,150,OK
1779117397.337946,-0.2588,-0.9659,app,svc3,238.00,37.32,38.39,150,OK
1779117398.6508443,-0.2588,-0.9659,app,self,304.76,37.32,38.39,150,OK
1779117398.9275243,-0.2588,-0.9659,svc1,self,268.20,33.81,36.42,150,OK
1779117399.2154944,-0.2588,-0.9659,svc2,self,280.39,34.98,37.08,150,OK
1779117399.453055,-0.2588,-0.9659,svc3,self,231.62,30.29,34.45,150,OK
1779117399.4567916,-0.2588,-0.9659,svc2,svc3,237.89,34.98,37.08,150,OK
1779117399.4612896,-0.2588,-0.9659,svc1,svc2,530.36,33.81,36.42,150,OK
1779117399.4653413,-0.2588,-0.9659,app,svc1,810.34,37.32,38.39,150,OK
1779117399.7531886,-0.2588,-0.9659,svc2,self,280.41,34.98,37.08,150,OK
1779117399.9907722,-0.2588,-0.9659,svc3,self,231.94,30.29,34.45,150,OK
1779117399.995232,-0.2588,-0.9659,svc2,svc3,239.01,34.98,37.08,150,OK
1779117399.999105,-0.2588,-0.9659,app,svc2,530.09,37.32,38.39,150,OK
1779117400.2372253,-0.2588,-0.9659,svc3,self,231.66,30.29,34.45,150,OK
1779117400.2408414,-0.2588,-0.9659,app,svc3,238.28,37.32,38.39,150,OK
1779117401.573961,-0.2588,-0.9659,app,self,304.76,37.32,38.39,150,OK
1779117401.8469665,-0.2588,-0.9659,svc1,self,268.31,33.81,36.42,150,OK
1779117402.1338162,-0.2588,-0.9659,svc2,self,280.35,34.98,37.08,150,OK
1779117402.3791275,-0.2588,-0.9659,svc3,self,231.84,30.29,34.45,150,OK
1779117402.383428,-0.2588,-0.9659,svc2,svc3,241.36,34.98,37.08,150,OK
1779117402.3901706,-0.2588,-0.9659,svc1,svc2,539.35,33.81,36.42,150,OK
1779117402.3951507,-0.2588,-0.9659,app,svc1,819.42,37.32,38.39,150,OK
1779117402.6819534,-0.2588,-0.9659,svc2,self,280.71,34.98,37.08,150,OK
1779117402.919307,-0.2588,-0.9659,svc3,self,231.65,30.29,34.45,150,OK
1779117402.923316,-0.2588,-0.9659,svc2,svc3,238.22,34.98,37.08,150,OK
1779117402.9277823,-0.2588,-0.9659,app,svc2,530.35,37.32,38.39,150,OK
1779117403.1655304,-0.2588,-0.9659,svc3,self,231.67,30.29,34.45,150,OK
1779117403.170362,-0.2588,-0.9659,app,svc3,239.72,37.32,38.39,150,OK
1779117404.4821908,-0.2588,-0.9659,app,self,304.78,37.32,38.39,150,OK
1779117404.7553742,-0.2588,-0.9659,svc1,self,268.27,33.81,36.42,150,OK
1779117405.0413568,-0.2588,-0.9659,svc2,self,280.46,34.98,37.08,150,OK
1779117405.278832,-0.2588,-0.9659,svc3,self,232.15,30.29,34.45,150,OK
1779117405.2833638,-0.2588,-0.9659,svc2,svc3,239.64,34.98,37.08,150,OK
1779117405.287475,-0.2588,-0.9659,svc1,svc2,529.77,33.81,36.42,150,OK
1779117405.2911603,-0.2588,-0.9659,app,svc1,806.58,37.32,38.39,150,OK
1779117405.5764768,-0.2588,-0.9659,svc2,self,280.39,34.98,37.08,150,OK
1779117405.8128889,-0.2588,-0.9659,svc3,self,231.75,30.29,34.45,150,OK
1779117405.8170133,-0.2588,-0.9659,svc2,svc3,238.46,34.98,37.08,150,OK
1779117405.8209777,-0.2588,-0.9659,app,svc2,527.45,37.32,38.39,150,OK
1779117406.0574496,-0.2588,-0.9659,svc3,self,231.66,30.29,34.45,150,OK
1779117406.064665,-0.2588,-0.9659,app,svc3,241.37,37.32,38.39,150,OK
1779117407.3778248,-0.2588,-0.9659,app,self,304.84,37.32,38.39,150,OK
1779117407.652039,-0.2588,-0.9659,svc1,self,268.22,33.81,36.42,150,OK
1779117407.9377756,-0.2588,-0.9659,svc2,self,280.41,34.98,37.08,150,OK
1779117408.1744757,-0.2588,-0.9659,svc3,self,231.71,30.29,34.45,150,OK
1779117408.1793866,-0.2588,-0.9659,svc2,svc3,239.45,34.98,37.08,150,OK
1779117408.1860585,-0.2588,-0.9659,svc1,svc2,531.45,33.81,36.42,150,OK
1779117408.1911645,-0.2588,-0.9659,app,svc1,810.66,37.32,38.39,150,OK
1779117408.477938,-0.2588,-0.9659,svc2,self,280.45,34.98,37.08,150,OK
1779117408.715941,-0.2588,-0.9659,svc3,self,231.71,30.29,34.45,150,OK
1779117408.7205834,-0.2588,-0.9659,svc2,svc3,239.56,34.98,37.08,150,OK
1779117408.7244682,-0.2588,-0.9659,app,svc2,530.08,37.32,38.39,150,OK
1779117408.961024,-0.2588,-0.9659,svc3,self,231.72,30.29,34.45,150,OK
1779117408.9654293,-0.2588,-0.9659,app,svc3,238.55,37.32,38.39,150,OK
1779117410.2815466,-0.2588,-0.9659,app,self,304.78,37.32,38.39,150,OK
1779117410.5574186,-0.2588,-0.9659,svc1,self,268.30,33.81,36.42,150,OK
1779117410.8427424,-0.2588,-0.9659,svc2,self,280.37,34.98,37.08,150,OK
1779117411.079626,-0.2588,-0.9659,svc3,self,231.72,30.29,34.45,150,OK
1779117411.0847745,-0.2588,-0.9659,svc2,svc3,239.53,34.98,37.08,150,OK
1779117411.0886652,-0.2588,-0.9659,svc1,svc2,528.93,33.81,36.42,150,OK
1779117411.092068,-0.2588,-0.9659,app,svc1,806.63,37.32,38.39,150,OK
1779117411.3773916,-0.2588,-0.9659,svc2,self,280.69,34.98,37.08,150,OK
1779117411.6142702,-0.2588,-0.9659,svc3,self,231.67,30.29,34.45,150,OK
1779117411.6183696,-0.2588,-0.9659,svc2,svc3,238.60,34.98,37.08,150,OK
1779117411.6219208,-0.2588,-0.9659,app,svc2,527.64,37.32,38.39,150,OK
1779117411.85838,-0.2588,-0.9659,svc3,self,231.74,30.29,34.45,150,OK
1779117411.8627002,-0.2588,-0.9659,app,svc3,238.44,37.32,38.39,150,OK
1779117413.174779,-0.2588,-0.9659,app,self,304.74,37.32,38.39,150,OK
1779117413.4490366,-0.2588,-0.9659,svc1,self,268.31,33.81,36.42,150,OK
1779117413.735949,-0.2588,-0.9659,svc2,self,280.49,34.98,37.08,150,OK
1779117413.9735816,-0.2588,-0.9659,svc3,self,231.69,30.29,34.45,150,OK
1779117413.977158,-0.2588,-0.9659,svc2,svc3,238.51,34.98,37.08,150,OK
1779117413.9811606,-0.2588,-0.9659,svc1,svc2,529.03,33.81,36.42,150,OK
1779117413.9853842,-0.2588,-0.9659,app,svc1,807.84,37.32,38.39,150,OK
1779117414.270579,-0.2588,-0.9659,svc2,self,280.40,34.98,37.08,150,OK
1779117414.5093858,-0.2588,-0.9659,svc3,self,231.69,30.29,34.45,150,OK
1779117414.512814,-0.2588,-0.9659,svc2,svc3,239.37,34.98,37.08,150,OK
1779117414.5174484,-0.2588,-0.9659,app,svc2,529.83,37.32,38.39,150,OK
1779117414.7545784,-0.2588,-0.9659,svc3,self,231.65,30.29,34.45,150,OK
1779117414.7581186,-0.2588,-0.9659,app,svc3,238.00,37.32,38.39,150,OK
1779117416.1082985,-0.2588,-0.9659,app,self,304.77,37.32,38.39,150,OK
1779117416.387654,-0.2588,-0.9659,svc1,self,268.24,33.81,36.42,150,OK
1779117416.672701,-0.2588,-0.9659,svc2,self,280.38,34.98,37.08,150,OK
1779117416.9105308,-0.2588,-0.9659,svc3,self,231.64,30.29,34.45,150,OK
1779117416.9134579,-0.2588,-0.9659,svc2,svc3,237.75,34.98,37.08,150,OK
1779117416.9177155,-0.2588,-0.9659,svc1,svc2,527.99,33.81,36.42,150,OK
1779117416.9221623,-0.2588,-0.9659,app,svc1,807.56,37.32,38.39,150,OK
1779117417.2076116,-0.2588,-0.9659,svc2,self,280.42,34.98,37.08,150,OK
1779117417.44492,-0.2588,-0.9659,svc3,self,231.67,30.29,34.45,150,OK
1779117417.447749,-0.2588,-0.9659,svc2,svc3,237.28,34.98,37.08,150,OK
1779117417.4526114,-0.2588,-0.9659,app,svc2,528.07,37.32,38.39,150,OK
1779117417.6901145,-0.2588,-0.9659,svc3,self,231.70,30.29,34.45,150,OK
1779117417.693804,-0.2588,-0.9659,app,svc3,238.38,37.32,38.39,150,OK
1779117419.0057914,-0.2588,-0.9659,app,self,304.80,37.32,38.39,150,OK
1779117419.2796326,-0.2588,-0.9659,svc1,self,268.28,33.81,36.42,150,OK
1779117419.5661342,-0.2588,-0.9659,svc2,self,280.48,34.98,37.08,150,OK
1779117419.8033874,-0.2588,-0.9659,svc3,self,231.64,30.29,34.45,150,OK
1779117419.8072314,-0.2588,-0.9659,svc2,svc3,238.13,34.98,37.08,150,OK
1779117419.8115637,-0.2588,-0.9659,svc1,svc2,529.32,33.81,36.42,150,OK
1779117419.8155305,-0.2588,-0.9659,app,svc1,807.04,37.32,38.39,150,OK
1779117420.1019723,-0.2588,-0.9659,svc2,self,280.43,34.98,37.08,150,OK
1779117420.3387513,-0.2588,-0.9659,svc3,self,231.72,30.29,34.45,150,OK
1779117420.342737,-0.2588,-0.9659,svc2,svc3,238.51,34.98,37.08,150,OK
1779117420.3466046,-0.2588,-0.9659,app,svc2,528.10,37.32,38.39,150,OK
1779117420.5812016,-0.2588,-0.9659,svc3,self,229.57,30.29,34.45,150,OK
1779117420.5847294,-0.2588,-0.9659,app,svc3,235.76,37.32,38.39,150,OK
1779117421.9210732,-0.2588,-0.9659,app,self,304.76,37.32,38.39,150,OK
1779117422.1943426,-0.2588,-0.9659,svc1,self,268.34,33.81,36.42,150,OK
1779117422.48142,-0.2588,-0.9659,svc2,self,280.48,34.98,37.08,150,OK
1779117422.7186975,-0.2588,-0.9659,svc3,self,231.63,30.29,34.45,150,OK
1779117422.7227244,-0.2588,-0.9659,svc2,svc3,238.37,34.98,37.08,150,OK
1779117422.7272122,-0.2588,-0.9659,svc1,svc2,529.54,33.81,36.42,150,OK
1779117422.7321675,-0.2588,-0.9659,app,svc1,808.83,37.32,38.39,150,OK
1779117423.0178692,-0.2588,-0.9659,svc2,self,280.42,34.98,37.08,150,OK
1779117423.2551413,-0.2588,-0.9659,svc3,self,231.74,30.29,34.45,150,OK
1779117423.261138,-0.2588,-0.9659,svc2,svc3,240.76,34.98,37.08,150,OK
1779117423.2676299,-0.2588,-0.9659,app,svc2,532.75,37.32,38.39,150,OK
1779117423.5067453,-0.2588,-0.9659,svc3,self,231.64,30.29,34.45,150,OK
1779117423.5104594,-0.2588,-0.9659,app,svc3,239.34,37.32,38.39,150,OK
1779117424.8232563,-0.2588,-0.9659,app,self,304.77,37.32,38.39,150,OK
1779117425.0969203,-0.2588,-0.9659,svc1,self,268.33,33.81,36.42,150,OK
1779117425.3828793,-0.2588,-0.9659,svc2,self,280.41,34.98,37.08,150,OK
1779117425.6195316,-0.2588,-0.9659,svc3,self,231.62,30.29,34.45,150,OK
1779117425.6240616,-0.2588,-0.9659,svc2,svc3,238.87,34.98,37.08,150,OK
1779117425.6280103,-0.2588,-0.9659,svc1,svc2,528.03,33.81,36.42,150,OK
1779117425.6317568,-0.2588,-0.9659,app,svc1,806.20,37.32,38.39,150,OK
1779117425.9171,-0.2588,-0.9659,svc2,self,280.44,34.98,37.08,150,OK
1779117426.1535256,-0.2588,-0.9659,svc3,self,231.65,30.29,34.45,150,OK
1779117426.1575754,-0.2588,-0.9659,svc2,svc3,238.25,34.98,37.08,150,OK
1779117426.1613505,-0.2588,-0.9659,app,svc2,527.15,37.32,38.39,150,OK
1779117426.3996313,-0.2588,-0.9659,svc3,self,231.65,30.29,34.45,150,OK
1779117426.4033597,-0.2588,-0.9659,app,svc3,238.83,37.32,38.39,150,OK
1779117427.7172818,-0.2588,-0.9659,app,self,304.80,37.32,38.39,150,OK
1779117427.9909308,-0.2588,-0.9659,svc1,self,268.24,33.81,36.42,150,OK
1779117428.2768202,-0.2588,-0.9659,svc2,self,280.42,34.98,37.08,150,OK
1779117428.5146616,-0.2588,-0.9659,svc3,self,231.70,30.29,34.45,150,OK
1779117428.518598,-0.2588,-0.9659,svc2,svc3,239.39,34.98,37.08,150,OK
1779117428.522906,-0.2588,-0.9659,svc1,svc2,529.41,33.81,36.42,150,OK
1779117428.5268943,-0.2588,-0.9659,app,svc1,807.08,37.32,38.39,150,OK
1779117428.8129625,-0.2588,-0.9659,svc2,self,280.49,34.98,37.08,150,OK
1779117429.05063,-0.2588,-0.9659,svc3,self,231.63,30.29,34.45,150,OK
1779117429.0543027,-0.2588,-0.9659,svc2,svc3,237.92,34.98,37.08,150,OK
1779117429.058815,-0.2588,-0.9659,app,svc2,529.50,37.32,38.39,150,OK
1779117429.2962947,-0.2588,-0.9659,svc3,self,231.64,30.29,34.45,150,OK
1779117429.3003857,-0.2588,-0.9659,app,svc3,238.84,37.32,38.39,150,OK
1779117430.6217518,-0.2588,-0.9659,app,self,304.90,37.32,38.39,150,OK
1779117430.895885,-0.2588,-0.9659,svc1,self,268.25,33.81,36.42,150,OK
1779117431.1828833,-0.2588,-0.9659,svc2,self,280.42,34.98,37.08,150,OK
1779117431.419644,-0.2588,-0.9659,svc3,self,231.69,30.29,34.45,150,OK
1779117431.4237077,-0.2588,-0.9659,svc2,svc3,238.59,34.98,37.08,150,OK
1779117431.428194,-0.2588,-0.9659,svc1,svc2,529.17,33.81,36.42,150,OK
1779117431.4325452,-0.2588,-0.9659,app,svc1,807.77,37.32,38.39,150,OK
1779117431.7181346,-0.2588,-0.9659,svc2,self,280.43,34.98,37.08,150,OK
1779117431.955368,-0.2588,-0.9659,svc3,self,231.96,30.29,34.45,150,OK
1779117431.959395,-0.2588,-0.9659,svc2,svc3,238.52,34.98,37.08,150,OK
1779117431.9630628,-0.2588,-0.9659,app,svc2,528.09,37.32,38.39,150,OK
1779117432.1998208,-0.2588,-0.9659,svc3,self,231.63,30.29,34.45,150,OK
1779117432.20401,-0.2588,-0.9659,app,svc3,238.43,37.32,38.39,150,OK
1779117433.515869,-0.2588,-0.9659,app,self,304.81,37.32,38.39,150,OK
1779117433.7894502,-0.2588,-0.9659,svc1,self,268.27,33.81,36.42,150,OK
1779117434.0768135,-0.2588,-0.9659,svc2,self,280.46,34.98,37.08,150,OK
1779117434.3151853,-0.2588,-0.9659,svc3,self,231.62,30.29,34.45,150,OK
1779117434.3214786,-0.2588,-0.9659,svc2,svc3,240.89,34.98,37.08,150,OK
1779117434.327998,-0.2588,-0.9659,svc1,svc2,534.80,33.81,36.42,150,OK
1779117434.333819,-0.2588,-0.9659,app,svc1,815.97,37.32,38.39,150,OK
1779117434.6217487,-0.2588,-0.9659,svc2,self,280.74,34.98,37.08,150,OK
1779117434.8593605,-0.2588,-0.9659,svc3,self,231.98,30.29,34.45,150,OK
1779117434.8635051,-0.2588,-0.9659,svc2,svc3,239.48,34.98,37.08,150,OK
1779117434.8674493,-0.2588,-0.9659,app,svc2,530.19,37.32,38.39,150,OK
1779117435.1043622,-0.2588,-0.9659,svc3,self,231.71,30.29,34.45,150,OK
1779117435.1092238,-0.2588,-0.9659,app,svc3,239.54,37.32,38.39,150,OK
1779117436.5008204,-0.2588,-0.9659,app,self,304.83,37.32,38.39,150,OK
1779117436.7772708,-0.2588,-0.9659,svc1,self,268.35,33.81,36.42,150,OK
1779117437.063692,-0.2588,-0.9659,svc2,self,280.51,34.98,37.08,150,OK
1779117437.301197,-0.2588,-0.9659,svc3,self,231.78,30.29,34.45,150,OK
1779117437.3052633,-0.2588,-0.9659,svc2,svc3,238.84,34.98,37.08,150,OK
1779117437.308836,-0.2588,-0.9659,svc1,svc2,528.23,33.81,36.42,150,OK
1779117437.3123991,-0.2588,-0.9659,app,svc1,806.92,37.32,38.39,150,OK
1779117437.5979114,-0.2588,-0.9659,svc2,self,280.53,34.98,37.08,150,OK
1779117437.8346817,-0.2588,-0.9659,svc3,self,231.80,30.29,34.45,150,OK
1779117437.8383453,-0.2588,-0.9659,svc2,svc3,238.31,34.98,37.08,150,OK
1779117437.8420675,-0.2588,-0.9659,app,svc2,527.25,37.32,38.39,150,OK
1779117438.078723,-0.2588,-0.9659,svc3,self,231.75,30.29,34.45,150,OK
1779117438.0830977,-0.2588,-0.9659,app,svc3,238.92,37.32,38.39,150,OK
1779117439.395175,-0.2588,-0.9659,app,self,304.81,37.32,38.39,150,OK
1779117439.6700368,-0.2588,-0.9659,svc1,self,268.24,33.81,36.42,150,OK
1779117439.9556484,-0.2588,-0.9659,svc2,self,280.38,34.98,37.08,150,OK
1779117440.1916795,-0.2588,-0.9659,svc3,self,231.66,30.29,34.45,150,OK
1779117440.1958106,-0.2588,-0.9659,svc2,svc3,238.32,34.98,37.08,150,OK
1779117440.2001069,-0.2588,-0.9659,svc1,svc2,527.55,33.81,36.42,150,OK
1779117440.203664,-0.2588,-0.9659,app,svc1,804.82,37.32,38.39,150,OK
1779117440.4889698,-0.2588,-0.9659,svc2,self,280.42,34.98,37.08,150,OK
1779117440.7261138,-0.2588,-0.9659,svc3,self,231.68,30.29,34.45,150,OK
1779117440.730181,-0.2588,-0.9659,svc2,svc3,238.35,34.98,37.08,150,OK
1779117440.734034,-0.2588,-0.9659,app,svc2,528.04,37.32,38.39,150,OK
1779117440.970807,-0.2588,-0.9659,svc3,self,231.71,30.29,34.45,150,OK
1779117440.975094,-0.2588,-0.9659,app,svc3,238.65,37.32,38.39,150,OK
1779117442.3249948,-0.2588,-0.9659,app,self,304.75,37.32,38.39,150,OK
1779117442.5995617,-0.2588,-0.9659,svc1,self,268.18,33.81,36.42,150,OK
1779117442.8853955,-0.2588,-0.9659,svc2,self,280.45,34.98,37.08,150,OK
1779117443.1227498,-0.2588,-0.9659,svc3,self,231.89,30.29,34.45,150,OK
1779117443.1307344,-0.2588,-0.9659,svc2,svc3,242.57,34.98,37.08,150,OK
1779117443.1343317,-0.2588,-0.9659,svc1,svc2,532.35,33.81,36.42,150,OK
1779117443.1378531,-0.2588,-0.9659,app,svc1,809.49,37.32,38.39,150,OK
1779117443.4229333,-0.2588,-0.9659,svc2,self,280.38,34.98,37.08,150,OK
1779117443.6600559,-0.2588,-0.9659,svc3,self,231.77,30.29,34.45,150,OK
1779117443.6637626,-0.2588,-0.9659,svc2,svc3,238.05,34.98,37.08,150,OK
1779117443.668428,-0.2588,-0.9659,app,svc2,528.25,37.32,38.39,150,OK
1779117443.9048746,-0.2588,-0.9659,svc3,self,231.68,30.29,34.45,150,OK
1779117443.9080944,-0.2588,-0.9659,app,svc3,237.26,37.32,38.39,150,OK
1779117445.2212043,-0.2588,-0.9659,app,self,304.85,37.32,38.39,150,OK
1779117445.494709,-0.2588,-0.9659,svc1,self,268.20,33.81,36.42,150,OK
1779117445.7816043,-0.2588,-0.9659,svc2,self,280.39,34.98,37.08,150,OK
1779117446.018478,-0.2588,-0.9659,svc3,self,231.69,30.29,34.45,150,OK
1779117446.0220447,-0.2588,-0.9659,svc2,svc3,238.07,34.98,37.08,150,OK
1779117446.0254912,-0.2588,-0.9659,svc1,svc2,527.91,33.81,36.42,150,OK
1779117446.029356,-0.2588,-0.9659,app,svc1,805.70,37.32,38.39,150,OK
1779117446.315711,-0.2588,-0.9659,svc2,self,280.38,34.98,37.08,150,OK
1779117446.5525274,-0.2588,-0.9659,svc3,self,231.68,30.29,34.45,150,OK
1779117446.5585375,-0.2588,-0.9659,svc2,svc3,240.55,34.98,37.08,150,OK
1779117446.5652685,-0.2588,-0.9659,app,svc2,532.74,37.32,38.39,150,OK
1779117446.8067238,-0.2588,-0.9659,svc3,self,231.68,30.29,34.45,150,OK
1779117446.81037,-0.2588,-0.9659,app,svc3,239.62,37.32,38.39,150,OK
1779117448.1233697,-0.2588,-0.9659,app,self,304.94,37.32,38.39,150,OK
1779117448.3975654,-0.2588,-0.9659,svc1,self,268.21,33.81,36.42,150,OK
1779117448.6832016,-0.2588,-0.9659,svc2,self,280.44,34.98,37.08,150,OK
1779117448.920737,-0.2588,-0.9659,svc3,self,231.64,30.29,34.45,150,OK
1779117448.9245908,-0.2588,-0.9659,svc2,svc3,238.77,34.98,37.08,150,OK
1779117448.928686,-0.2588,-0.9659,svc1,svc2,528.92,33.81,36.42,150,OK
1779117448.9336245,-0.2588,-0.9659,app,svc1,807.47,37.32,38.39,150,OK
1779117449.2194974,-0.2588,-0.9659,svc2,self,280.37,34.98,37.08,150,OK
1779117449.4566674,-0.2588,-0.9659,svc3,self,231.90,30.29,34.45,150,OK
1779117449.4611075,-0.2588,-0.9659,svc2,svc3,239.17,34.98,37.08,150,OK
1779117449.466561,-0.2588,-0.9659,app,svc2,530.20,37.32,38.39,150,OK
1779117449.7030969,-0.2588,-0.9659,svc3,self,231.64,30.29,34.45,150,OK
1779117449.7070732,-0.2588,-0.9659,app,svc3,238.21,37.32,38.39,150,OK
1779117451.0202267,-0.2588,-0.9659,app,self,305.18,37.32,38.39,150,OK
1779117451.294053,-0.2588,-0.9659,svc1,self,268.23,33.81,36.42,150,OK
1779117451.5800166,-0.2588,-0.9659,svc2,self,280.42,34.98,37.08,150,OK
1779117451.816931,-0.2588,-0.9659,svc3,self,231.68,30.29,34.45,150,OK
1779117451.8204784,-0.2588,-0.9659,svc2,svc3,238.03,34.98,37.08,150,OK
1779117451.824423,-0.2588,-0.9659,svc1,svc2,527.77,33.81,36.42,150,OK
1779117451.8282497,-0.2588,-0.9659,app,svc1,805.16,37.32,38.39,150,OK
1779117452.1131494,-0.2588,-0.9659,svc2,self,280.45,34.98,37.08,150,OK
1779117452.3499408,-0.2588,-0.9659,svc3,self,231.76,30.29,34.45,150,OK
1779117452.3539474,-0.2588,-0.9659,svc2,svc3,238.13,34.98,37.08,150,OK
1779117452.3577678,-0.2588,-0.9659,app,svc2,527.45,37.32,38.39,150,OK
1779117452.5947108,-0.2588,-0.9659,svc3,self,231.68,30.29,34.45,150,OK
1779117452.5984733,-0.2588,-0.9659,app,svc3,238.23,37.32,38.39,150,OK
1779117453.9117846,-0.2588,-0.9659,app,self,304.88,37.32,38.39,150,OK
1779117454.1857073,-0.2588,-0.9659,svc1,self,268.24,33.81,36.42,150,OK
1779117454.4729052,-0.2588,-0.9659,svc2,self,280.37,34.98,37.08,150,OK
1779117454.7090383,-0.2588,-0.9659,svc3,self,231.75,30.29,34.45,150,OK
1779117454.7140722,-0.2588,-0.9659,svc2,svc3,239.28,34.98,37.08,150,OK
1779117454.7180398,-0.2588,-0.9659,svc1,svc2,529.34,33.81,36.42,150,OK
1779117454.7216911,-0.2588,-0.9659,app,svc1,807.11,37.32,38.39,150,OK
1779117455.0066397,-0.2588,-0.9659,svc2,self,280.45,34.98,37.08,150,OK
1779117455.2438328,-0.2588,-0.9659,svc3,self,231.79,30.29,34.45,150,OK
1779117455.2488496,-0.2588,-0.9659,svc2,svc3,239.91,34.98,37.08,150,OK
1779117455.2533205,-0.2588,-0.9659,app,svc2,529.52,37.32,38.39,150,OK
1779117455.4905248,-0.2588,-0.9659,svc3,self,231.64,30.29,34.45,150,OK
1779117455.494768,-0.2588,-0.9659,app,svc3,238.89,37.32,38.39,150,OK
1779117456.8233182,-0.2588,-0.9659,app,self,271.72,32.44,35.66,125,OK
1779117457.0685468,-0.2588,-0.9659,svc1,self,239.14,29.50,34.02,125,OK
1779117457.3241382,-0.2588,-0.9659,svc2,self,250.02,30.48,34.56,125,OK
1779117457.5377202,-0.2588,-0.9659,svc3,self,206.68,26.57,32.38,125,OK
1779117457.5423782,-0.2588,-0.9659,svc2,svc3,214.74,30.48,34.56,125,OK
1779117457.54682,-0.2588,-0.9659,svc1,svc2,475.70,29.50,34.02,125,OK
1779117457.5503318,-0.2588,-0.9659,app,svc1,724.24,32.44,35.66,125,OK
1779117457.80487,-0.2588,-0.9659,svc2,self,250.07,30.48,34.56,125,OK
1779117458.0178885,-0.2588,-0.9659,svc3,self,206.58,26.57,32.38,125,OK
1779117458.0214329,-0.2588,-0.9659,svc2,svc3,213.48,30.48,34.56,125,OK
1779117458.025045,-0.2588,-0.9659,app,svc2,472.64,32.44,35.66,125,OK
1779117458.2365315,-0.2588,-0.9659,svc3,self,206.56,26.57,32.38,125,OK
1779117458.2411826,-0.2588,-0.9659,app,svc3,213.72,32.44,35.66,125,OK
1779117459.5208182,-0.2588,-0.9659,app,self,271.70,32.44,35.66,125,OK
1779117459.764739,-0.2588,-0.9659,svc1,self,239.13,29.50,34.02,125,OK
1779117460.0196016,-0.2588,-0.9659,svc2,self,250.06,30.48,34.56,125,OK
1779117460.231905,-0.2588,-0.9659,svc3,self,206.58,26.57,32.38,125,OK
1779117460.2358027,-0.2588,-0.9659,svc2,svc3,212.97,30.48,34.56,125,OK
1779117460.239556,-0.2588,-0.9659,svc1,svc2,472.72,29.50,34.02,125,OK
1779117460.2433038,-0.2588,-0.9659,app,svc1,720.47,32.44,35.66,125,OK
1779117460.4982252,-0.2588,-0.9659,svc2,self,249.99,30.48,34.56,125,OK
1779117460.710724,-0.2588,-0.9659,svc3,self,206.71,26.57,32.38,125,OK
1779117460.7146902,-0.2588,-0.9659,svc2,svc3,213.27,30.48,34.56,125,OK
1779117460.7183444,-0.2588,-0.9659,app,svc2,472.55,32.44,35.66,125,OK
1779117460.9297085,-0.2588,-0.9659,svc3,self,206.55,26.57,32.38,125,OK
1779117460.9337249,-0.2588,-0.9659,app,svc3,213.07,32.44,35.66,125,OK
1779117462.2123697,-0.2588,-0.9659,app,self,271.70,32.44,35.66,125,OK
1779117462.45646,-0.2588,-0.9659,svc1,self,239.11,29.50,34.02,125,OK
1779117462.7121978,-0.2588,-0.9659,svc2,self,249.97,30.48,34.56,125,OK
1779117462.9235547,-0.2588,-0.9659,svc3,self,206.49,26.57,32.38,125,OK
1779117462.928482,-0.2588,-0.9659,svc2,svc3,214.03,30.48,34.56,125,OK
1779117462.9330375,-0.2588,-0.9659,svc1,svc2,474.21,29.50,34.02,125,OK
1779117462.9370549,-0.2588,-0.9659,app,svc1,722.46,32.44,35.66,125,OK
1779117463.192446,-0.2588,-0.9659,svc2,self,250.11,30.48,34.56,125,OK
1779117463.405513,-0.2588,-0.9659,svc3,self,206.64,26.57,32.38,125,OK
1779117463.409823,-0.2588,-0.9659,svc2,svc3,213.90,30.48,34.56,125,OK
1779117463.4143343,-0.2588,-0.9659,app,svc2,474.74,32.44,35.66,125,OK
1779117463.6258187,-0.2588,-0.9659,svc3,self,206.56,26.57,32.38,125,OK
1779117463.631419,-0.2588,-0.9659,app,svc3,214.68,32.44,35.66,125,OK
1779117464.9175978,-0.2588,-0.9659,app,self,271.69,32.44,35.66,125,OK
1779117465.1623008,-0.2588,-0.9659,svc1,self,239.13,29.50,34.02,125,OK
1779117465.4170187,-0.2588,-0.9659,svc2,self,250.02,30.48,34.56,125,OK
1779117465.6296713,-0.2588,-0.9659,svc3,self,206.52,26.57,32.38,125,OK
1779117465.6333387,-0.2588,-0.9659,svc2,svc3,213.19,30.48,34.56,125,OK
1779117465.637159,-0.2588,-0.9659,svc1,svc2,472.69,29.50,34.02,125,OK
1779117465.6405878,-0.2588,-0.9659,app,svc1,720.35,32.44,35.66,125,OK
1779117465.895857,-0.2588,-0.9659,svc2,self,249.99,30.48,34.56,125,OK
1779117466.1089547,-0.2588,-0.9659,svc3,self,207.06,26.57,32.38,125,OK
1779117466.1129246,-0.2588,-0.9659,svc2,svc3,214.07,30.48,34.56,125,OK
1779117466.1165545,-0.2588,-0.9659,app,svc2,473.81,32.44,35.66,125,OK
1779117466.3279867,-0.2588,-0.9659,svc3,self,206.54,26.57,32.38,125,OK
1779117466.3315341,-0.2588,-0.9659,app,svc3,212.67,32.44,35.66,125,OK
1779117467.6105177,-0.2588,-0.9659,app,self,271.75,32.44,35.66,125,OK
1779117467.8546953,-0.2588,-0.9659,svc1,self,239.25,29.50,34.02,125,OK
1779117468.1102839,-0.2588,-0.9659,svc2,self,250.01,30.48,34.56,125,OK
1779117468.321512,-0.2588,-0.9659,svc3,self,206.58,26.57,32.38,125,OK
1779117468.3268774,-0.2588,-0.9659,svc2,svc3,214.48,30.48,34.56,125,OK
1779117468.3307722,-0.2588,-0.9659,svc1,svc2,473.34,29.50,34.02,125,OK
1779117468.3344831,-0.2588,-0.9659,app,svc1,721.52,32.44,35.66,125,OK
1779117468.589148,-0.2588,-0.9659,svc2,self,250.05,30.48,34.56,125,OK
1779117468.801685,-0.2588,-0.9659,svc3,self,206.86,26.57,32.38,125,OK
1779117468.806096,-0.2588,-0.9659,svc2,svc3,213.86,30.48,34.56,125,OK
1779117468.8102865,-0.2588,-0.9659,app,svc2,473.63,32.44,35.66,125,OK
1779117469.0227737,-0.2588,-0.9659,svc3,self,206.80,26.57,32.38,125,OK
1779117469.0272067,-0.2588,-0.9659,app,svc3,214.17,32.44,35.66,125,OK
1779117470.3485792,-0.2588,-0.9659,app,self,271.73,32.44,35.66,125,OK
1779117470.593638,-0.2588,-0.9659,svc1,self,239.12,29.50,34.02,125,OK
1779117470.8494973,-0.2588,-0.9659,svc2,self,249.96,30.48,34.56,125,OK
1779117471.061226,-0.2588,-0.9659,svc3,self,206.60,26.57,32.38,125,OK
1779117471.0650554,-0.2588,-0.9659,svc2,svc3,213.11,30.48,34.56,125,OK
1779117471.0689952,-0.2588,-0.9659,svc1,svc2,472.22,29.50,34.02,125,OK
1779117471.0726998,-0.2588,-0.9659,app,svc1,721.07,32.44,35.66,125,OK
1779117471.3280802,-0.2588,-0.9659,svc2,self,250.00,30.48,34.56,125,OK
1779117471.5394757,-0.2588,-0.9659,svc3,self,206.53,26.57,32.38,125,OK
1779117471.544181,-0.2588,-0.9659,svc2,svc3,213.80,30.48,34.56,125,OK
1779117471.5488963,-0.2588,-0.9659,app,svc2,473.90,32.44,35.66,125,OK
1779117471.7607944,-0.2588,-0.9659,svc3,self,206.61,26.57,32.38,125,OK
1779117471.7646713,-0.2588,-0.9659,app,svc3,213.02,32.44,35.66,125,OK
1779117473.0438838,-0.2588,-0.9659,app,self,271.84,32.44,35.66,125,OK
1779117473.2893686,-0.2588,-0.9659,svc1,self,239.26,29.50,34.02,125,OK
1779117473.5448656,-0.2588,-0.9659,svc2,self,250.02,30.48,34.56,125,OK
1779117473.756205,-0.2588,-0.9659,svc3,self,206.50,26.57,32.38,125,OK
1779117473.7600749,-0.2588,-0.9659,svc2,svc3,212.96,30.48,34.56,125,OK
1779117473.764387,-0.2588,-0.9659,svc1,svc2,472.24,29.50,34.02,125,OK
1779117473.7684674,-0.2588,-0.9659,app,svc1,721.68,32.44,35.66,125,OK
1779117474.0232644,-0.2588,-0.9659,svc2,self,249.99,30.48,34.56,125,OK
1779117474.235854,-0.2588,-0.9659,svc3,self,206.53,26.57,32.38,125,OK
1779117474.2393312,-0.2588,-0.9659,svc2,svc3,213.59,30.48,34.56,125,OK
1779117474.2432556,-0.2588,-0.9659,app,svc2,472.53,32.44,35.66,125,OK
1779117474.4553704,-0.2588,-0.9659,svc3,self,206.54,26.57,32.38,125,OK
1779117474.461539,-0.2588,-0.9659,app,svc3,215.44,32.44,35.66,125,OK
1779117475.743376,-0.2588,-0.9659,app,self,271.75,32.44,35.66,125,OK
1779117475.9888482,-0.2588,-0.9659,svc1,self,239.10,29.50,34.02,125,OK
1779117476.2446532,-0.2588,-0.9659,svc2,self,250.28,30.48,34.56,125,OK
1779117476.45653,-0.2588,-0.9659,svc3,self,206.54,26.57,32.38,125,OK
1779117476.4625888,-0.2588,-0.9659,svc2,svc3,215.76,30.48,34.56,125,OK
1779117476.4675546,-0.2588,-0.9659,svc1,svc2,476.65,29.50,34.02,125,OK
1779117476.4716516,-0.2588,-0.9659,app,svc1,724.63,32.44,35.66,125,OK
1779117476.7279181,-0.2588,-0.9659,svc2,self,250.03,30.48,34.56,125,OK
1779117476.9401329,-0.2588,-0.9659,svc3,self,206.53,26.57,32.38,125,OK
1779117476.945774,-0.2588,-0.9659,svc2,svc3,215.02,30.48,34.56,125,OK
1779117476.9503977,-0.2588,-0.9659,app,svc2,476.04,32.44,35.66,125,OK
1779117477.1620371,-0.2588,-0.9659,svc3,self,206.54,26.57,32.38,125,OK
1779117477.1664436,-0.2588,-0.9659,app,svc3,213.67,32.44,35.66,125,OK
1779117478.4539902,-0.2588,-0.9659,app,self,271.77,32.44,35.66,125,OK
1779117478.7006996,-0.2588,-0.9659,svc1,self,239.17,29.50,34.02,125,OK
1779117478.9560032,-0.2588,-0.9659,svc2,self,250.13,30.48,34.56,125,OK
1779117479.1684902,-0.2588,-0.9659,svc3,self,206.63,26.57,32.38,125,OK
1779117479.172766,-0.2588,-0.9659,svc2,svc3,213.70,30.48,34.56,125,OK
1779117479.1766708,-0.2588,-0.9659,svc1,svc2,473.36,29.50,34.02,125,OK
1779117479.1802204,-0.2588,-0.9659,app,svc1,723.11,32.44,35.66,125,OK
1779117479.435314,-0.2588,-0.9659,svc2,self,250.31,30.48,34.56,125,OK
1779117479.64789,-0.2588,-0.9659,svc3,self,206.49,26.57,32.38,125,OK
1779117479.6515055,-0.2588,-0.9659,svc2,svc3,213.05,30.48,34.56,125,OK
1779117479.6551123,-0.2588,-0.9659,app,svc2,472.67,32.44,35.66,125,OK
1779117479.8663807,-0.2588,-0.9659,svc3,self,206.49,26.57,32.38,125,OK
1779117479.8705485,-0.2588,-0.9659,app,svc3,213.19,32.44,35.66,125,OK
1779117481.1472852,-0.2588,-0.9659,app,self,271.69,32.44,35.66,125,OK
1779117481.3913612,-0.2588,-0.9659,svc1,self,239.13,29.50,34.02,125,OK
1779117481.647083,-0.2588,-0.9659,svc2,self,250.34,30.48,34.56,125,OK
1779117481.859368,-0.2588,-0.9659,svc3,self,206.55,26.57,32.38,125,OK
1779117481.864849,-0.2588,-0.9659,svc2,svc3,214.90,30.48,34.56,125,OK
1779117481.8698876,-0.2588,-0.9659,svc1,svc2,476.08,29.50,34.02,125,OK
1779117481.874259,-0.2588,-0.9659,app,svc1,724.68,32.44,35.66,125,OK
1779117482.1310349,-0.2588,-0.9659,svc2,self,249.96,30.48,34.56,125,OK
1779117482.3421686,-0.2588,-0.9659,svc3,self,206.55,26.57,32.38,125,OK
1779117482.3457685,-0.2588,-0.9659,svc2,svc3,212.76,30.48,34.56,125,OK
1779117482.3499494,-0.2588,-0.9659,app,svc2,471.83,32.44,35.66,125,OK
1779117482.5615888,-0.2588,-0.9659,svc3,self,206.59,26.57,32.38,125,OK
1779117482.565182,-0.2588,-0.9659,app,svc3,212.83,32.44,35.66,125,OK
1779117487.1785994,-0.2588,-0.9659,app,self,3500.20,99.00,99.00,2000,Crash
1779117491.688386,-0.2588,-0.9659,app,self,3500.36,99.00,99.00,2000,Crash
1779117496.205545,-0.2588,-0.9659,app,self,3500.20,99.00,99.00,2000,Crash
1779117500.714209,-0.2588,-0.9659,app,self,3500.20,99.00,99.00,2000,Crash
1779117505.2223053,-0.2588,-0.9659,app,self,3500.22,99.00,99.00,2000,Crash
1779117509.758343,-0.2588,-0.9659,app,self,3500.12,99.00,99.00,2000,Crash
1779117514.264021,-0.2588,-0.9659,app,self,3500.20,99.00,99.00,2000,Crash
1779117518.7723687,-0.2588,-0.9659,app,self,3500.24,99.00,99.00,2000,Crash
1779117523.3004918,-0.2588,-0.9659,app,self,3500.22,99.00,99.00,2000,Crash
1779117527.8074458,-0.2588,-0.9659,app,self,3500.20,99.00,99.00,2000,Crash
1779117532.3145976,-0.2588,-0.9659,app,self,3500.17,99.00,99.00,2000,Crash
1779117536.8392384,-0.2588,-0.9659,app,self,3500.17,99.00,99.00,2000,Crash
1779117541.3442419,-0.2588,-0.9659,app,self,3497.93,99.00,99.00,2000,Crash
1779117545.8534052,-0.2588,-0.9659,app,self,3500.19,99.00,99.00,2000,Crash
1779117547.2185013,-0.2588,-0.9659,app,self,251.79,29.51,34.02,110,OK
1779117547.4485097,-0.2588,-0.9659,svc1,self,221.66,26.92,32.58,110,OK
1779117547.6872222,-0.2588,-0.9659,svc2,self,231.74,27.78,33.06,110,OK
1779117547.88496,-0.2588,-0.9659,svc3,self,191.51,24.34,31.13,110,OK
1779117547.8894856,-0.2588,-0.9659,svc2,svc3,199.10,27.78,33.06,110,OK
1779117547.8931308,-0.2588,-0.9659,svc1,svc2,441.96,26.92,32.58,110,OK
1779117547.896752,-0.2588,-0.9659,app,svc1,674.36,29.51,34.02,110,OK
1779117548.1335618,-0.2588,-0.9659,svc2,self,231.84,27.78,33.06,110,OK
1779117548.3314114,-0.2588,-0.9659,svc3,self,191.47,24.34,31.13,110,OK
1779117548.335648,-0.2588,-0.9659,svc2,svc3,198.51,27.78,33.06,110,OK
1779117548.3396823,-0.2588,-0.9659,app,svc2,440.57,29.51,34.02,110,OK
1779117548.536284,-0.2588,-0.9659,svc3,self,191.53,24.34,31.13,110,OK
1779117548.5400875,-0.2588,-0.9659,app,svc3,198.07,29.51,34.02,110,OK
1779117549.799852,-0.2588,-0.9659,app,self,252.21,29.51,34.02,110,OK
1779117550.0271747,-0.2588,-0.9659,svc1,self,221.72,26.92,32.58,110,OK
1779117550.2640867,-0.2588,-0.9659,svc2,self,231.81,27.78,33.06,110,OK
1779117550.4619575,-0.2588,-0.9659,svc3,self,191.49,24.34,31.13,110,OK
1779117550.4657636,-0.2588,-0.9659,svc2,svc3,198.85,27.78,33.06,110,OK
1779117550.4700186,-0.2588,-0.9659,svc1,svc2,440.40,26.92,32.58,110,OK
1779117550.4733882,-0.2588,-0.9659,app,svc1,670.38,29.51,34.02,110,OK
1779117550.710189,-0.2588,-0.9659,svc2,self,231.78,27.78,33.06,110,OK
1779117550.9076495,-0.2588,-0.9659,svc3,self,191.44,24.34,31.13,110,OK
1779117550.911915,-0.2588,-0.9659,svc2,svc3,198.53,27.78,33.06,110,OK
1779117550.915357,-0.2588,-0.9659,app,svc2,439.57,29.51,34.02,110,OK
1779117551.111792,-0.2588,-0.9659,svc3,self,191.43,24.34,31.13,110,OK
1779117551.1152754,-0.2588,-0.9659,app,svc3,197.49,29.51,34.02,110,OK
1779117552.3746343,-0.2588,-0.9659,app,self,251.92,29.51,34.02,110,OK
1779117552.6017418,-0.2588,-0.9659,svc1,self,221.73,26.92,32.58,110,OK
1779117552.8387914,-0.2588,-0.9659,svc2,self,231.76,27.78,33.06,110,OK
1779117553.0355322,-0.2588,-0.9659,svc3,self,191.44,24.34,31.13,110,OK
1779117553.039993,-0.2588,-0.9659,svc2,svc3,198.80,27.78,33.06,110,OK
1779117553.0440593,-0.2588,-0.9659,svc1,svc2,439.72,26.92,32.58,110,OK
1779117553.0479002,-0.2588,-0.9659,app,svc1,670.50,29.51,34.02,110,OK
1779117553.2850156,-0.2588,-0.9659,svc2,self,231.75,27.78,33.06,110,OK
1779117553.4823742,-0.2588,-0.9659,svc3,self,191.46,24.34,31.13,110,OK
1779117553.4866877,-0.2588,-0.9659,svc2,svc3,198.50,27.78,33.06,110,OK
1779117553.4912653,-0.2588,-0.9659,app,svc2,441.05,29.51,34.02,110,OK
1779117553.6887238,-0.2588,-0.9659,svc3,self,191.50,24.34,31.13,110,OK
1779117553.6927552,-0.2588,-0.9659,app,svc3,198.36,29.51,34.02,110,OK
1779117555.0514941,-0.2588,-0.9659,app,self,252.00,29.51,34.02,110,OK
1779117555.28249,-0.2588,-0.9659,svc1,self,221.68,26.92,32.58,110,OK
1779117555.5204191,-0.2588,-0.9659,svc2,self,231.77,27.78,33.06,110,OK
1779117555.7177305,-0.2588,-0.9659,svc3,self,191.60,24.34,31.13,110,OK
1779117555.7214649,-0.2588,-0.9659,svc2,svc3,198.54,27.78,33.06,110,OK
1779117555.7255802,-0.2588,-0.9659,svc1,svc2,439.65,26.92,32.58,110,OK
1779117555.7291422,-0.2588,-0.9659,app,svc1,673.16,29.51,34.02,110,OK
1779117555.9659433,-0.2588,-0.9659,svc2,self,231.95,27.78,33.06,110,OK
1779117556.1627743,-0.2588,-0.9659,svc3,self,191.52,24.34,31.13,110,OK
1779117556.1675436,-0.2588,-0.9659,svc2,svc3,198.97,27.78,33.06,110,OK
1779117556.171177,-0.2588,-0.9659,app,svc2,439.72,29.51,34.02,110,OK
1779117556.3681993,-0.2588,-0.9659,svc3,self,191.44,24.34,31.13,110,OK
1779117556.3717353,-0.2588,-0.9659,app,svc3,198.02,29.51,34.02,110,OK
1779117557.6309965,-0.2588,-0.9659,app,self,252.46,29.51,34.02,110,OK
1779117557.8584297,-0.2588,-0.9659,svc1,self,221.62,26.92,32.58,110,OK
1779117558.0949757,-0.2588,-0.9659,svc2,self,231.79,27.78,33.06,110,OK
1779117558.2928038,-0.2588,-0.9659,svc3,self,191.45,24.34,31.13,110,OK
1779117558.2965379,-0.2588,-0.9659,svc2,svc3,198.11,27.78,33.06,110,OK
1779117558.3001566,-0.2588,-0.9659,svc1,svc2,439.63,26.92,32.58,110,OK
1779117558.304193,-0.2588,-0.9659,app,svc1,670.45,29.51,34.02,110,OK
1779117558.5408869,-0.2588,-0.9659,svc2,self,231.76,27.78,33.06,110,OK
1779117558.7385302,-0.2588,-0.9659,svc3,self,191.47,24.34,31.13,110,OK
1779117558.742652,-0.2588,-0.9659,svc2,svc3,199.00,27.78,33.06,110,OK
1779117558.7461936,-0.2588,-0.9659,app,svc2,439.56,29.51,34.02,110,OK
1779117558.9429207,-0.2588,-0.9659,svc3,self,191.47,24.34,31.13,110,OK
1779117558.9467967,-0.2588,-0.9659,app,svc3,198.35,29.51,34.02,110,OK
1779117560.2064357,-0.2588,-0.9659,app,self,251.91,29.51,34.02,110,OK
1779117560.4341917,-0.2588,-0.9659,svc1,self,221.90,26.92,32.58,110,OK
1779117560.6719203,-0.2588,-0.9659,svc2,self,231.79,27.78,33.06,110,OK
1779117560.8690617,-0.2588,-0.9659,svc3,self,191.50,24.34,31.13,110,OK
1779117560.8725855,-0.2588,-0.9659,svc2,svc3,197.78,27.78,33.06,110,OK
1779117560.8768485,-0.2588,-0.9659,svc1,svc2,439.31,26.92,32.58,110,OK
1779117560.8807087,-0.2588,-0.9659,app,svc1,671.14,29.51,34.02,110,OK
1779117561.118045,-0.2588,-0.9659,svc2,self,231.72,27.78,33.06,110,OK
1779117561.3154507,-0.2588,-0.9659,svc3,self,191.48,24.34,31.13,110,OK
1779117561.3199222,-0.2588,-0.9659,svc2,svc3,198.92,27.78,33.06,110,OK
1779117561.3238301,-0.2588,-0.9659,app,svc2,440.66,29.51,34.02,110,OK
1779117561.5207398,-0.2588,-0.9659,svc3,self,191.52,24.34,31.13,110,OK
1779117561.524609,-0.2588,-0.9659,app,svc3,197.91,29.51,34.02,110,OK
1779117562.786899,-0.2588,-0.9659,app,self,251.89,29.51,34.02,110,OK
1779117563.0137181,-0.2588,-0.9659,svc1,self,221.74,26.92,32.58,110,OK
1779117563.2509542,-0.2588,-0.9659,svc2,self,231.74,27.78,33.06,110,OK
1779117563.4478383,-0.2588,-0.9659,svc3,self,191.48,24.34,31.13,110,OK
1779117563.4527273,-0.2588,-0.9659,svc2,svc3,199.16,27.78,33.06,110,OK
1779117563.456438,-0.2588,-0.9659,svc1,svc2,440.53,26.92,32.58,110,OK
1779117563.4604225,-0.2588,-0.9659,app,svc1,671.34,29.51,34.02,110,OK
1779117563.6971004,-0.2588,-0.9659,svc2,self,231.80,27.78,33.06,110,OK
1779117563.8946705,-0.2588,-0.9659,svc3,self,191.51,24.34,31.13,110,OK
1779117563.8985586,-0.2588,-0.9659,svc2,svc3,198.38,27.78,33.06,110,OK
1779117563.902621,-0.2588,-0.9659,app,svc2,439.83,29.51,34.02,110,OK
1779117564.0992045,-0.2588,-0.9659,svc3,self,191.50,24.34,31.13,110,OK
1779117564.1035922,-0.2588,-0.9659,app,svc3,198.62,29.51,34.02,110,OK
1779117565.3636327,-0.2588,-0.9659,app,self,251.85,29.51,34.02,110,OK
1779117565.59175,-0.2588,-0.9659,svc1,self,221.73,26.92,32.58,110,OK
1779117565.8284805,-0.2588,-0.9659,svc2,self,231.75,27.78,33.06,110,OK
1779117566.0257215,-0.2588,-0.9659,svc3,self,191.49,24.34,31.13,110,OK
1779117566.0295978,-0.2588,-0.9659,svc2,svc3,198.25,27.78,33.06,110,OK
1779117566.0334878,-0.2588,-0.9659,svc1,svc2,439.21,26.92,32.58,110,OK
1779117566.0377924,-0.2588,-0.9659,app,svc1,671.10,29.51,34.02,110,OK
1779117566.2752924,-0.2588,-0.9659,svc2,self,232.07,27.78,33.06,110,OK
1779117566.4722798,-0.2588,-0.9659,svc3,self,191.52,24.34,31.13,110,OK
1779117566.4762692,-0.2588,-0.9659,svc2,svc3,197.96,27.78,33.06,110,OK
1779117566.479817,-0.2588,-0.9659,app,svc2,439.37,29.51,34.02,110,OK
1779117566.6763778,-0.2588,-0.9659,svc3,self,191.48,24.34,31.13,110,OK
1779117566.6805098,-0.2588,-0.9659,app,svc3,198.13,29.51,34.02,110,OK
1779117567.981772,-0.2588,-0.9659,app,self,251.92,29.51,34.02,110,OK
1779117568.2092998,-0.2588,-0.9659,svc1,self,221.68,26.92,32.58,110,OK
1779117568.4472923,-0.2588,-0.9659,svc2,self,231.73,27.78,33.06,110,OK
1779117568.6433203,-0.2588,-0.9659,svc3,self,191.42,24.34,31.13,110,OK
1779117568.6469553,-0.2588,-0.9659,svc2,svc3,197.79,27.78,33.06,110,OK
1779117568.650974,-0.2588,-0.9659,svc1,svc2,438.68,26.92,32.58,110,OK
1779117568.655203,-0.2588,-0.9659,app,svc1,670.26,29.51,34.02,110,OK
1779117568.8922358,-0.2588,-0.9659,svc2,self,231.73,27.78,33.06,110,OK
1779117569.0888743,-0.2588,-0.9659,svc3,self,191.61,24.34,31.13,110,OK
1779117569.0930464,-0.2588,-0.9659,svc2,svc3,198.17,27.78,33.06,110,OK
1779117569.096632,-0.2588,-0.9659,app,svc2,438.88,29.51,34.02,110,OK
1779117569.2931762,-0.2588,-0.9659,svc3,self,191.60,24.34,31.13,110,OK
1779117569.2970526,-0.2588,-0.9659,app,svc3,198.07,29.51,34.02,110,OK
1779117570.5547285,-0.2588,-0.9659,app,self,250.07,29.51,34.02,110,OK
1779117570.7830114,-0.2588,-0.9659,svc1,self,221.73,26.92,32.58,110,OK
1779117571.020355,-0.2588,-0.9659,svc2,self,231.70,27.78,33.06,110,OK
1779117571.216753,-0.2588,-0.9659,svc3,self,191.43,24.34,31.13,110,OK
1779117571.220233,-0.2588,-0.9659,svc2,svc3,197.74,27.78,33.06,110,OK
1779117571.2240832,-0.2588,-0.9659,svc1,svc2,438.71,26.92,32.58,110,OK
1779117571.2290325,-0.2588,-0.9659,app,svc1,671.18,29.51,34.02,110,OK
1779117571.4665453,-0.2588,-0.9659,svc2,self,231.74,27.78,33.06,110,OK
1779117571.6628754,-0.2588,-0.9659,svc3,self,191.53,24.34,31.13,110,OK
1779117571.6678588,-0.2588,-0.9659,svc2,svc3,199.09,27.78,33.06,110,OK
1779117571.6716614,-0.2588,-0.9659,app,svc2,439.88,29.51,34.02,110,OK
1779117571.8679647,-0.2588,-0.9659,svc3,self,191.51,24.34,31.13,110,OK
1779117571.8716984,-0.2588,-0.9659,app,svc3,197.68,29.51,34.02,110,OK
1779117573.1321518,-0.2588,-0.9659,app,self,252.18,29.51,34.02,110,OK
1779117573.3596408,-0.2588,-0.9659,svc1,self,221.62,26.92,32.58,110,OK
1779117573.5990732,-0.2588,-0.9659,svc2,self,231.78,27.78,33.06,110,OK
1779117573.7971005,-0.2588,-0.9659,svc3,self,191.95,24.34,31.13,110,OK
1779117573.8012733,-0.2588,-0.9659,svc2,svc3,199.40,27.78,33.06,110,OK
1779117573.8068488,-0.2588,-0.9659,svc1,svc2,442.69,26.92,32.58,110,OK
1779117573.810545,-0.2588,-0.9659,app,svc1,675.32,29.51,34.02,110,OK
1779117574.0469482,-0.2588,-0.9659,svc2,self,231.77,27.78,33.06,110,OK
1779117574.2446153,-0.2588,-0.9659,svc3,self,191.51,24.34,31.13,110,OK
1779117574.2494085,-0.2588,-0.9659,svc2,svc3,199.65,27.78,33.06,110,OK
1779117574.2538908,-0.2588,-0.9659,app,svc2,441.06,29.51,34.02,110,OK
1779117574.4507294,-0.2588,-0.9659,svc3,self,191.51,24.34,31.13,110,OK
1779117574.4585629,-0.2588,-0.9659,app,svc3,202.02,29.51,34.02,110,OK
1779117575.7689703,-0.2588,-0.9659,app,self,251.89,29.51,34.02,110,OK
1779117575.9957616,-0.2588,-0.9659,svc1,self,221.73,26.92,32.58,110,OK
1779117576.2338445,-0.2588,-0.9659,svc2,self,231.77,27.78,33.06,110,OK
1779117576.4334853,-0.2588,-0.9659,svc3,self,191.53,24.34,31.13,110,OK
1779117576.4374483,-0.2588,-0.9659,svc2,svc3,198.64,27.78,33.06,110,OK
1779117576.4411075,-0.2588,-0.9659,svc1,svc2,442.29,26.92,32.58,110,OK
1779117576.444237,-0.2588,-0.9659,app,svc1,673.18,29.51,34.02,110,OK
1779117576.6808357,-0.2588,-0.9659,svc2,self,231.71,27.78,33.06,110,OK
1779117576.8785582,-0.2588,-0.9659,svc3,self,191.44,24.34,31.13,110,OK
1779117576.8826811,-0.2588,-0.9659,svc2,svc3,198.78,27.78,33.06,110,OK
1779117576.8868852,-0.2588,-0.9659,app,svc2,440.34,29.51,34.02,110,OK
1779117577.0836546,-0.2588,-0.9659,svc3,self,191.47,24.34,31.13,110,OK
1779117577.0872138,-0.2588,-0.9659,app,svc3,197.72,29.51,34.02,110,OK
1779117578.3467233,-0.2588,-0.9659,app,self,252.07,29.51,34.02,110,OK
1779117578.5742486,-0.2588,-0.9659,svc1,self,221.78,26.92,32.58,110,OK
1779117578.810603,-0.2588,-0.9659,svc2,self,231.72,27.78,33.06,110,OK
1779117579.011763,-0.2588,-0.9659,svc3,self,191.42,24.34,31.13,110,OK
1779117579.0154192,-0.2588,-0.9659,svc2,svc3,199.56,27.78,33.06,110,OK
1779117579.0206914,-0.2588,-0.9659,svc1,svc2,444.49,26.92,32.58,110,OK
1779117579.025308,-0.2588,-0.9659,app,svc1,675.63,29.51,34.02,110,OK
1779117579.2628372,-0.2588,-0.9659,svc2,self,231.84,27.78,33.06,110,OK
1779117579.4604638,-0.2588,-0.9659,svc3,self,191.49,24.34,31.13,110,OK
1779117579.4641511,-0.2588,-0.9659,svc2,svc3,198.09,27.78,33.06,110,OK
1779117579.468309,-0.2588,-0.9659,app,svc2,440.18,29.51,34.02,110,OK
1779117579.6649091,-0.2588,-0.9659,svc3,self,191.43,24.34,31.13,110,OK
1779117579.6687822,-0.2588,-0.9659,app,svc3,197.99,29.51,34.02,110,OK
1779117580.927576,-0.2588,-0.9659,app,self,251.94,29.51,34.02,110,OK
1779117581.1547496,-0.2588,-0.9659,svc1,self,221.66,26.92,32.58,110,OK
1779117581.3977134,-0.2588,-0.9659,svc2,self,231.75,27.78,33.06,110,OK
1779117581.596841,-0.2588,-0.9659,svc3,self,191.44,24.34,31.13,110,OK
1779117581.6023464,-0.2588,-0.9659,svc2,svc3,200.26,27.78,33.06,110,OK
1779117581.6068218,-0.2588,-0.9659,svc1,svc2,444.48,26.92,32.58,110,OK
1779117581.6107428,-0.2588,-0.9659,app,svc1,680.76,29.51,34.02,110,OK
1779117581.8487437,-0.2588,-0.9659,svc2,self,231.73,27.78,33.06,110,OK
1779117582.046085,-0.2588,-0.9659,svc3,self,191.52,24.34,31.13,110,OK
1779117582.0508268,-0.2588,-0.9659,svc2,svc3,199.31,27.78,33.06,110,OK
1779117582.055239,-0.2588,-0.9659,app,svc2,441.55,29.51,34.02,110,OK
1779117582.2518775,-0.2588,-0.9659,svc3,self,191.49,24.34,31.13,110,OK
1779117582.2563047,-0.2588,-0.9659,app,svc3,198.50,29.51,34.02,110,OK
1779117583.5231683,-0.2588,-0.9659,app,self,251.88,29.51,34.02,110,OK
1779117583.7509773,-0.2588,-0.9659,svc1,self,221.71,26.92,32.58,110,OK
1779117583.9879808,-0.2588,-0.9659,svc2,self,231.77,27.78,33.06,110,OK
1779117584.1847384,-0.2588,-0.9659,svc3,self,191.51,24.34,31.13,110,OK
1779117584.1888638,-0.2588,-0.9659,svc2,svc3,198.51,27.78,33.06,110,OK
1779117584.1927183,-0.2588,-0.9659,svc1,svc2,439.56,26.92,32.58,110,OK
1779117584.1960166,-0.2588,-0.9659,app,svc1,670.19,29.51,34.02,110,OK
1779117584.432561,-0.2588,-0.9659,svc2,self,231.73,27.78,33.06,110,OK
1779117584.6314247,-0.2588,-0.9659,svc3,self,191.46,24.34,31.13,110,OK
1779117584.6359353,-0.2588,-0.9659,svc2,svc3,199.93,27.78,33.06,110,OK
1779117584.6396039,-0.2588,-0.9659,app,svc2,441.35,29.51,34.02,110,OK
1779117584.8362489,-0.2588,-0.9659,svc3,self,191.43,24.34,31.13,110,OK
1779117584.840041,-0.2588,-0.9659,app,svc3,197.99,29.51,34.02,110,OK
1779117586.0993383,-0.2588,-0.9659,app,self,252.28,29.51,34.02,110,OK
1779117586.3268,-0.2588,-0.9659,svc1,self,221.64,26.92,32.58,110,OK
1779117586.5634372,-0.2588,-0.9659,svc2,self,231.95,27.78,33.06,110,OK
1779117586.7608774,-0.2588,-0.9659,svc3,self,191.48,24.34,31.13,110,OK
1779117586.7650676,-0.2588,-0.9659,svc2,svc3,198.36,27.78,33.06,110,OK
1779117586.769144,-0.2588,-0.9659,svc1,svc2,440.21,26.92,32.58,110,OK
1779117586.772767,-0.2588,-0.9659,app,svc1,670.28,29.51,34.02,110,OK
1779117587.0093257,-0.2588,-0.9659,svc2,self,231.71,27.78,33.06,110,OK
1779117587.2056184,-0.2588,-0.9659,svc3,self,191.47,24.34,31.13,110,OK
1779117587.2093003,-0.2588,-0.9659,svc2,svc3,197.89,27.78,33.06,110,OK
1779117587.2134352,-0.2588,-0.9659,app,svc2,438.37,29.51,34.02,110,OK
1779117587.411947,-0.2588,-0.9659,svc3,self,191.45,24.34,31.13,110,OK
1779117587.4167502,-0.2588,-0.9659,app,svc3,199.82,29.51,34.02,110,OK
1779117588.690982,-0.2588,-0.9659,app,self,251.92,29.51,34.02,110,OK
1779117588.918109,-0.2588,-0.9659,svc1,self,221.67,26.92,32.58,110,OK
1779117589.1550791,-0.2588,-0.9659,svc2,self,231.80,27.78,33.06,110,OK
1779117589.3520465,-0.2588,-0.9659,svc3,self,191.54,24.34,31.13,110,OK
1779117589.3570635,-0.2588,-0.9659,svc2,svc3,199.32,27.78,33.06,110,OK
1779117589.360992,-0.2588,-0.9659,svc1,svc2,440.43,26.92,32.58,110,OK
1779117589.3648348,-0.2588,-0.9659,app,svc1,671.10,29.51,34.02,110,OK
1779117589.6016393,-0.2588,-0.9659,svc2,self,231.73,27.78,33.06,110,OK
1779117589.7978237,-0.2588,-0.9659,svc3,self,191.49,24.34,31.13,110,OK
1779117589.8026142,-0.2588,-0.9659,svc2,svc3,198.93,27.78,33.06,110,OK
1779117589.8065968,-0.2588,-0.9659,app,svc2,439.05,29.51,34.02,110,OK
1779117590.0030248,-0.2588,-0.9659,svc3,self,191.46,24.34,31.13,110,OK
1779117590.0066988,-0.2588,-0.9659,app,svc3,197.63,29.51,34.02,110,OK
1779117591.2667105,-0.2588,-0.9659,app,self,251.86,29.51,34.02,110,OK
1779117591.4928863,-0.2588,-0.9659,svc1,self,221.64,26.92,32.58,110,OK
1779117591.7302887,-0.2588,-0.9659,svc2,self,231.76,27.78,33.06,110,OK
1779117591.9276462,-0.2588,-0.9659,svc3,self,191.44,24.34,31.13,110,OK
1779117591.9314256,-0.2588,-0.9659,svc2,svc3,198.21,27.78,33.06,110,OK
1779117591.93629,-0.2588,-0.9659,svc1,svc2,440.95,26.92,32.58,110,OK
1779117591.9402592,-0.2588,-0.9659,app,svc1,671.57,29.51,34.02,110,OK
1779117592.1770823,-0.2588,-0.9659,svc2,self,231.77,27.78,33.06,110,OK
1779117592.3740513,-0.2588,-0.9659,svc3,self,191.51,24.34,31.13,110,OK
1779117592.378409,-0.2588,-0.9659,svc2,svc3,198.50,27.78,33.06,110,OK
1779117592.3823225,-0.2588,-0.9659,app,svc2,439.66,29.51,34.02,110,OK
1779117592.5790646,-0.2588,-0.9659,svc3,self,191.48,24.34,31.13,110,OK
1779117592.5840058,-0.2588,-0.9659,app,svc3,199.14,29.51,34.02,110,OK
1779117593.8951788,-0.2588,-0.9659,app,self,304.77,37.32,38.39,150,OK
1779117594.1692462,-0.2588,-0.9659,svc1,self,268.23,33.81,36.42,150,OK
1779117594.4548376,-0.2588,-0.9659,svc2,self,280.36,34.98,37.08,150,OK
1779117594.6951177,-0.2588,-0.9659,svc3,self,232.17,30.29,34.45,150,OK
1779117594.6992204,-0.2588,-0.9659,svc2,svc3,240.22,34.98,37.08,150,OK
1779117594.7030995,-0.2588,-0.9659,svc1,svc2,531.22,33.81,36.42,150,OK
1779117594.7062073,-0.2588,-0.9659,app,svc1,808.09,37.32,38.39,150,OK
1779117594.991451,-0.2588,-0.9659,svc2,self,280.49,34.98,37.08,150,OK
1779117595.22895,-0.2588,-0.9659,svc3,self,231.63,30.29,34.45,150,OK
1779117595.2326458,-0.2588,-0.9659,svc2,svc3,237.94,34.98,37.08,150,OK
1779117595.2367845,-0.2588,-0.9659,app,svc2,528.42,37.32,38.39,150,OK
1779117595.4738257,-0.2588,-0.9659,svc3,self,231.77,30.29,34.45,150,OK
1779117595.477968,-0.2588,-0.9659,app,svc3,238.94,37.32,38.39,150,OK
1779117596.8601198,-0.2588,-0.9659,app,self,304.83,37.32,38.39,150,OK
1779117597.134646,-0.2588,-0.9659,svc1,self,268.21,33.81,36.42,150,OK
1779117597.4215817,-0.2588,-0.9659,svc2,self,280.37,34.98,37.08,150,OK
1779117597.6580927,-0.2588,-0.9659,svc3,self,231.62,30.29,34.45,150,OK
1779117597.662408,-0.2588,-0.9659,svc2,svc3,238.74,34.98,37.08,150,OK
1779117597.671957,-0.2588,-0.9659,svc1,svc2,534.84,33.81,36.42,150,OK
1779117597.6818676,-0.2588,-0.9659,app,svc1,818.41,37.32,38.39,150,OK
1779117597.9715772,-0.2588,-0.9659,svc2,self,280.43,34.98,37.08,150,OK
1779117598.208456,-0.2588,-0.9659,svc3,self,231.67,30.29,34.45,150,OK
1779117598.2129812,-0.2588,-0.9659,svc2,svc3,238.97,34.98,37.08,150,OK
1779117598.2172885,-0.2588,-0.9659,app,svc2,529.80,37.32,38.39,150,OK
1779117598.4542077,-0.2588,-0.9659,svc3,self,231.62,30.29,34.45,150,OK
1779117598.458077,-0.2588,-0.9659,app,svc3,238.08,37.32,38.39,150,OK
1779117599.7713132,-0.2588,-0.9659,app,self,304.78,37.32,38.39,150,OK
1779117600.04455,-0.2588,-0.9659,svc1,self,268.30,33.81,36.42,150,OK
1779117600.33108,-0.2588,-0.9659,svc2,self,280.71,34.98,37.08,150,OK
1779117600.5670993,-0.2588,-0.9659,svc3,self,229.47,30.29,34.45,150,OK
1779117600.571067,-0.2588,-0.9659,svc2,svc3,237.12,34.98,37.08,150,OK
1779117600.5746095,-0.2588,-0.9659,svc1,svc2,527.01,33.81,36.42,150,OK
1779117600.5780292,-0.2588,-0.9659,app,svc1,804.54,37.32,38.39,150,OK
1779117600.863374,-0.2588,-0.9659,svc2,self,280.42,34.98,37.08,150,OK
1779117601.1002994,-0.2588,-0.9659,svc3,self,231.70,30.29,34.45,150,OK
1779117601.1064544,-0.2588,-0.9659,svc2,svc3,240.53,34.98,37.08,150,OK
1779117601.110254,-0.2588,-0.9659,app,svc2,529.98,37.32,38.39,150,OK
1779117601.3470907,-0.2588,-0.9659,svc3,self,231.68,30.29,34.45,150,OK
1779117601.3507872,-0.2588,-0.9659,app,svc3,238.07,37.32,38.39,150,OK
1779117602.6919186,-0.2588,-0.9659,app,self,304.82,37.32,38.39,150,OK
1779117602.966424,-0.2588,-0.9659,svc1,self,268.23,33.81,36.42,150,OK
1779117603.2525396,-0.2588,-0.9659,svc2,self,280.67,34.98,37.08,150,OK
1779117603.4894366,-0.2588,-0.9659,svc3,self,231.75,30.29,34.45,150,OK
1779117603.4938715,-0.2588,-0.9659,svc2,svc3,238.70,34.98,37.08,150,OK
1779117603.49853,-0.2588,-0.9659,svc1,svc2,529.59,33.81,36.42,150,OK
1779117603.502129,-0.2588,-0.9659,app,svc1,806.89,37.32,38.39,150,OK
1779117603.787537,-0.2588,-0.9659,svc2,self,280.39,34.98,37.08,150,OK
1779117604.0247073,-0.2588,-0.9659,svc3,self,231.72,30.29,34.45,150,OK
1779117604.0285063,-0.2588,-0.9659,svc2,svc3,238.19,34.98,37.08,150,OK
1779117604.0337634,-0.2588,-0.9659,app,svc2,529.08,37.32,38.39,150,OK
1779117604.2708495,-0.2588,-0.9659,svc3,self,231.79,30.29,34.45,150,OK
1779117604.2746613,-0.2588,-0.9659,app,svc3,238.30,37.32,38.39,150,OK
1779117605.5868845,-0.2588,-0.9659,app,self,304.79,37.32,38.39,150,OK
1779117605.8603585,-0.2588,-0.9659,svc1,self,268.28,33.81,36.42,150,OK
1779117606.1462026,-0.2588,-0.9659,svc2,self,280.42,34.98,37.08,150,OK
1779117606.3835914,-0.2588,-0.9659,svc3,self,231.69,30.29,34.45,150,OK
1779117606.3880556,-0.2588,-0.9659,svc2,svc3,239.14,34.98,37.08,150,OK
1779117606.391578,-0.2588,-0.9659,svc1,svc2,528.55,33.81,36.42,150,OK
1779117606.395061,-0.2588,-0.9659,app,svc1,806.00,37.32,38.39,150,OK
1779117606.6807792,-0.2588,-0.9659,svc2,self,280.38,34.98,37.08,150,OK
1779117606.9192758,-0.2588,-0.9659,svc3,self,231.70,30.29,34.45,150,OK
1779117606.9236126,-0.2588,-0.9659,svc2,svc3,239.86,34.98,37.08,150,OK
1779117606.9271464,-0.2588,-0.9659,app,svc2,529.61,37.32,38.39,150,OK
1779117607.163831,-0.2588,-0.9659,svc3,self,231.68,30.29,34.45,150,OK
1779117607.1674674,-0.2588,-0.9659,app,svc3,237.67,37.32,38.39,150,OK
1779117608.4805906,-0.2588,-0.9659,app,self,304.79,37.32,38.39,150,OK
1779117608.7539053,-0.2588,-0.9659,svc1,self,268.28,33.81,36.42,150,OK
1779117609.0401113,-0.2588,-0.9659,svc2,self,280.38,34.98,37.08,150,OK
1779117609.2778986,-0.2588,-0.9659,svc3,self,231.74,30.29,34.45,150,OK
1779117609.2819505,-0.2588,-0.9659,svc2,svc3,239.08,34.98,37.08,150,OK
1779117609.2856557,-0.2588,-0.9659,svc1,svc2,529.46,33.81,36.42,150,OK
1779117609.2890463,-0.2588,-0.9659,app,svc1,806.31,37.32,38.39,150,OK
1779117609.5738347,-0.2588,-0.9659,svc2,self,280.36,34.98,37.08,150,OK
1779117609.811542,-0.2588,-0.9659,svc3,self,231.67,30.29,34.45,150,OK
1779117609.8164406,-0.2588,-0.9659,svc2,svc3,239.68,34.98,37.08,150,OK
1779117609.820328,-0.2588,-0.9659,app,svc2,529.21,37.32,38.39,150,OK
1779117610.0570142,-0.2588,-0.9659,svc3,self,231.67,30.29,34.45,150,OK
1779117610.0625114,-0.2588,-0.9659,app,svc3,239.81,37.32,38.39,150,OK
1779117611.3936534,-0.2588,-0.9659,app,self,304.94,37.32,38.39,150,OK
1779117611.6682315,-0.2588,-0.9659,svc1,self,268.24,33.81,36.42,150,OK
1779117611.954575,-0.2588,-0.9659,svc2,self,280.55,34.98,37.08,150,OK
1779117612.1925597,-0.2588,-0.9659,svc3,self,231.83,30.29,34.45,150,OK
1779117612.1967847,-0.2588,-0.9659,svc2,svc3,238.94,34.98,37.08,150,OK
1779117612.2004063,-0.2588,-0.9659,svc1,svc2,529.17,33.81,36.42,150,OK
1779117612.2043812,-0.2588,-0.9659,app,svc1,807.07,37.32,38.39,150,OK
1779117612.4897797,-0.2588,-0.9659,svc2,self,280.44,34.98,37.08,150,OK
1779117612.726867,-0.2588,-0.9659,svc3,self,231.71,30.29,34.45,150,OK
1779117612.7316475,-0.2588,-0.9659,svc2,svc3,239.38,34.98,37.08,150,OK
1779117612.7354453,-0.2588,-0.9659,app,svc2,528.57,37.32,38.39,150,OK
1779117612.9727404,-0.2588,-0.9659,svc3,self,232.01,30.29,34.45,150,OK
1779117612.9768503,-0.2588,-0.9659,app,svc3,238.94,37.32,38.39,150,OK
1779117614.2893686,-0.2588,-0.9659,app,self,304.82,37.32,38.39,150,OK
1779117614.5638542,-0.2588,-0.9659,svc1,self,268.20,33.81,36.42,150,OK
1779117614.850998,-0.2588,-0.9659,svc2,self,280.62,34.98,37.08,150,OK
1779117615.088465,-0.2588,-0.9659,svc3,self,231.77,30.29,34.45,150,OK
1779117615.0929239,-0.2588,-0.9659,svc2,svc3,239.26,34.98,37.08,150,OK
1779117615.09696,-0.2588,-0.9659,svc1,svc2,529.30,33.81,36.42,150,OK
1779117615.1004078,-0.2588,-0.9659,app,svc1,808.24,37.32,38.39,150,OK
1779117615.3854473,-0.2588,-0.9659,svc2,self,280.46,34.98,37.08,150,OK
1779117615.623636,-0.2588,-0.9659,svc3,self,231.66,30.29,34.45,150,OK
1779117615.626764,-0.2588,-0.9659,svc2,svc3,238.04,34.98,37.08,150,OK
1779117615.6306908,-0.2588,-0.9659,app,svc2,528.10,37.32,38.39,150,OK
1779117615.867289,-0.2588,-0.9659,svc3,self,231.76,30.29,34.45,150,OK
1779117615.8711572,-0.2588,-0.9659,app,svc3,238.19,37.32,38.39,150,OK
1779117617.2112563,-0.2588,-0.9659,app,self,304.91,37.32,38.39,150,OK
1779117617.4860663,-0.2588,-0.9659,svc1,self,268.45,33.81,36.42,150,OK
1779117617.772308,-0.2588,-0.9659,svc2,self,280.37,34.98,37.08,150,OK
1779117618.0161254,-0.2588,-0.9659,svc3,self,231.74,30.29,34.45,150,OK
1779117618.020374,-0.2588,-0.9659,svc2,svc3,240.64,34.98,37.08,150,OK
1779117618.0243344,-0.2588,-0.9659,svc1,svc2,535.15,33.81,36.42,150,OK
1779117618.0279694,-0.2588,-0.9659,app,svc1,813.00,37.32,38.39,150,OK
1779117618.3137047,-0.2588,-0.9659,svc2,self,280.47,34.98,37.08,150,OK
1779117618.5510943,-0.2588,-0.9659,svc3,self,231.67,30.29,34.45,150,OK
1779117618.5553753,-0.2588,-0.9659,svc2,svc3,239.54,34.98,37.08,150,OK
1779117618.5594294,-0.2588,-0.9659,app,svc2,528.54,37.32,38.39,150,OK
1779117618.7971747,-0.2588,-0.9659,svc3,self,231.67,30.29,34.45,150,OK
1779117618.8009636,-0.2588,-0.9659,app,svc3,238.58,37.32,38.39,150,OK
1779117620.1129677,-0.2588,-0.9659,app,self,304.74,37.32,38.39,150,OK
1779117620.3872313,-0.2588,-0.9659,svc1,self,268.27,33.81,36.42,150,OK
1779117620.6738212,-0.2588,-0.9659,svc2,self,280.47,34.98,37.08,150,OK
1779117620.9112773,-0.2588,-0.9659,svc3,self,231.86,30.29,34.45,150,OK
1779117620.9150763,-0.2588,-0.9659,svc2,svc3,238.50,34.98,37.08,150,OK
1779117620.9191208,-0.2588,-0.9659,svc1,svc2,528.71,33.81,36.42,150,OK
1779117620.922658,-0.2588,-0.9659,app,svc1,807.10,37.32,38.39,150,OK
1779117621.207791,-0.2588,-0.9659,svc2,self,280.44,34.98,37.08,150,OK
1779117621.4445612,-0.2588,-0.9659,svc3,self,231.76,30.29,34.45,150,OK
1779117621.4491255,-0.2588,-0.9659,svc2,svc3,238.85,34.98,37.08,150,OK
1779117621.4528198,-0.2588,-0.9659,app,svc2,527.87,37.32,38.39,150,OK
1779117621.6891034,-0.2588,-0.9659,svc3,self,231.75,30.29,34.45,150,OK
1779117621.6928432,-0.2588,-0.9659,app,svc3,237.89,37.32,38.39,150,OK
1779117623.0046349,-0.2588,-0.9659,app,self,304.84,37.32,38.39,150,OK
1779117623.2791624,-0.2588,-0.9659,svc1,self,268.34,33.81,36.42,150,OK
1779117623.564504,-0.2588,-0.9659,svc2,self,280.42,34.98,37.08,150,OK
1779117623.8015988,-0.2588,-0.9659,svc3,self,231.69,30.29,34.45,150,OK
1779117623.8051412,-0.2588,-0.9659,svc2,svc3,238.16,34.98,37.08,150,OK
1779117623.8090243,-0.2588,-0.9659,svc1,svc2,527.48,33.81,36.42,150,OK
1779117623.8127086,-0.2588,-0.9659,app,svc1,805.06,37.32,38.39,150,OK
1779117624.098526,-0.2588,-0.9659,svc2,self,280.42,34.98,37.08,150,OK
1779117624.3353877,-0.2588,-0.9659,svc3,self,231.67,30.29,34.45,150,OK
1779117624.339848,-0.2588,-0.9659,svc2,svc3,238.92,34.98,37.08,150,OK
1779117624.3440561,-0.2588,-0.9659,app,svc2,528.52,37.32,38.39,150,OK
1779117624.5818563,-0.2588,-0.9659,svc3,self,231.65,30.29,34.45,150,OK
1779117624.5868018,-0.2588,-0.9659,app,svc3,239.20,37.32,38.39,150,OK
1779117625.9121833,-0.2588,-0.9659,app,self,304.77,37.32,38.39,150,OK
1779117626.1854453,-0.2588,-0.9659,svc1,self,268.17,33.81,36.42,150,OK
1779117626.470931,-0.2588,-0.9659,svc2,self,280.43,34.98,37.08,150,OK
1779117626.7081358,-0.2588,-0.9659,svc3,self,231.62,30.29,34.45,150,OK
1779117626.7131517,-0.2588,-0.9659,svc2,svc3,239.18,34.98,37.08,150,OK
1779117626.71796,-0.2588,-0.9659,svc1,svc2,530.20,33.81,36.42,150,OK
1779117626.7220716,-0.2588,-0.9659,app,svc1,807.42,37.32,38.39,150,OK
1779117627.0091047,-0.2588,-0.9659,svc2,self,280.62,34.98,37.08,150,OK
1779117627.2467082,-0.2588,-0.9659,svc3,self,231.79,30.29,34.45,150,OK
1779117627.2508023,-0.2588,-0.9659,svc2,svc3,239.21,34.98,37.08,150,OK
1779117627.2544625,-0.2588,-0.9659,app,svc2,529.52,37.32,38.39,150,OK
1779117627.4908078,-0.2588,-0.9659,svc3,self,231.62,30.29,34.45,150,OK
1779117627.495611,-0.2588,-0.9659,app,svc3,238.81,37.32,38.39,150,OK
1779117628.8085728,-0.2588,-0.9659,app,self,304.73,37.32,38.39,150,OK
1779117629.0822651,-0.2588,-0.9659,svc1,self,268.31,33.81,36.42,150,OK
1779117629.3682172,-0.2588,-0.9659,svc2,self,280.49,34.98,37.08,150,OK
1779117629.6059594,-0.2588,-0.9659,svc3,self,231.79,30.29,34.45,150,OK
1779117629.6106155,-0.2588,-0.9659,svc2,svc3,239.45,34.98,37.08,150,OK
1779117629.6147351,-0.2588,-0.9659,svc1,svc2,529.76,33.81,36.42,150,OK
1779117629.6182353,-0.2588,-0.9659,app,svc1,807.50,37.32,38.39,150,OK
1779117629.903797,-0.2588,-0.9659,svc2,self,280.72,34.98,37.08,150,OK
1779117630.1405597,-0.2588,-0.9659,svc3,self,231.64,30.29,34.45,150,OK
1779117630.1439106,-0.2588,-0.9659,svc2,svc3,237.49,34.98,37.08,150,OK
1779117630.1478066,-0.2588,-0.9659,app,svc2,527.22,37.32,38.39,150,OK
1779117630.3842335,-0.2588,-0.9659,svc3,self,231.63,30.29,34.45,150,OK
1779117630.388362,-0.2588,-0.9659,app,svc3,238.14,37.32,38.39,150,OK
1779117631.812543,-0.2588,-0.9659,app,self,304.75,37.32,38.39,150,OK
1779117632.0875292,-0.2588,-0.9659,svc1,self,268.24,33.81,36.42,150,OK
1779117632.373682,-0.2588,-0.9659,svc2,self,280.37,34.98,37.08,150,OK
1779117632.611139,-0.2588,-0.9659,svc3,self,231.70,30.29,34.45,150,OK
1779117632.6147392,-0.2588,-0.9659,svc2,svc3,238.62,34.98,37.08,150,OK
1779117632.6185334,-0.2588,-0.9659,svc1,svc2,528.13,33.81,36.42,150,OK
1779117632.6219347,-0.2588,-0.9659,app,svc1,805.69,37.32,38.39,150,OK
1779117632.907057,-0.2588,-0.9659,svc2,self,280.40,34.98,37.08,150,OK
1779117633.1453822,-0.2588,-0.9659,svc3,self,231.67,30.29,34.45,150,OK
1779117633.1492255,-0.2588,-0.9659,svc2,svc3,238.08,34.98,37.08,150,OK
1779117633.1530688,-0.2588,-0.9659,app,svc2,528.92,37.32,38.39,150,OK
1779117633.3902266,-0.2588,-0.9659,svc3,self,231.98,30.29,34.45,150,OK
1779117633.3944013,-0.2588,-0.9659,app,svc3,238.84,37.32,38.39,150,OK
1779117634.7063112,-0.2588,-0.9659,app,self,305.22,37.32,38.39,150,OK
1779117634.9807835,-0.2588,-0.9659,svc1,self,268.27,33.81,36.42,150,OK
1779117635.2663414,-0.2588,-0.9659,svc2,self,280.39,34.98,37.08,150,OK
1779117635.5035346,-0.2588,-0.9659,svc3,self,231.70,30.29,34.45,150,OK
1779117635.508683,-0.2588,-0.9659,svc2,svc3,239.98,34.98,37.08,150,OK
1779117635.513423,-0.2588,-0.9659,svc1,svc2,529.98,33.81,36.42,150,OK
1779117635.5171704,-0.2588,-0.9659,app,svc1,808.28,37.32,38.39,150,OK
1779117635.8022313,-0.2588,-0.9659,svc2,self,280.41,34.98,37.08,150,OK
1779117636.040023,-0.2588,-0.9659,svc3,self,231.89,30.29,34.45,150,OK
1779117636.0451765,-0.2588,-0.9659,svc2,svc3,240.42,34.98,37.08,150,OK
1779117636.0497265,-0.2588,-0.9659,app,svc2,530.25,37.32,38.39,150,OK
1779117636.2870939,-0.2588,-0.9659,svc3,self,231.67,30.29,34.45,150,OK
1779117636.291557,-0.2588,-0.9659,app,svc3,238.56,37.32,38.39,150,OK
1779117637.6046193,-0.2588,-0.9659,app,self,304.82,37.32,38.39,150,OK
1779117637.8786654,-0.2588,-0.9659,svc1,self,268.21,33.81,36.42,150,OK
1779117638.164378,-0.2588,-0.9659,svc2,self,280.42,34.98,37.08,150,OK
1779117638.4015572,-0.2588,-0.9659,svc3,self,231.65,30.29,34.45,150,OK
1779117638.4049816,-0.2588,-0.9659,svc2,svc3,238.25,34.98,37.08,150,OK
1779117638.409251,-0.2588,-0.9659,svc1,svc2,528.24,33.81,36.42,150,OK
1779117638.4142926,-0.2588,-0.9659,app,svc1,806.85,37.32,38.39,150,OK
1779117638.7003088,-0.2588,-0.9659,svc2,self,280.39,34.98,37.08,150,OK
1779117638.9412286,-0.2588,-0.9659,svc3,self,231.65,30.29,34.45,150,OK
1779117638.947144,-0.2588,-0.9659,svc2,svc3,241.52,34.98,37.08,150,OK
1779117638.953443,-0.2588,-0.9659,app,svc2,536.37,37.32,38.39,150,OK
1779117639.195457,-0.2588,-0.9659,svc3,self,231.65,30.29,34.45,150,OK
1779117639.1993818,-0.2588,-0.9659,app,svc3,240.91,37.32,38.39,150,OK
1779117640.5466657,-0.2588,-0.9659,app,self,304.79,37.32,38.39,150,OK
1779117640.8205838,-0.2588,-0.9659,svc1,self,268.24,33.81,36.42,150,OK
1779117641.1067464,-0.2588,-0.9659,svc2,self,280.37,34.98,37.08,150,OK
1779117641.3448324,-0.2588,-0.9659,svc3,self,231.65,30.29,34.45,150,OK
1779117641.3487618,-0.2588,-0.9659,svc2,svc3,238.27,34.98,37.08,150,OK
1779117641.3529818,-0.2588,-0.9659,svc1,svc2,529.30,33.81,36.42,150,OK
1779117641.3570137,-0.2588,-0.9659,app,svc1,807.62,37.32,38.39,150,OK
1779117641.6426685,-0.2588,-0.9659,svc2,self,280.47,34.98,37.08,150,OK
1779117641.879985,-0.2588,-0.9659,svc3,self,231.63,30.29,34.45,150,OK
1779117641.8833592,-0.2588,-0.9659,svc2,svc3,238.10,34.98,37.08,150,OK
1779117641.8877046,-0.2588,-0.9659,app,svc2,528.41,37.32,38.39,150,OK
1779117642.1266358,-0.2588,-0.9659,svc3,self,231.63,30.29,34.45,150,OK
1779117642.1305044,-0.2588,-0.9659,app,svc3,238.90,37.32,38.39,150,OK
1779117643.4424024,-0.2588,-0.9659,app,self,305.08,37.32,38.39,150,OK
1779117643.716731,-0.2588,-0.9659,svc1,self,268.44,33.81,36.42,150,OK
1779117644.0027416,-0.2588,-0.9659,svc2,self,280.46,34.98,37.08,150,OK
1779117644.2401237,-0.2588,-0.9659,svc3,self,231.68,30.29,34.45,150,OK
1779117644.245493,-0.2588,-0.9659,svc2,svc3,239.82,34.98,37.08,150,OK
1779117644.2494736,-0.2588,-0.9659,svc1,svc2,529.87,33.81,36.42,150,OK
1779117644.2529607,-0.2588,-0.9659,app,svc1,807.59,37.32,38.39,150,OK
1779117644.5379517,-0.2588,-0.9659,svc2,self,280.42,34.98,37.08,150,OK
1779117644.7778437,-0.2588,-0.9659,svc3,self,231.64,30.29,34.45,150,OK
1779117644.7810178,-0.2588,-0.9659,svc2,svc3,238.48,34.98,37.08,150,OK
1779117644.7845418,-0.2588,-0.9659,app,svc2,529.43,37.32,38.39,150,OK
1779117645.0208375,-0.2588,-0.9659,svc3,self,231.70,30.29,34.45,150,OK
1779117645.0242457,-0.2588,-0.9659,app,svc3,237.52,37.32,38.39,150,OK
1779117646.3724275,-0.2588,-0.9659,app,self,304.73,37.32,38.39,150,OK
1779117646.6457891,-0.2588,-0.9659,svc1,self,268.22,33.81,36.42,150,OK
1779117646.9313436,-0.2588,-0.9659,svc2,self,280.37,34.98,37.08,150,OK
1779117647.167414,-0.2588,-0.9659,svc3,self,231.79,30.29,34.45,150,OK
1779117647.171618,-0.2588,-0.9659,svc2,svc3,238.73,34.98,37.08,150,OK
1779117647.1758087,-0.2588,-0.9659,svc1,svc2,527.96,33.81,36.42,150,OK
1779117647.1812682,-0.2588,-0.9659,app,svc1,806.79,37.32,38.39,150,OK
1779117647.4682279,-0.2588,-0.9659,svc2,self,280.45,34.98,37.08,150,OK
1779117647.70572,-0.2588,-0.9659,svc3,self,231.77,30.29,34.45,150,OK
1779117647.7096293,-0.2588,-0.9659,svc2,svc3,238.48,34.98,37.08,150,OK
1779117647.7140152,-0.2588,-0.9659,app,svc2,529.27,37.32,38.39,150,OK
1779117647.9501925,-0.2588,-0.9659,svc3,self,231.79,30.29,34.45,150,OK
1779117647.9544344,-0.2588,-0.9659,app,svc3,238.43,37.32,38.39,150,OK
1779117649.2668314,-0.2588,-0.9659,app,self,304.95,37.32,38.39,150,OK
1779117649.541103,-0.2588,-0.9659,svc1,self,268.21,33.81,36.42,150,OK
1779117649.8274033,-0.2588,-0.9659,svc2,self,280.47,34.98,37.08,150,OK
1779117650.064158,-0.2588,-0.9659,svc3,self,231.62,30.29,34.45,150,OK
1779117650.0682878,-0.2588,-0.9659,svc2,svc3,238.34,34.98,37.08,150,OK
1779117650.0721333,-0.2588,-0.9659,svc1,svc2,527.87,33.81,36.42,150,OK
1779117650.0758395,-0.2588,-0.9659,app,svc1,806.41,37.32,38.39,150,OK
1779117650.3610005,-0.2588,-0.9659,svc2,self,280.40,34.98,37.08,150,OK
1779117650.5983052,-0.2588,-0.9659,svc3,self,231.64,30.29,34.45,150,OK
1779117650.6021724,-0.2588,-0.9659,svc2,svc3,238.37,34.98,37.08,150,OK
1779117650.6062837,-0.2588,-0.9659,app,svc2,528.03,37.32,38.39,150,OK
1779117650.8426032,-0.2588,-0.9659,svc3,self,231.68,30.29,34.45,150,OK
1779117650.846678,-0.2588,-0.9659,app,svc3,238.42,37.32,38.39,150,OK
1779117652.1594827,-0.2588,-0.9659,app,self,304.82,37.32,38.39,150,OK
1779117652.4335012,-0.2588,-0.9659,svc1,self,268.56,33.81,36.42,150,OK
1779117652.7196763,-0.2588,-0.9659,svc2,self,280.39,34.98,37.08,150,OK
1779117652.95671,-0.2588,-0.9659,svc3,self,231.67,30.29,34.45,150,OK
1779117652.9612596,-0.2588,-0.9659,svc2,svc3,239.56,34.98,37.08,150,OK
1779117652.964981,-0.2588,-0.9659,svc1,svc2,528.60,33.81,36.42,150,OK
1779117652.9694161,-0.2588,-0.9659,app,svc1,807.09,37.32,38.39,150,OK
1779117653.255125,-0.2588,-0.9659,svc2,self,280.48,34.98,37.08,150,OK
1779117653.4927325,-0.2588,-0.9659,svc3,self,231.72,30.29,34.45,150,OK
1779117653.497044,-0.2588,-0.9659,svc2,svc3,239.23,34.98,37.08,150,OK
1779117653.5008185,-0.2588,-0.9659,app,svc2,528.81,37.32,38.39,150,OK
1779117653.7376244,-0.2588,-0.9659,svc3,self,231.68,30.29,34.45,150,OK
1779117653.7420435,-0.2588,-0.9659,app,svc3,238.86,37.32,38.39,150,OK
1779117655.0807986,-0.2588,-0.9659,app,self,304.87,37.32,38.39,150,OK
1779117655.355025,-0.2588,-0.9659,svc1,self,268.19,33.81,36.42,150,OK
1779117655.6412318,-0.2588,-0.9659,svc2,self,280.37,34.98,37.08,150,OK
1779117655.8791933,-0.2588,-0.9659,svc3,self,231.69,30.29,34.45,150,OK
1779117655.8831437,-0.2588,-0.9659,svc2,svc3,239.01,34.98,37.08,150,OK
1779117655.886526,-0.2588,-0.9659,svc1,svc2,528.88,33.81,36.42,150,OK
1779117655.8900554,-0.2588,-0.9659,app,svc1,806.52,37.32,38.39,150,OK
1779117656.176094,-0.2588,-0.9659,svc2,self,280.40,34.98,37.08,150,OK
1779117656.4130898,-0.2588,-0.9659,svc3,self,231.77,30.29,34.45,150,OK
1779117656.4170575,-0.2588,-0.9659,svc2,svc3,238.98,34.98,37.08,150,OK
1779117656.420991,-0.2588,-0.9659,app,svc2,528.33,37.32,38.39,150,OK
1779117656.6578066,-0.2588,-0.9659,svc3,self,231.65,30.29,34.45,150,OK
1779117656.6615446,-0.2588,-0.9659,app,svc3,238.13,37.32,38.39,150,OK
1779117657.9735477,-0.2588,-0.9659,app,self,304.76,37.32,38.39,150,OK
1779117658.2474601,-0.2588,-0.9659,svc1,self,268.21,33.81,36.42,150,OK
1779117658.5332184,-0.2588,-0.9659,svc2,self,280.64,34.98,37.08,150,OK
1779117658.7708282,-0.2588,-0.9659,svc3,self,232.04,30.29,34.45,150,OK
1779117658.775142,-0.2588,-0.9659,svc2,svc3,238.88,34.98,37.08,150,OK
1779117658.7789748,-0.2588,-0.9659,svc1,svc2,529.38,33.81,36.42,150,OK
1779117658.7822974,-0.2588,-0.9659,app,svc1,805.65,37.32,38.39,150,OK
1779117659.0677967,-0.2588,-0.9659,svc2,self,280.37,34.98,37.08,150,OK
1779117659.3049836,-0.2588,-0.9659,svc3,self,231.64,30.29,34.45,150,OK
1779117659.3091848,-0.2588,-0.9659,svc2,svc3,238.71,34.98,37.08,150,OK
1779117659.3129265,-0.2588,-0.9659,app,svc2,528.09,37.32,38.39,150,OK
1779117659.5493836,-0.2588,-0.9659,svc3,self,231.63,30.29,34.45,150,OK
1779117659.5533676,-0.2588,-0.9659,app,svc3,238.20,37.32,38.39,150,OK
1779117664.0804071,-0.2588,-0.9659,app,self,3500.11,99.00,99.00,1500,Crash
1779117668.5887444,-0.2588,-0.9659,app,self,3500.15,99.00,99.00,1500,Crash
1779117673.10959,-0.2588,-0.9659,app,self,3500.15,99.00,99.00,1500,Crash
1779117677.616163,-0.2588,-0.9659,app,self,3500.11,99.00,99.00,1500,Crash
1779117682.1241858,-0.2588,-0.9659,app,self,3500.21,99.00,99.00,1500,Crash
1779117686.694539,-0.2588,-0.9659,app,self,3500.14,99.00,99.00,1500,Crash
1779117691.2017562,-0.2588,-0.9659,app,self,3498.38,99.00,99.00,1500,Crash
1779117695.710914,-0.2588,-0.9659,app,self,3500.13,99.00,99.00,1500,Crash
1779117700.250855,-0.2588,-0.9659,app,self,3500.22,99.00,99.00,1500,Crash
1779117704.7587311,-0.2588,-0.9659,app,self,3500.15,99.00,99.00,1500,Crash
